{
	"format_version": "1.12.0",
	"minecraft:geometry": [
		{
			"description": {
				"identifier": "geometry.darkaurora",
				"texture_width": 64,
				"texture_height": 64,
				"visible_bounds_width": 6,
				"visible_bounds_height": 3,
				"visible_bounds_offset": [0, 1.5, 0]
			},
			"bones": [
				{
					"name": "root",
					"pivot": [0, 0, 0]
				},
				{
					"name": "waist",
					"parent": "root",
					"pivot": [0, 12, 0]
				},
				{
					"name": "body",
					"parent": "waist",
					"pivot": [0, 24, 0],
					"cubes": [
						{"origin": [-4, 12, -2], "size": [8, 12, 4], "uv": [16, 16]}
					]
				},
				{
					"name": "Wings",
					"parent": "body",
					"pivot": [0, 0, 0],
					"rotation": [0, -7.5, 0],
					"cubes": [
						{"origin": [1, 20, 2], "size": [1, 1, 1], "uv": [0, 0]},
						{"origin": [2, 21, 2], "size": [1, 1, 1], "uv": [0, 0]},
						{"origin": [3, 22, 2], "size": [1, 1, 1], "uv": [0, 0]},
						{"origin": [4, 24, 2], "size": [1, 1, 1], "uv": [0, 0]},
						{"origin": [5, 24, 2], "size": [1, 1, 1], "uv": [0, 0]},
						{"origin": [6, 24, 2], "size": [1, 1, 1], "uv": [0, 0]},
						{"origin": [7, 25, 2], "size": [1, 1, 1], "uv": [0, 0]},
						{"origin": [8, 25, 2], "size": [1, 1, 1], "uv": [0, 0]},
						{"origin": [9, 26, 2], "size": [1, 1, 1], "uv": [0, 0]},
						{"origin": [10, 26, 2], "size": [1, 1, 1], "uv": [0, 0]},
						{"origin": [11, 26, 2], "size": [1, 1, 1], "uv": [0, 0]},
						{"origin": [12, 26, 2], "size": [1, 1, 1], "uv": [0, 0]},
						{"origin": [13, 26, 2], "size": [1, 1, 1], "uv": [0, 0]},
						{"origin": [14, 27, 2], "size": [1, 1, 1], "uv": [0, 0]},
						{"origin": [15, 27, 2], "size": [1, 1, 1], "uv": [0, 0]},
						{"origin": [16, 27, 2], "size": [1, 1, 1], "uv": [0, 0]},
						{"origin": [17, 27, 2], "size": [1, 1, 1], "uv": [0, 0]},
						{"origin": [18, 28, 2], "size": [1, 1, 1], "uv": [0, 0]},
						{"origin": [19, 28, 2], "size": [1, 1, 1], "uv": [0, 0]},
						{"origin": [20, 28, 2], "size": [1, 1, 1], "uv": [0, 0]},
						{"origin": [21, 28, 2], "size": [1, 1, 1], "uv": [0, 0]},
						{"origin": [21, 27, 2], "size": [1, 1, 1], "uv": [0, 2]},
						{"origin": [20, 27, 2], "size": [1, 1, 1], "uv": [0, 2]},
						{"origin": [19, 27, 2], "size": [1, 1, 1], "uv": [0, 2]},
						{"origin": [19, 26, 2], "size": [1, 1, 1], "uv": [4, 2]},
						{"origin": [18, 26, 2], "size": [1, 1, 1], "uv": [4, 2]},
						{"origin": [18, 25, 2], "size": [1, 1, 1], "uv": [4, 2]},
						{"origin": [17, 25, 2], "size": [1, 1, 1], "uv": [4, 2]},
						{"origin": [15, 25, 2], "size": [1, 1, 1], "uv": [4, 2]},
						{"origin": [15, 24, 2], "size": [1, 1, 1], "uv": [4, 2]},
						{"origin": [16, 24, 2], "size": [1, 1, 1], "uv": [4, 2]},
						{"origin": [14, 24, 2], "size": [1, 1, 1], "uv": [4, 2]},
						{"origin": [14, 23, 2], "size": [1, 1, 1], "uv": [4, 2]},
						{"origin": [15, 23, 2], "size": [1, 1, 1], "uv": [4, 2]},
						{"origin": [13, 23, 2], "size": [1, 1, 1], "uv": [4, 2]},
						{"origin": [12, 23, 2], "size": [1, 1, 1], "uv": [4, 2]},
						{"origin": [11, 23, 2], "size": [1, 1, 1], "uv": [4, 2]},
						{"origin": [11, 22, 2], "size": [1, 1, 1], "uv": [4, 2]},
						{"origin": [12, 22, 2], "size": [1, 1, 1], "uv": [4, 2]},
						{"origin": [13, 22, 2], "size": [1, 1, 1], "uv": [4, 2]},
						{"origin": [11, 21, 2], "size": [1, 1, 1], "uv": [4, 2]},
						{"origin": [10, 21, 2], "size": [1, 1, 1], "uv": [4, 2]},
						{"origin": [9, 21, 2], "size": [1, 1, 1], "uv": [4, 2]},
						{"origin": [8, 21, 2], "size": [1, 1, 1], "uv": [4, 2]},
						{"origin": [8, 20, 2], "size": [1, 1, 1], "uv": [4, 2]},
						{"origin": [7, 19, 2], "size": [1, 1, 1], "uv": [4, 2]},
						{"origin": [4, 19, 2], "size": [1, 1, 1], "uv": [4, 2]},
						{"origin": [4, 20, 2], "size": [1, 1, 1], "uv": [4, 2]},
						{"origin": [3, 20, 2], "size": [1, 1, 1], "uv": [4, 2]},
						{"origin": [3, 19, 2], "size": [1, 1, 1], "uv": [4, 2]},
						{"origin": [3, 21, 2], "size": [1, 1, 1], "uv": [4, 2]},
						{"origin": [3, 18, 2], "size": [1, 1, 1], "uv": [4, 2]},
						{"origin": [4, 18, 2], "size": [1, 1, 1], "uv": [4, 2]},
						{"origin": [4, 17, 2], "size": [1, 1, 1], "uv": [4, 2]},
						{"origin": [4, 16, 2], "size": [1, 1, 1], "uv": [4, 2]},
						{"origin": [4, 15, 2], "size": [1, 1, 1], "uv": [4, 2]},
						{"origin": [4, 14, 2], "size": [1, 1, 1], "uv": [4, 2]},
						{"origin": [4, 13, 2], "size": [1, 1, 1], "uv": [4, 2]},
						{"origin": [5, 13, 2], "size": [1, 1, 1], "uv": [4, 2]},
						{"origin": [5, 12, 2], "size": [1, 1, 1], "uv": [4, 2]},
						{"origin": [5, 11, 2], "size": [1, 1, 1], "uv": [4, 2]},
						{"origin": [5, 10, 2], "size": [1, 1, 1], "uv": [4, 2]},
						{"origin": [2, 9, 2], "size": [1, 1, 1], "uv": [4, 2]},
						{"origin": [1, 10, 2], "size": [1, 1, 1], "uv": [4, 2]},
						{"origin": [1, 11, 2], "size": [1, 1, 1], "uv": [4, 2]},
						{"origin": [7, 20, 2], "size": [1, 1, 1], "uv": [4, 2]},
						{"origin": [9, 20, 2], "size": [1, 1, 1], "uv": [4, 2]},
						{"origin": [10, 20, 2], "size": [1, 1, 1], "uv": [4, 2]},
						{"origin": [10, 22, 2], "size": [1, 1, 1], "uv": [4, 2]},
						{"origin": [9, 22, 2], "size": [1, 1, 1], "uv": [4, 2]},
						{"origin": [8, 19, 2], "size": [1, 1, 1], "uv": [4, 2]},
						{"origin": [18, 27, 2], "size": [1, 1, 1], "uv": [0, 2]},
						{"origin": [17, 26, 2], "size": [1, 1, 1], "uv": [0, 2]},
						{"origin": [16, 26, 2], "size": [1, 1, 1], "uv": [0, 2]},
						{"origin": [15, 26, 2], "size": [1, 1, 1], "uv": [0, 2]},
						{"origin": [14, 26, 2], "size": [1, 1, 1], "uv": [0, 2]},
						{"origin": [13, 25, 2], "size": [1, 1, 1], "uv": [0, 2]},
						{"origin": [12, 25, 2], "size": [1, 1, 1], "uv": [0, 2]},
						{"origin": [11, 25, 2], "size": [1, 1, 1], "uv": [0, 2]},
						{"origin": [10, 25, 2], "size": [1, 1, 1], "uv": [0, 2]},
						{"origin": [9, 25, 2], "size": [1, 1, 1], "uv": [0, 2]},
						{"origin": [8, 24, 2], "size": [1, 1, 1], "uv": [0, 2]},
						{"origin": [8, 23, 2], "size": [1, 1, 1], "uv": [0, 2]},
						{"origin": [7, 24, 2], "size": [1, 1, 1], "uv": [0, 2]},
						{"origin": [6, 23, 2], "size": [1, 1, 1], "uv": [0, 2]},
						{"origin": [5, 23, 2], "size": [1, 1, 1], "uv": [0, 2]},
						{"origin": [5, 21, 2], "size": [1, 1, 1], "uv": [0, 2]},
						{"origin": [5, 22, 2], "size": [1, 1, 1], "uv": [0, 2]},
						{"origin": [6, 22, 2], "size": [1, 1, 1], "uv": [0, 2]},
						{"origin": [6, 21, 2], "size": [1, 1, 1], "uv": [0, 2]},
						{"origin": [6, 20, 2], "size": [1, 1, 1], "uv": [0, 2]},
						{"origin": [7, 21, 2], "size": [1, 1, 1], "uv": [0, 2]},
						{"origin": [7, 22, 2], "size": [1, 1, 1], "uv": [0, 2]},
						{"origin": [7, 23, 2], "size": [1, 1, 1], "uv": [0, 2]},
						{"origin": [8, 22, 2], "size": [1, 1, 1], "uv": [0, 2]},
						{"origin": [9, 23, 2], "size": [1, 1, 1], "uv": [0, 2]},
						{"origin": [9, 24, 2], "size": [1, 1, 1], "uv": [0, 2]},
						{"origin": [10, 23, 2], "size": [1, 1, 1], "uv": [0, 2]},
						{"origin": [10, 24, 2], "size": [1, 1, 1], "uv": [0, 2]},
						{"origin": [11, 24, 2], "size": [1, 1, 1], "uv": [0, 2]},
						{"origin": [12, 24, 2], "size": [1, 1, 1], "uv": [0, 2]},
						{"origin": [13, 24, 2], "size": [1, 1, 1], "uv": [0, 2]},
						{"origin": [14, 25, 2], "size": [1, 1, 1], "uv": [0, 2]},
						{"origin": [16, 25, 2], "size": [1, 1, 1], "uv": [0, 2]},
						{"origin": [2, 20, 2], "size": [1, 1, 1], "uv": [0, 2]},
						{"origin": [2, 19, 2], "size": [1, 1, 1], "uv": [0, 2]},
						{"origin": [2, 18, 2], "size": [1, 1, 1], "uv": [0, 2]},
						{"origin": [3, 17, 2], "size": [1, 1, 1], "uv": [0, 2]},
						{"origin": [3, 16, 2], "size": [1, 1, 1], "uv": [0, 2]},
						{"origin": [3, 15, 2], "size": [1, 1, 1], "uv": [0, 2]},
						{"origin": [3, 14, 2], "size": [1, 1, 1], "uv": [0, 2]},
						{"origin": [3, 13, 2], "size": [1, 1, 1], "uv": [0, 2]},
						{"origin": [2, 11, 2], "size": [1, 1, 1], "uv": [0, 2]},
						{"origin": [2, 10, 2], "size": [1, 1, 1], "uv": [0, 2]},
						{"origin": [3, 9, 2], "size": [1, 1, 1], "uv": [0, 2]},
						{"origin": [1, 12, 2], "size": [1, 1, 1], "uv": [0, 2]},
						{"origin": [2, 12, 2], "size": [1, 1, 1], "uv": [0, 2]},
						{"origin": [1, 19, 2], "size": [1, 1, 1], "uv": [0, 0]},
						{"origin": [1, 18, 2], "size": [1, 1, 1], "uv": [0, 0]},
						{"origin": [2, 17, 2], "size": [1, 1, 1], "uv": [0, 0]},
						{"origin": [2, 16, 2], "size": [1, 1, 1], "uv": [0, 0]},
						{"origin": [2, 15, 2], "size": [1, 1, 1], "uv": [0, 0]},
						{"origin": [2, 14, 2], "size": [1, 1, 1], "uv": [0, 0]},
						{"origin": [2, 13, 2], "size": [1, 1, 1], "uv": [0, 0]},
						{"origin": [3, 12, 2], "size": [1, 1, 1], "uv": [0, 0]},
						{"origin": [3, 11, 2], "size": [1, 1, 1], "uv": [0, 0]},
						{"origin": [3, 10, 2], "size": [1, 1, 1], "uv": [0, 0]},
						{"origin": [4, 9, 2], "size": [1, 1, 1], "uv": [0, 0]},
						{"origin": [5, 8, 2], "size": [1, 1, 1], "uv": [0, 0]},
						{"origin": [1, 8, 2], "size": [1, 1, 1], "uv": [4, 0]},
						{"origin": [2, 7, 2], "size": [1, 1, 1], "uv": [4, 0]},
						{"origin": [3, 7, 2], "size": [1, 1, 1], "uv": [4, 0]},
						{"origin": [3, 6, 2], "size": [1, 1, 1], "uv": [24, 0]},
						{"origin": [6, 5, 2], "size": [1, 1, 1], "uv": [4, 4]},
						{"origin": [7, 5, 2], "size": [1, 1, 1], "uv": [0, 6]},
						{"origin": [8, 4, 2], "size": [1, 1, 1], "uv": [4, 6]},
						{"origin": [8, 5, 2], "size": [1, 1, 1], "uv": [4, 6]},
						{"origin": [8, 6, 2], "size": [1, 1, 1], "uv": [4, 6]},
						{"origin": [9, 7, 2], "size": [1, 1, 1], "uv": [4, 6]},
						{"origin": [9, 8, 2], "size": [1, 1, 1], "uv": [4, 6]},
						{"origin": [9, 9, 2], "size": [1, 1, 1], "uv": [4, 6]},
						{"origin": [10, 9, 2], "size": [1, 1, 1], "uv": [36, 0]},
						{"origin": [10, 8, 2], "size": [1, 1, 1], "uv": [36, 0]},
						{"origin": [10, 7, 2], "size": [1, 1, 1], "uv": [36, 0]},
						{"origin": [10, 6, 2], "size": [1, 1, 1], "uv": [36, 0]},
						{"origin": [9, 6, 2], "size": [1, 1, 1], "uv": [36, 0]},
						{"origin": [9, 5, 2], "size": [1, 1, 1], "uv": [36, 0]},
						{"origin": [9, 4, 2], "size": [1, 1, 1], "uv": [36, 0]},
						{"origin": [9, 3, 2], "size": [1, 1, 1], "uv": [36, 0]},
						{"origin": [10, 3, 2], "size": [1, 1, 1], "uv": [36, 0]},
						{"origin": [10, 4, 2], "size": [1, 1, 1], "uv": [36, 0]},
						{"origin": [10, 5, 2], "size": [1, 1, 1], "uv": [36, 0]},
						{"origin": [11, 7, 2], "size": [1, 1, 1], "uv": [36, 0]},
						{"origin": [11, 8, 2], "size": [1, 1, 1], "uv": [36, 0]},
						{"origin": [12, 8, 2], "size": [1, 1, 1], "uv": [32, 0]},
						{"origin": [12, 7, 2], "size": [1, 1, 1], "uv": [32, 0]},
						{"origin": [11, 6, 2], "size": [1, 1, 1], "uv": [32, 0]},
						{"origin": [11, 5, 2], "size": [1, 1, 1], "uv": [32, 0]},
						{"origin": [11, 4, 2], "size": [1, 1, 1], "uv": [32, 0]},
						{"origin": [11, 4, 2], "size": [1, 1, 1], "uv": [32, 0]},
						{"origin": [11, 3, 2], "size": [1, 1, 1], "uv": [32, 0]},
						{"origin": [11, 2, 2], "size": [1, 1, 1], "uv": [32, 0]},
						{"origin": [12, 2, 2], "size": [1, 1, 1], "uv": [32, 0]},
						{"origin": [12, 1, 2], "size": [1, 1, 1], "uv": [32, 0]},
						{"origin": [13, 6, 2], "size": [1, 1, 1], "uv": [32, 0]},
						{"origin": [13, 7, 2], "size": [1, 1, 1], "uv": [32, 0]},
						{"origin": [13, 8, 2], "size": [1, 1, 1], "uv": [32, 0]},
						{"origin": [14, 8, 2], "size": [1, 1, 1], "uv": [32, 0]},
						{"origin": [14, 6, 2], "size": [1, 1, 1], "uv": [32, 0]},
						{"origin": [14, 5, 2], "size": [1, 1, 1], "uv": [32, 0]},
						{"origin": [15, 5, 2], "size": [1, 1, 1], "uv": [28, 0]},
						{"origin": [16, 5, 2], "size": [1, 1, 1], "uv": [28, 0]},
						{"origin": [16, 6, 2], "size": [1, 1, 1], "uv": [28, 0]},
						{"origin": [15, 6, 2], "size": [1, 1, 1], "uv": [28, 0]},
						{"origin": [15, 7, 2], "size": [1, 1, 1], "uv": [28, 0]},
						{"origin": [15, 8, 2], "size": [1, 1, 1], "uv": [28, 0]},
						{"origin": [16, 7, 2], "size": [1, 1, 1], "uv": [28, 0]},
						{"origin": [17, 7, 2], "size": [1, 1, 1], "uv": [28, 0]},
						{"origin": [17, 6, 2], "size": [1, 1, 1], "uv": [28, 0]},
						{"origin": [17, 5, 2], "size": [1, 1, 1], "uv": [24, 0]},
						{"origin": [18, 6, 2], "size": [1, 1, 1], "uv": [24, 0]},
						{"origin": [18, 7, 2], "size": [1, 1, 1], "uv": [24, 0]},
						{"origin": [19, 7, 2], "size": [1, 1, 1], "uv": [24, 0]},
						{"origin": [19, 6, 2], "size": [1, 1, 1], "uv": [24, 0]},
						{"origin": [19, 5, 2], "size": [1, 1, 1], "uv": [24, 0]},
						{"origin": [19, 4, 2], "size": [1, 1, 1], "uv": [24, 0]},
						{"origin": [18, 4, 2], "size": [1, 1, 1], "uv": [24, 0]},
						{"origin": [17, 4, 2], "size": [1, 1, 1], "uv": [24, 0]},
						{"origin": [18, 5, 2], "size": [1, 1, 1], "uv": [24, 0]},
						{"origin": [20, 5, 2], "size": [1, 1, 1], "uv": [24, 0]},
						{"origin": [20, 4, 2], "size": [1, 1, 1], "uv": [24, 0]},
						{"origin": [19, 3, 2], "size": [1, 1, 1], "uv": [24, 0]},
						{"origin": [20, 3, 2], "size": [1, 1, 1], "uv": [24, 0]},
						{"origin": [21, 3, 2], "size": [1, 1, 1], "uv": [24, 0]},
						{"origin": [22, 2, 2], "size": [1, 1, 1], "uv": [24, 0]},
						{"origin": [21, 2, 2], "size": [1, 1, 1], "uv": [24, 0]},
						{"origin": [14, 7, 2], "size": [1, 1, 1], "uv": [32, 0]},
						{"origin": [7, 6, 2], "size": [1, 1, 1], "uv": [0, 6]},
						{"origin": [8, 7, 2], "size": [1, 1, 1], "uv": [0, 6]},
						{"origin": [8, 8, 2], "size": [1, 1, 1], "uv": [0, 6]},
						{"origin": [8, 9, 2], "size": [1, 1, 1], "uv": [0, 6]},
						{"origin": [8, 12, 2], "size": [1, 1, 1], "uv": [4, 4]},
						{"origin": [8, 11, 2], "size": [1, 1, 1], "uv": [4, 4]},
						{"origin": [9, 11, 2], "size": [1, 1, 1], "uv": [4, 4]},
						{"origin": [10, 11, 2], "size": [1, 1, 1], "uv": [0, 6]},
						{"origin": [11, 11, 2], "size": [1, 1, 1], "uv": [0, 6]},
						{"origin": [11, 10, 2], "size": [1, 1, 1], "uv": [0, 6]},
						{"origin": [12, 10, 2], "size": [1, 1, 1], "uv": [0, 6]},
						{"origin": [12, 11, 2], "size": [1, 1, 1], "uv": [0, 6]},
						{"origin": [13, 10, 2], "size": [1, 1, 1], "uv": [0, 6]},
						{"origin": [13, 11, 2], "size": [1, 1, 1], "uv": [4, 6]},
						{"origin": [14, 10, 2], "size": [1, 1, 1], "uv": [4, 6]},
						{"origin": [15, 10, 2], "size": [1, 1, 1], "uv": [4, 6]},
						{"origin": [16, 10, 2], "size": [1, 1, 1], "uv": [4, 6]},
						{"origin": [16, 9, 2], "size": [1, 1, 1], "uv": [4, 6]},
						{"origin": [17, 10, 2], "size": [1, 1, 1], "uv": [36, 0]},
						{"origin": [18, 10, 2], "size": [1, 1, 1], "uv": [36, 0]},
						{"origin": [19, 10, 2], "size": [1, 1, 1], "uv": [32, 0]},
						{"origin": [19, 9, 2], "size": [1, 1, 1], "uv": [32, 0]},
						{"origin": [18, 9, 2], "size": [1, 1, 1], "uv": [36, 0]},
						{"origin": [20, 10, 2], "size": [1, 1, 1], "uv": [32, 0]},
						{"origin": [21, 8, 2], "size": [1, 1, 1], "uv": [32, 0]},
						{"origin": [21, 9, 2], "size": [1, 1, 1], "uv": [28, 0]},
						{"origin": [21, 10, 2], "size": [1, 1, 1], "uv": [28, 0]},
						{"origin": [22, 10, 2], "size": [1, 1, 1], "uv": [28, 0]},
						{"origin": [22, 9, 2], "size": [1, 1, 1], "uv": [28, 0]},
						{"origin": [23, 9, 2], "size": [1, 1, 1], "uv": [28, 0]},
						{"origin": [23, 8, 2], "size": [1, 1, 1], "uv": [24, 0]},
						{"origin": [24, 8, 2], "size": [1, 1, 1], "uv": [24, 0]},
						{"origin": [25, 7, 2], "size": [1, 1, 1], "uv": [24, 0]},
						{"origin": [22, 8, 2], "size": [1, 1, 1], "uv": [28, 0]},
						{"origin": [20, 8, 2], "size": [1, 1, 1], "uv": [32, 0]},
						{"origin": [20, 9, 2], "size": [1, 1, 1], "uv": [32, 0]},
						{"origin": [17, 9, 2], "size": [1, 1, 1], "uv": [36, 0]},
						{"origin": [7, 7, 2], "size": [1, 1, 1], "uv": [4, 4]},
						{"origin": [7, 8, 2], "size": [1, 1, 1], "uv": [4, 4]},
						{"origin": [7, 9, 2], "size": [1, 1, 1], "uv": [4, 4]},
						{"origin": [6, 6, 2], "size": [1, 1, 1], "uv": [4, 4]},
						{"origin": [4, 6, 2], "size": [1, 1, 1], "uv": [4, 4]},
						{"origin": [5, 6, 2], "size": [1, 1, 1], "uv": [4, 4]},
						{"origin": [4, 5, 2], "size": [1, 1, 1], "uv": [24, 0]},
						{"origin": [5, 5, 2], "size": [1, 1, 1], "uv": [28, 0]},
						{"origin": [6, 4, 2], "size": [1, 1, 1], "uv": [28, 0]},
						{"origin": [7, 4, 2], "size": [1, 1, 1], "uv": [32, 0]},
						{"origin": [8, 3, 2], "size": [1, 1, 1], "uv": [36, 0]},
						{"origin": [9, 2, 2], "size": [1, 1, 1], "uv": [36, 0]},
						{"origin": [10, 2, 2], "size": [1, 1, 1], "uv": [36, 0]},
						{"origin": [11, 1, 2], "size": [1, 1, 1], "uv": [4, 6]},
						{"origin": [12, 0, 2], "size": [1, 1, 1], "uv": [4, 6]},
						{"origin": [13, 0, 2], "size": [1, 1, 1], "uv": [4, 6]},
						{"origin": [13, 1, 2], "size": [1, 1, 1], "uv": [4, 6]},
						{"origin": [13, 2, 2], "size": [1, 1, 1], "uv": [4, 6]},
						{"origin": [12, 3, 2], "size": [1, 1, 1], "uv": [4, 6]},
						{"origin": [12, 4, 2], "size": [1, 1, 1], "uv": [4, 6]},
						{"origin": [12, 5, 2], "size": [1, 1, 1], "uv": [4, 6]},
						{"origin": [12, 6, 2], "size": [1, 1, 1], "uv": [4, 6]},
						{"origin": [13, 5, 2], "size": [1, 1, 1], "uv": [0, 6]},
						{"origin": [14, 4, 2], "size": [1, 1, 1], "uv": [0, 6]},
						{"origin": [15, 4, 2], "size": [1, 1, 1], "uv": [0, 6]},
						{"origin": [16, 4, 2], "size": [1, 1, 1], "uv": [4, 4]},
						{"origin": [17, 3, 2], "size": [1, 1, 1], "uv": [4, 4]},
						{"origin": [18, 3, 2], "size": [1, 1, 1], "uv": [4, 4]},
						{"origin": [19, 2, 2], "size": [1, 1, 1], "uv": [4, 4]},
						{"origin": [20, 2, 2], "size": [1, 1, 1], "uv": [4, 4]},
						{"origin": [21, 1, 2], "size": [1, 1, 1], "uv": [4, 4]},
						{"origin": [22, 1, 2], "size": [1, 1, 1], "uv": [4, 4]},
						{"origin": [23, 1, 2], "size": [1, 1, 1], "uv": [4, 4]},
						{"origin": [23, 2, 2], "size": [1, 1, 1], "uv": [4, 4]},
						{"origin": [22, 3, 2], "size": [1, 1, 1], "uv": [4, 4]},
						{"origin": [21, 4, 2], "size": [1, 1, 1], "uv": [4, 4]},
						{"origin": [21, 5, 2], "size": [1, 1, 1], "uv": [4, 4]},
						{"origin": [20, 6, 2], "size": [1, 1, 1], "uv": [4, 4]},
						{"origin": [20, 7, 2], "size": [1, 1, 1], "uv": [4, 4]},
						{"origin": [19, 8, 2], "size": [1, 1, 1], "uv": [0, 6]},
						{"origin": [18, 8, 2], "size": [1, 1, 1], "uv": [0, 6]},
						{"origin": [17, 8, 2], "size": [1, 1, 1], "uv": [4, 6]},
						{"origin": [16, 8, 2], "size": [1, 1, 1], "uv": [4, 6]},
						{"origin": [15, 9, 2], "size": [1, 1, 1], "uv": [4, 6]},
						{"origin": [14, 9, 2], "size": [1, 1, 1], "uv": [4, 6]},
						{"origin": [13, 9, 2], "size": [1, 1, 1], "uv": [36, 0]},
						{"origin": [12, 9, 2], "size": [1, 1, 1], "uv": [36, 0]},
						{"origin": [11, 9, 2], "size": [1, 1, 1], "uv": [32, 0]},
						{"origin": [10, 10, 2], "size": [1, 1, 1], "uv": [32, 0]},
						{"origin": [9, 10, 2], "size": [1, 1, 1], "uv": [28, 0]},
						{"origin": [8, 10, 2], "size": [1, 1, 1], "uv": [28, 0]},
						{"origin": [21, 7, 2], "size": [1, 1, 1], "uv": [4, 4]},
						{"origin": [22, 7, 2], "size": [1, 1, 1], "uv": [4, 4]},
						{"origin": [23, 7, 2], "size": [1, 1, 1], "uv": [4, 4]},
						{"origin": [24, 7, 2], "size": [1, 1, 1], "uv": [4, 4]},
						{"origin": [25, 6, 2], "size": [1, 1, 1], "uv": [4, 4]},
						{"origin": [26, 6, 2], "size": [1, 1, 1], "uv": [4, 4]},
						{"origin": [26, 7, 2], "size": [1, 1, 1], "uv": [4, 4]},
						{"origin": [25, 8, 2], "size": [1, 1, 1], "uv": [4, 4]},
						{"origin": [24, 9, 2], "size": [1, 1, 1], "uv": [4, 4]},
						{"origin": [23, 10, 2], "size": [1, 1, 1], "uv": [4, 4]},
						{"origin": [22, 11, 2], "size": [1, 1, 1], "uv": [4, 4]},
						{"origin": [21, 11, 2], "size": [1, 1, 1], "uv": [4, 4]},
						{"origin": [20, 11, 2], "size": [1, 1, 1], "uv": [0, 6]},
						{"origin": [19, 11, 2], "size": [1, 1, 1], "uv": [0, 6]},
						{"origin": [18, 11, 2], "size": [1, 1, 1], "uv": [0, 6]},
						{"origin": [17, 11, 2], "size": [1, 1, 1], "uv": [4, 6]},
						{"origin": [16, 11, 2], "size": [1, 1, 1], "uv": [4, 6]},
						{"origin": [15, 11, 2], "size": [1, 1, 1], "uv": [36, 0]},
						{"origin": [14, 11, 2], "size": [1, 1, 1], "uv": [36, 0]},
						{"origin": [13, 12, 2], "size": [1, 1, 1], "uv": [36, 0]},
						{"origin": [12, 12, 2], "size": [1, 1, 1], "uv": [36, 0]},
						{"origin": [11, 12, 2], "size": [1, 1, 1], "uv": [32, 0]},
						{"origin": [10, 12, 2], "size": [1, 1, 1], "uv": [28, 0]},
						{"origin": [9, 12, 2], "size": [1, 1, 1], "uv": [24, 0]},
						{"origin": [8, 13, 2], "size": [1, 1, 1], "uv": [24, 0]},
						{"origin": [24, 10, 2], "size": [1, 1, 1], "uv": [4, 4]},
						{"origin": [25, 10, 2], "size": [1, 1, 1], "uv": [4, 4]},
						{"origin": [26, 10, 2], "size": [1, 1, 1], "uv": [4, 4]},
						{"origin": [27, 10, 2], "size": [1, 1, 1], "uv": [4, 4]},
						{"origin": [28, 10, 2], "size": [1, 1, 1], "uv": [4, 4]},
						{"origin": [29, 10, 2], "size": [1, 1, 1], "uv": [4, 4]},
						{"origin": [28, 11, 2], "size": [1, 1, 1], "uv": [4, 4]},
						{"origin": [27, 12, 2], "size": [1, 1, 1], "uv": [4, 4]},
						{"origin": [26, 12, 2], "size": [1, 1, 1], "uv": [4, 4]},
						{"origin": [25, 13, 2], "size": [1, 1, 1], "uv": [4, 4]},
						{"origin": [24, 14, 2], "size": [1, 1, 1], "uv": [4, 4]},
						{"origin": [24, 15, 2], "size": [1, 1, 1], "uv": [4, 4]},
						{"origin": [23, 15, 2], "size": [1, 1, 1], "uv": [4, 4]},
						{"origin": [22, 15, 2], "size": [1, 1, 1], "uv": [4, 4]},
						{"origin": [21, 15, 2], "size": [1, 1, 1], "uv": [0, 6]},
						{"origin": [20, 15, 2], "size": [1, 1, 1], "uv": [0, 6]},
						{"origin": [19, 14, 2], "size": [1, 1, 1], "uv": [4, 6]},
						{"origin": [18, 14, 2], "size": [1, 1, 1], "uv": [4, 6]},
						{"origin": [17, 13, 2], "size": [1, 1, 1], "uv": [4, 6]},
						{"origin": [16, 13, 2], "size": [1, 1, 1], "uv": [4, 6]},
						{"origin": [15, 12, 2], "size": [1, 1, 1], "uv": [36, 0]},
						{"origin": [21, 15, 2], "size": [1, 1, 1], "uv": [0, 6]},
						{"origin": [25, 15, 2], "size": [1, 1, 1], "uv": [4, 4]},
						{"origin": [26, 15, 2], "size": [1, 1, 1], "uv": [4, 4]},
						{"origin": [26, 16, 2], "size": [1, 1, 1], "uv": [4, 4]},
						{"origin": [27, 16, 2], "size": [1, 1, 1], "uv": [4, 4]},
						{"origin": [28, 16, 2], "size": [1, 1, 1], "uv": [4, 4]},
						{"origin": [29, 16, 2], "size": [1, 1, 1], "uv": [4, 4]},
						{"origin": [30, 16, 2], "size": [1, 1, 1], "uv": [4, 4]},
						{"origin": [31, 16, 2], "size": [1, 1, 1], "uv": [4, 4]},
						{"origin": [32, 16, 2], "size": [1, 1, 1], "uv": [4, 4]},
						{"origin": [33, 17, 2], "size": [1, 1, 1], "uv": [4, 4]},
						{"origin": [32, 18, 2], "size": [1, 1, 1], "uv": [4, 4]},
						{"origin": [31, 18, 2], "size": [1, 1, 1], "uv": [4, 4]},
						{"origin": [30, 18, 2], "size": [1, 1, 1], "uv": [4, 4]},
						{"origin": [29, 18, 2], "size": [1, 1, 1], "uv": [4, 4]},
						{"origin": [28, 19, 2], "size": [1, 1, 1], "uv": [4, 4]},
						{"origin": [27, 19, 2], "size": [1, 1, 1], "uv": [4, 4]},
						{"origin": [27, 21, 2], "size": [1, 1, 1], "uv": [0, 6]},
						{"origin": [28, 21, 2], "size": [1, 1, 1], "uv": [0, 6]},
						{"origin": [29, 21, 2], "size": [1, 1, 1], "uv": [4, 4]},
						{"origin": [30, 22, 2], "size": [1, 1, 1], "uv": [4, 4]},
						{"origin": [31, 22, 2], "size": [1, 1, 1], "uv": [4, 4]},
						{"origin": [31, 23, 2], "size": [1, 1, 1], "uv": [4, 4]},
						{"origin": [30, 23, 2], "size": [1, 1, 1], "uv": [4, 4]},
						{"origin": [32, 23, 2], "size": [1, 1, 1], "uv": [4, 4]},
						{"origin": [33, 23, 2], "size": [1, 1, 1], "uv": [4, 4]},
						{"origin": [29, 23, 2], "size": [1, 1, 1], "uv": [0, 6]},
						{"origin": [28, 23, 2], "size": [1, 1, 1], "uv": [4, 6]},
						{"origin": [27, 24, 2], "size": [1, 1, 1], "uv": [4, 6]},
						{"origin": [28, 25, 2], "size": [1, 1, 1], "uv": [4, 6]},
						{"origin": [29, 25, 2], "size": [1, 1, 1], "uv": [0, 6]},
						{"origin": [30, 26, 2], "size": [1, 1, 1], "uv": [0, 6]},
						{"origin": [30, 27, 2], "size": [1, 1, 1], "uv": [0, 6]},
						{"origin": [31, 27, 2], "size": [1, 1, 1], "uv": [4, 4]},
						{"origin": [32, 27, 2], "size": [1, 1, 1], "uv": [4, 4]},
						{"origin": [32, 28, 2], "size": [1, 1, 1], "uv": [4, 4]},
						{"origin": [33, 28, 2], "size": [1, 1, 1], "uv": [4, 4]},
						{"origin": [29, 27, 2], "size": [1, 1, 1], "uv": [0, 6]},
						{"origin": [28, 27, 2], "size": [1, 1, 1], "uv": [4, 6]},
						{"origin": [27, 26, 2], "size": [1, 1, 1], "uv": [36, 0]},
						{"origin": [26, 26, 2], "size": [1, 1, 1], "uv": [32, 0]},
						{"origin": [25, 26, 2], "size": [1, 1, 1], "uv": [32, 0]},
						{"origin": [24, 26, 2], "size": [1, 1, 1], "uv": [32, 0]},
						{"origin": [23, 26, 2], "size": [1, 1, 1], "uv": [32, 0]},
						{"origin": [22, 27, 2], "size": [1, 1, 1], "uv": [32, 0]},
						{"origin": [22, 25, 2], "size": [1, 1, 1], "uv": [32, 0]},
						{"origin": [30, 26, 2], "size": [1, 1, 1], "uv": [0, 6]},
						{"origin": [26, 24, 2], "size": [1, 1, 1], "uv": [36, 0]},
						{"origin": [25, 23, 2], "size": [1, 1, 1], "uv": [36, 0]},
						{"origin": [24, 23, 2], "size": [1, 1, 1], "uv": [36, 0]},
						{"origin": [23, 23, 2], "size": [1, 1, 1], "uv": [32, 0]},
						{"origin": [22, 23, 2], "size": [1, 1, 1], "uv": [32, 0]},
						{"origin": [21, 23, 2], "size": [1, 1, 1], "uv": [28, 0]},
						{"origin": [19, 23, 2], "size": [1, 1, 1], "uv": [24, 0]},
						{"origin": [20, 23, 2], "size": [1, 1, 1], "uv": [24, 0]},
						{"origin": [20, 24, 2], "size": [1, 1, 1], "uv": [4, 4]},
						{"origin": [23, 25, 2], "size": [1, 1, 1], "uv": [4, 4]},
						{"origin": [23, 24, 2], "size": [1, 1, 1], "uv": [0, 6]},
						{"origin": [24, 25, 2], "size": [1, 1, 1], "uv": [0, 6]},
						{"origin": [24, 24, 2], "size": [1, 1, 1], "uv": [36, 0]},
						{"origin": [25, 25, 2], "size": [1, 1, 1], "uv": [28, 0]},
						{"origin": [26, 25, 2], "size": [1, 1, 1], "uv": [24, 0]},
						{"origin": [27, 25, 2], "size": [1, 1, 1], "uv": [24, 0]},
						{"origin": [28, 26, 2], "size": [1, 1, 1], "uv": [24, 0]},
						{"origin": [29, 26, 2], "size": [1, 1, 1], "uv": [24, 0]},
						{"origin": [25, 24, 2], "size": [1, 1, 1], "uv": [28, 0]},
						{"origin": [21, 24, 2], "size": [1, 1, 1], "uv": [4, 4]},
						{"origin": [22, 24, 2], "size": [1, 1, 1], "uv": [4, 4]},
						{"origin": [26, 20, 2], "size": [1, 1, 1], "uv": [0, 6]},
						{"origin": [25, 20, 2], "size": [1, 1, 1], "uv": [0, 6]},
						{"origin": [24, 21, 2], "size": [1, 1, 1], "uv": [0, 6]},
						{"origin": [23, 21, 2], "size": [1, 1, 1], "uv": [0, 6]},
						{"origin": [23, 19, 2], "size": [1, 1, 1], "uv": [0, 6]},
						{"origin": [24, 19, 2], "size": [1, 1, 1], "uv": [0, 6]},
						{"origin": [22, 20, 2], "size": [1, 1, 1], "uv": [4, 6]},
						{"origin": [21, 19, 2], "size": [1, 1, 1], "uv": [4, 6]},
						{"origin": [20, 18, 2], "size": [1, 1, 1], "uv": [36, 0]},
						{"origin": [19, 18, 2], "size": [1, 1, 1], "uv": [36, 0]},
						{"origin": [18, 17, 2], "size": [1, 1, 1], "uv": [36, 0]},
						{"origin": [17, 17, 2], "size": [1, 1, 1], "uv": [36, 0]},
						{"origin": [17, 16, 2], "size": [1, 1, 1], "uv": [36, 0]},
						{"origin": [18, 16, 2], "size": [1, 1, 1], "uv": [36, 0]},
						{"origin": [19, 16, 2], "size": [1, 1, 1], "uv": [36, 0]},
						{"origin": [16, 16, 2], "size": [1, 1, 1], "uv": [32, 0]},
						{"origin": [15, 16, 2], "size": [1, 1, 1], "uv": [32, 0]},
						{"origin": [14, 16, 2], "size": [1, 1, 1], "uv": [28, 0]},
						{"origin": [13, 16, 2], "size": [1, 1, 1], "uv": [28, 0]},
						{"origin": [12, 16, 2], "size": [1, 1, 1], "uv": [24, 0]},
						{"origin": [12, 15, 2], "size": [1, 1, 1], "uv": [24, 0]},
						{"origin": [11, 16, 2], "size": [1, 1, 1], "uv": [24, 0]},
						{"origin": [10, 16, 2], "size": [1, 1, 1], "uv": [24, 0]},
						{"origin": [9, 16, 2], "size": [1, 1, 1], "uv": [24, 0]},
						{"origin": [8, 16, 2], "size": [1, 1, 1], "uv": [24, 0]},
						{"origin": [7, 16, 2], "size": [1, 1, 1], "uv": [24, 0]},
						{"origin": [7, 15, 2], "size": [1, 1, 1], "uv": [4, 4]},
						{"origin": [7, 14, 2], "size": [1, 1, 1], "uv": [4, 4]},
						{"origin": [8, 14, 2], "size": [1, 1, 1], "uv": [4, 4]},
						{"origin": [8, 15, 2], "size": [1, 1, 1], "uv": [4, 4]},
						{"origin": [9, 15, 2], "size": [1, 1, 1], "uv": [4, 4]},
						{"origin": [9, 17, 2], "size": [1, 1, 1], "uv": [4, 4]},
						{"origin": [10, 17, 2], "size": [1, 1, 1], "uv": [4, 4]},
						{"origin": [11, 17, 2], "size": [1, 1, 1], "uv": [4, 4]},
						{"origin": [11, 18, 2], "size": [1, 1, 1], "uv": [4, 4]},
						{"origin": [12, 19, 2], "size": [1, 1, 1], "uv": [4, 4]},
						{"origin": [13, 19, 2], "size": [1, 1, 1], "uv": [4, 4]},
						{"origin": [13, 18, 2], "size": [1, 1, 1], "uv": [4, 4]},
						{"origin": [12, 17, 2], "size": [1, 1, 1], "uv": [4, 4]},
						{"origin": [13, 17, 2], "size": [1, 1, 1], "uv": [0, 6]},
						{"origin": [14, 17, 2], "size": [1, 1, 1], "uv": [0, 6]},
						{"origin": [14, 18, 2], "size": [1, 1, 1], "uv": [0, 6]},
						{"origin": [14, 19, 2], "size": [1, 1, 1], "uv": [0, 6]},
						{"origin": [14, 20, 2], "size": [1, 1, 1], "uv": [0, 6]},
						{"origin": [15, 20, 2], "size": [1, 1, 1], "uv": [0, 6]},
						{"origin": [15, 19, 2], "size": [1, 1, 1], "uv": [0, 6]},
						{"origin": [15, 18, 2], "size": [1, 1, 1], "uv": [0, 6]},
						{"origin": [16, 17, 2], "size": [1, 1, 1], "uv": [0, 6]},
						{"origin": [16, 18, 2], "size": [1, 1, 1], "uv": [0, 6]},
						{"origin": [16, 19, 2], "size": [1, 1, 1], "uv": [36, 0]},
						{"origin": [16, 20, 2], "size": [1, 1, 1], "uv": [36, 0]},
						{"origin": [17, 21, 2], "size": [1, 1, 1], "uv": [36, 0]},
						{"origin": [17, 22, 2], "size": [1, 1, 1], "uv": [36, 0]},
						{"origin": [17, 20, 2], "size": [1, 1, 1], "uv": [36, 0]},
						{"origin": [17, 19, 2], "size": [1, 1, 1], "uv": [32, 0]},
						{"origin": [18, 19, 2], "size": [1, 1, 1], "uv": [32, 0]},
						{"origin": [18, 20, 2], "size": [1, 1, 1], "uv": [32, 0]},
						{"origin": [18, 21, 2], "size": [1, 1, 1], "uv": [32, 0]},
						{"origin": [18, 22, 2], "size": [1, 1, 1], "uv": [32, 0]},
						{"origin": [19, 19, 2], "size": [1, 1, 1], "uv": [32, 0]},
						{"origin": [19, 17, 2], "size": [1, 1, 1], "uv": [32, 0]},
						{"origin": [19, 20, 2], "size": [1, 1, 1], "uv": [32, 0]},
						{"origin": [19, 21, 2], "size": [1, 1, 1], "uv": [32, 0]},
						{"origin": [19, 22, 2], "size": [1, 1, 1], "uv": [32, 0]},
						{"origin": [20, 17, 2], "size": [1, 1, 1], "uv": [32, 0]},
						{"origin": [20, 19, 2], "size": [1, 1, 1], "uv": [32, 0]},
						{"origin": [20, 20, 2], "size": [1, 1, 1], "uv": [32, 0]},
						{"origin": [20, 21, 2], "size": [1, 1, 1], "uv": [28, 0]},
						{"origin": [20, 22, 2], "size": [1, 1, 1], "uv": [28, 0]},
						{"origin": [21, 22, 2], "size": [1, 1, 1], "uv": [28, 0]},
						{"origin": [21, 21, 2], "size": [1, 1, 1], "uv": [28, 0]},
						{"origin": [21, 20, 2], "size": [1, 1, 1], "uv": [28, 0]},
						{"origin": [21, 18, 2], "size": [1, 1, 1], "uv": [28, 0]},
						{"origin": [21, 17, 2], "size": [1, 1, 1], "uv": [28, 0]},
						{"origin": [21, 16, 2], "size": [1, 1, 1], "uv": [28, 0]},
						{"origin": [22, 16, 2], "size": [1, 1, 1], "uv": [28, 0]},
						{"origin": [23, 16, 2], "size": [1, 1, 1], "uv": [28, 0]},
						{"origin": [24, 17, 2], "size": [1, 1, 1], "uv": [28, 0]},
						{"origin": [23, 17, 2], "size": [1, 1, 1], "uv": [28, 0]},
						{"origin": [23, 18, 2], "size": [1, 1, 1], "uv": [28, 0]},
						{"origin": [24, 18, 2], "size": [1, 1, 1], "uv": [28, 0]},
						{"origin": [24, 20, 2], "size": [1, 1, 1], "uv": [28, 0]},
						{"origin": [23, 20, 2], "size": [1, 1, 1], "uv": [28, 0]},
						{"origin": [23, 22, 2], "size": [1, 1, 1], "uv": [28, 0]},
						{"origin": [24, 22, 2], "size": [1, 1, 1], "uv": [28, 0]},
						{"origin": [25, 21, 2], "size": [1, 1, 1], "uv": [28, 0]},
						{"origin": [25, 19, 2], "size": [1, 1, 1], "uv": [28, 0]},
						{"origin": [25, 18, 2], "size": [1, 1, 1], "uv": [28, 0]},
						{"origin": [25, 17, 2], "size": [1, 1, 1], "uv": [28, 0]},
						{"origin": [25, 16, 2], "size": [1, 1, 1], "uv": [28, 0]},
						{"origin": [26, 17, 2], "size": [1, 1, 1], "uv": [24, 0]},
						{"origin": [27, 17, 2], "size": [1, 1, 1], "uv": [24, 0]},
						{"origin": [28, 17, 2], "size": [1, 1, 1], "uv": [24, 0]},
						{"origin": [29, 17, 2], "size": [1, 1, 1], "uv": [24, 0]},
						{"origin": [30, 17, 2], "size": [1, 1, 1], "uv": [24, 0]},
						{"origin": [31, 17, 2], "size": [1, 1, 1], "uv": [24, 0]},
						{"origin": [32, 17, 2], "size": [1, 1, 1], "uv": [24, 0]},
						{"origin": [28, 18, 2], "size": [1, 1, 1], "uv": [24, 0]},
						{"origin": [27, 18, 2], "size": [1, 1, 1], "uv": [24, 0]},
						{"origin": [26, 19, 2], "size": [1, 1, 1], "uv": [24, 0]},
						{"origin": [26, 21, 2], "size": [1, 1, 1], "uv": [24, 0]},
						{"origin": [25, 22, 2], "size": [1, 1, 1], "uv": [24, 0]},
						{"origin": [26, 22, 2], "size": [1, 1, 1], "uv": [24, 0]},
						{"origin": [26, 23, 2], "size": [1, 1, 1], "uv": [24, 0]},
						{"origin": [27, 23, 2], "size": [1, 1, 1], "uv": [24, 0]},
						{"origin": [27, 22, 2], "size": [1, 1, 1], "uv": [24, 0]},
						{"origin": [28, 22, 2], "size": [1, 1, 1], "uv": [24, 0]},
						{"origin": [29, 22, 2], "size": [1, 1, 1], "uv": [24, 0]},
						{"origin": [26, 18, 2], "size": [1, 1, 1], "uv": [24, 0]},
						{"origin": [24, 16, 2], "size": [1, 1, 1], "uv": [28, 0]},
						{"origin": [22, 17, 2], "size": [1, 1, 1], "uv": [28, 0]},
						{"origin": [22, 18, 2], "size": [1, 1, 1], "uv": [28, 0]},
						{"origin": [22, 19, 2], "size": [1, 1, 1], "uv": [28, 0]},
						{"origin": [22, 21, 2], "size": [1, 1, 1], "uv": [28, 0]},
						{"origin": [22, 22, 2], "size": [1, 1, 1], "uv": [28, 0]},
						{"origin": [20, 16, 2], "size": [1, 1, 1], "uv": [32, 0]},
						{"origin": [17, 18, 2], "size": [1, 1, 1], "uv": [32, 0]},
						{"origin": [18, 18, 2], "size": [1, 1, 1], "uv": [32, 0]},
						{"origin": [16, 21, 2], "size": [1, 1, 1], "uv": [36, 0]},
						{"origin": [15, 17, 2], "size": [1, 1, 1], "uv": [0, 6]},
						{"origin": [12, 18, 2], "size": [1, 1, 1], "uv": [4, 4]},
						{"origin": [9, 14, 2], "size": [1, 1, 1], "uv": [4, 4]},
						{"origin": [9, 13, 2], "size": [1, 1, 1], "uv": [4, 4]},
						{"origin": [10, 13, 2], "size": [1, 1, 1], "uv": [4, 4]},
						{"origin": [10, 14, 2], "size": [1, 1, 1], "uv": [4, 4]},
						{"origin": [10, 15, 2], "size": [1, 1, 1], "uv": [0, 6]},
						{"origin": [11, 15, 2], "size": [1, 1, 1], "uv": [0, 6]},
						{"origin": [11, 14, 2], "size": [1, 1, 1], "uv": [0, 6]},
						{"origin": [11, 13, 2], "size": [1, 1, 1], "uv": [0, 6]},
						{"origin": [12, 13, 2], "size": [1, 1, 1], "uv": [0, 6]},
						{"origin": [13, 13, 2], "size": [1, 1, 1], "uv": [0, 6]},
						{"origin": [12, 14, 2], "size": [1, 1, 1], "uv": [0, 6]},
						{"origin": [13, 14, 2], "size": [1, 1, 1], "uv": [4, 6]},
						{"origin": [13, 15, 2], "size": [1, 1, 1], "uv": [4, 6]},
						{"origin": [14, 15, 2], "size": [1, 1, 1], "uv": [4, 6]},
						{"origin": [14, 14, 2], "size": [1, 1, 1], "uv": [4, 6]},
						{"origin": [14, 13, 2], "size": [1, 1, 1], "uv": [4, 6]},
						{"origin": [15, 13, 2], "size": [1, 1, 1], "uv": [4, 6]},
						{"origin": [15, 14, 2], "size": [1, 1, 1], "uv": [36, 0]},
						{"origin": [16, 14, 2], "size": [1, 1, 1], "uv": [36, 0]},
						{"origin": [16, 15, 2], "size": [1, 1, 1], "uv": [36, 0]},
						{"origin": [15, 15, 2], "size": [1, 1, 1], "uv": [36, 0]},
						{"origin": [16, 12, 2], "size": [1, 1, 1], "uv": [36, 0]},
						{"origin": [17, 12, 2], "size": [1, 1, 1], "uv": [36, 0]},
						{"origin": [17, 14, 2], "size": [1, 1, 1], "uv": [32, 0]},
						{"origin": [17, 15, 2], "size": [1, 1, 1], "uv": [32, 0]},
						{"origin": [18, 12, 2], "size": [1, 1, 1], "uv": [32, 0]},
						{"origin": [18, 13, 2], "size": [1, 1, 1], "uv": [32, 0]},
						{"origin": [18, 15, 2], "size": [1, 1, 1], "uv": [32, 0]},
						{"origin": [19, 15, 2], "size": [1, 1, 1], "uv": [32, 0]},
						{"origin": [19, 13, 2], "size": [1, 1, 1], "uv": [32, 0]},
						{"origin": [19, 12, 2], "size": [1, 1, 1], "uv": [32, 0]},
						{"origin": [20, 12, 2], "size": [1, 1, 1], "uv": [32, 0]},
						{"origin": [20, 13, 2], "size": [1, 1, 1], "uv": [28, 0]},
						{"origin": [20, 14, 2], "size": [1, 1, 1], "uv": [28, 0]},
						{"origin": [21, 14, 2], "size": [1, 1, 1], "uv": [28, 0]},
						{"origin": [21, 13, 2], "size": [1, 1, 1], "uv": [28, 0]},
						{"origin": [21, 12, 2], "size": [1, 1, 1], "uv": [28, 0]},
						{"origin": [22, 12, 2], "size": [1, 1, 1], "uv": [28, 0]},
						{"origin": [22, 13, 2], "size": [1, 1, 1], "uv": [28, 0]},
						{"origin": [22, 14, 2], "size": [1, 1, 1], "uv": [28, 0]},
						{"origin": [23, 11, 2], "size": [1, 1, 1], "uv": [28, 0]},
						{"origin": [23, 12, 2], "size": [1, 1, 1], "uv": [28, 0]},
						{"origin": [23, 13, 2], "size": [1, 1, 1], "uv": [24, 0]},
						{"origin": [23, 14, 2], "size": [1, 1, 1], "uv": [24, 0]},
						{"origin": [24, 13, 2], "size": [1, 1, 1], "uv": [24, 0]},
						{"origin": [24, 12, 2], "size": [1, 1, 1], "uv": [24, 0]},
						{"origin": [24, 11, 2], "size": [1, 1, 1], "uv": [24, 0]},
						{"origin": [25, 11, 2], "size": [1, 1, 1], "uv": [24, 0]},
						{"origin": [25, 12, 2], "size": [1, 1, 1], "uv": [24, 0]},
						{"origin": [26, 11, 2], "size": [1, 1, 1], "uv": [24, 0]},
						{"origin": [27, 11, 2], "size": [1, 1, 1], "uv": [24, 0]},
						{"origin": [14, 12, 2], "size": [1, 1, 1], "uv": [4, 6]},
						{"origin": [27, 6, 2], "size": [1, 1, 1], "uv": [4, 4]},
						{"origin": [4, 7, 2], "size": [1, 1, 1], "uv": [4, 0]},
						{"origin": [5, 7, 2], "size": [1, 1, 1], "uv": [4, 0]},
						{"origin": [6, 7, 2], "size": [1, 1, 1], "uv": [4, 0]},
						{"origin": [6, 8, 2], "size": [1, 1, 1], "uv": [4, 0]},
						{"origin": [6, 9, 2], "size": [1, 1, 1], "uv": [4, 0]},
						{"origin": [7, 10, 2], "size": [1, 1, 1], "uv": [4, 0]},
						{"origin": [7, 11, 2], "size": [1, 1, 1], "uv": [4, 0]},
						{"origin": [7, 12, 2], "size": [1, 1, 1], "uv": [4, 0]},
						{"origin": [7, 13, 2], "size": [1, 1, 1], "uv": [4, 0]},
						{"origin": [6, 14, 2], "size": [1, 1, 1], "uv": [4, 0]},
						{"origin": [6, 15, 2], "size": [1, 1, 1], "uv": [4, 0]},
						{"origin": [6, 16, 2], "size": [1, 1, 1], "uv": [4, 0]},
						{"origin": [6, 17, 2], "size": [1, 1, 1], "uv": [4, 0]},
						{"origin": [7, 17, 2], "size": [1, 1, 1], "uv": [4, 0]},
						{"origin": [8, 17, 2], "size": [1, 1, 1], "uv": [4, 0]},
						{"origin": [9, 18, 2], "size": [1, 1, 1], "uv": [4, 0]},
						{"origin": [10, 18, 2], "size": [1, 1, 1], "uv": [4, 0]},
						{"origin": [11, 19, 2], "size": [1, 1, 1], "uv": [4, 0]},
						{"origin": [12, 20, 2], "size": [1, 1, 1], "uv": [4, 0]},
						{"origin": [13, 20, 2], "size": [1, 1, 1], "uv": [4, 0]},
						{"origin": [14, 21, 2], "size": [1, 1, 1], "uv": [4, 0]},
						{"origin": [15, 21, 2], "size": [1, 1, 1], "uv": [4, 0]},
						{"origin": [16, 22, 2], "size": [1, 1, 1], "uv": [4, 0]},
						{"origin": [17, 23, 2], "size": [1, 1, 1], "uv": [4, 0]},
						{"origin": [18, 23, 2], "size": [1, 1, 1], "uv": [4, 0]},
						{"origin": [19, 24, 2], "size": [1, 1, 1], "uv": [4, 0]},
						{"origin": [20, 25, 2], "size": [1, 1, 1], "uv": [4, 0]},
						{"origin": [21, 25, 2], "size": [1, 1, 1], "uv": [4, 0]},
						{"origin": [21, 26, 2], "size": [1, 1, 1], "uv": [0, 4]},
						{"origin": [20, 26, 2], "size": [1, 1, 1], "uv": [0, 4]},
						{"origin": [19, 25, 2], "size": [1, 1, 1], "uv": [0, 4]},
						{"origin": [18, 24, 2], "size": [1, 1, 1], "uv": [0, 4]},
						{"origin": [17, 24, 2], "size": [1, 1, 1], "uv": [0, 4]},
						{"origin": [16, 23, 2], "size": [1, 1, 1], "uv": [0, 4]},
						{"origin": [15, 22, 2], "size": [1, 1, 1], "uv": [0, 4]},
						{"origin": [14, 22, 2], "size": [1, 1, 1], "uv": [0, 4]},
						{"origin": [13, 21, 2], "size": [1, 1, 1], "uv": [0, 4]},
						{"origin": [12, 21, 2], "size": [1, 1, 1], "uv": [0, 4]},
						{"origin": [11, 20, 2], "size": [1, 1, 1], "uv": [0, 4]},
						{"origin": [10, 19, 2], "size": [1, 1, 1], "uv": [0, 4]},
						{"origin": [9, 19, 2], "size": [1, 1, 1], "uv": [0, 4]},
						{"origin": [8, 18, 2], "size": [1, 1, 1], "uv": [0, 4]},
						{"origin": [7, 18, 2], "size": [1, 1, 1], "uv": [0, 4]},
						{"origin": [5, 18, 2], "size": [1, 1, 1], "uv": [0, 4]},
						{"origin": [5, 17, 2], "size": [1, 1, 1], "uv": [0, 4]},
						{"origin": [5, 16, 2], "size": [1, 1, 1], "uv": [0, 4]},
						{"origin": [5, 15, 2], "size": [1, 1, 1], "uv": [0, 4]},
						{"origin": [5, 14, 2], "size": [1, 1, 1], "uv": [0, 4]},
						{"origin": [6, 13, 2], "size": [1, 1, 1], "uv": [0, 4]},
						{"origin": [6, 12, 2], "size": [1, 1, 1], "uv": [0, 4]},
						{"origin": [6, 11, 2], "size": [1, 1, 1], "uv": [0, 4]},
						{"origin": [6, 10, 2], "size": [1, 1, 1], "uv": [0, 4]},
						{"origin": [5, 9, 2], "size": [1, 1, 1], "uv": [0, 4]},
						{"origin": [4, 10, 2], "size": [1, 1, 1], "uv": [0, 4]},
						{"origin": [4, 12, 2], "size": [1, 1, 1], "uv": [0, 4]},
						{"origin": [4, 8, 2], "size": [1, 1, 1], "uv": [0, 4]},
						{"origin": [3, 8, 2], "size": [1, 1, 1], "uv": [0, 4]},
						{"origin": [2, 8, 2], "size": [1, 1, 1], "uv": [0, 4]},
						{"origin": [1, 9, 2], "size": [1, 1, 1], "uv": [0, 4]},
						{"origin": [4, 11, 2], "size": [1, 1, 1], "uv": [0, 4]},
						{"origin": [6, 19, 2], "size": [1, 1, 1], "uv": [0, 4]},
						{"origin": [5, 20, 2], "size": [1, 1, 1], "uv": [0, 4]},
						{"origin": [4, 21, 2], "size": [1, 1, 1], "uv": [0, 4]},
						{"origin": [4, 22, 2], "size": [1, 1, 1], "uv": [0, 4]},
						{"origin": [4, 23, 2], "size": [1, 1, 1], "uv": [0, 4]},
						{"origin": [22, 26, 2], "size": [1, 1, 1], "uv": [4, 0]},
						{"origin": [6, 18, 2], "size": [1, 1, 1], "uv": [4, 0]},
						{"origin": [5, 19, 2], "size": [1, 1, 1], "uv": [4, 0]}
					]
				},
				{
					"name": "Wings2",
					"parent": "body",
					"pivot": [0, 0, 5],
					"rotation": [0, -172.5, 0],
					"cubes": [
						{"origin": [1, 20, 7], "size": [1, 1, 1], "uv": [0, 0]},
						{"origin": [2, 21, 7], "size": [1, 1, 1], "uv": [0, 0]},
						{"origin": [3, 22, 7], "size": [1, 1, 1], "uv": [0, 0]},
						{"origin": [4, 24, 7], "size": [1, 1, 1], "uv": [0, 0]},
						{"origin": [5, 24, 7], "size": [1, 1, 1], "uv": [0, 0]},
						{"origin": [6, 24, 7], "size": [1, 1, 1], "uv": [0, 0]},
						{"origin": [7, 25, 7], "size": [1, 1, 1], "uv": [0, 0]},
						{"origin": [8, 25, 7], "size": [1, 1, 1], "uv": [0, 0]},
						{"origin": [9, 26, 7], "size": [1, 1, 1], "uv": [0, 0]},
						{"origin": [10, 26, 7], "size": [1, 1, 1], "uv": [0, 0]},
						{"origin": [11, 26, 7], "size": [1, 1, 1], "uv": [0, 0]},
						{"origin": [12, 26, 7], "size": [1, 1, 1], "uv": [0, 0]},
						{"origin": [13, 26, 7], "size": [1, 1, 1], "uv": [0, 0]},
						{"origin": [14, 27, 7], "size": [1, 1, 1], "uv": [0, 0]},
						{"origin": [15, 27, 7], "size": [1, 1, 1], "uv": [0, 0]},
						{"origin": [16, 27, 7], "size": [1, 1, 1], "uv": [0, 0]},
						{"origin": [17, 27, 7], "size": [1, 1, 1], "uv": [0, 0]},
						{"origin": [18, 28, 7], "size": [1, 1, 1], "uv": [0, 0]},
						{"origin": [19, 28, 7], "size": [1, 1, 1], "uv": [0, 0]},
						{"origin": [20, 28, 7], "size": [1, 1, 1], "uv": [0, 0]},
						{"origin": [21, 28, 7], "size": [1, 1, 1], "uv": [0, 0]},
						{"origin": [21, 27, 7], "size": [1, 1, 1], "uv": [0, 2]},
						{"origin": [20, 27, 7], "size": [1, 1, 1], "uv": [0, 2]},
						{"origin": [19, 27, 7], "size": [1, 1, 1], "uv": [0, 2]},
						{"origin": [19, 26, 7], "size": [1, 1, 1], "uv": [4, 2]},
						{"origin": [18, 26, 7], "size": [1, 1, 1], "uv": [4, 2]},
						{"origin": [18, 25, 7], "size": [1, 1, 1], "uv": [4, 2]},
						{"origin": [17, 25, 7], "size": [1, 1, 1], "uv": [4, 2]},
						{"origin": [15, 25, 7], "size": [1, 1, 1], "uv": [4, 2]},
						{"origin": [15, 24, 7], "size": [1, 1, 1], "uv": [4, 2]},
						{"origin": [16, 24, 7], "size": [1, 1, 1], "uv": [4, 2]},
						{"origin": [14, 24, 7], "size": [1, 1, 1], "uv": [4, 2]},
						{"origin": [14, 23, 7], "size": [1, 1, 1], "uv": [4, 2]},
						{"origin": [15, 23, 7], "size": [1, 1, 1], "uv": [4, 2]},
						{"origin": [13, 23, 7], "size": [1, 1, 1], "uv": [4, 2]},
						{"origin": [12, 23, 7], "size": [1, 1, 1], "uv": [4, 2]},
						{"origin": [11, 23, 7], "size": [1, 1, 1], "uv": [4, 2]},
						{"origin": [11, 22, 7], "size": [1, 1, 1], "uv": [4, 2]},
						{"origin": [12, 22, 7], "size": [1, 1, 1], "uv": [4, 2]},
						{"origin": [13, 22, 7], "size": [1, 1, 1], "uv": [4, 2]},
						{"origin": [11, 21, 7], "size": [1, 1, 1], "uv": [4, 2]},
						{"origin": [10, 21, 7], "size": [1, 1, 1], "uv": [4, 2]},
						{"origin": [9, 21, 7], "size": [1, 1, 1], "uv": [4, 2]},
						{"origin": [8, 21, 7], "size": [1, 1, 1], "uv": [4, 2]},
						{"origin": [8, 20, 7], "size": [1, 1, 1], "uv": [4, 2]},
						{"origin": [7, 19, 7], "size": [1, 1, 1], "uv": [4, 2]},
						{"origin": [4, 19, 7], "size": [1, 1, 1], "uv": [4, 2]},
						{"origin": [4, 20, 7], "size": [1, 1, 1], "uv": [4, 2]},
						{"origin": [3, 20, 7], "size": [1, 1, 1], "uv": [4, 2]},
						{"origin": [3, 19, 7], "size": [1, 1, 1], "uv": [4, 2]},
						{"origin": [3, 21, 7], "size": [1, 1, 1], "uv": [4, 2]},
						{"origin": [3, 18, 7], "size": [1, 1, 1], "uv": [4, 2]},
						{"origin": [4, 18, 7], "size": [1, 1, 1], "uv": [4, 2]},
						{"origin": [4, 17, 7], "size": [1, 1, 1], "uv": [4, 2]},
						{"origin": [4, 16, 7], "size": [1, 1, 1], "uv": [4, 2]},
						{"origin": [4, 15, 7], "size": [1, 1, 1], "uv": [4, 2]},
						{"origin": [4, 14, 7], "size": [1, 1, 1], "uv": [4, 2]},
						{"origin": [4, 13, 7], "size": [1, 1, 1], "uv": [4, 2]},
						{"origin": [5, 13, 7], "size": [1, 1, 1], "uv": [4, 2]},
						{"origin": [5, 12, 7], "size": [1, 1, 1], "uv": [4, 2]},
						{"origin": [5, 11, 7], "size": [1, 1, 1], "uv": [4, 2]},
						{"origin": [5, 10, 7], "size": [1, 1, 1], "uv": [4, 2]},
						{"origin": [2, 9, 7], "size": [1, 1, 1], "uv": [4, 2]},
						{"origin": [1, 10, 7], "size": [1, 1, 1], "uv": [4, 2]},
						{"origin": [1, 11, 7], "size": [1, 1, 1], "uv": [4, 2]},
						{"origin": [7, 20, 7], "size": [1, 1, 1], "uv": [4, 2]},
						{"origin": [9, 20, 7], "size": [1, 1, 1], "uv": [4, 2]},
						{"origin": [10, 20, 7], "size": [1, 1, 1], "uv": [4, 2]},
						{"origin": [10, 22, 7], "size": [1, 1, 1], "uv": [4, 2]},
						{"origin": [9, 22, 7], "size": [1, 1, 1], "uv": [4, 2]},
						{"origin": [8, 19, 7], "size": [1, 1, 1], "uv": [4, 2]},
						{"origin": [18, 27, 7], "size": [1, 1, 1], "uv": [0, 2]},
						{"origin": [17, 26, 7], "size": [1, 1, 1], "uv": [0, 2]},
						{"origin": [16, 26, 7], "size": [1, 1, 1], "uv": [0, 2]},
						{"origin": [15, 26, 7], "size": [1, 1, 1], "uv": [0, 2]},
						{"origin": [14, 26, 7], "size": [1, 1, 1], "uv": [0, 2]},
						{"origin": [13, 25, 7], "size": [1, 1, 1], "uv": [0, 2]},
						{"origin": [12, 25, 7], "size": [1, 1, 1], "uv": [0, 2]},
						{"origin": [11, 25, 7], "size": [1, 1, 1], "uv": [0, 2]},
						{"origin": [10, 25, 7], "size": [1, 1, 1], "uv": [0, 2]},
						{"origin": [9, 25, 7], "size": [1, 1, 1], "uv": [0, 2]},
						{"origin": [8, 24, 7], "size": [1, 1, 1], "uv": [0, 2]},
						{"origin": [8, 23, 7], "size": [1, 1, 1], "uv": [0, 2]},
						{"origin": [7, 24, 7], "size": [1, 1, 1], "uv": [0, 2]},
						{"origin": [6, 23, 7], "size": [1, 1, 1], "uv": [0, 2]},
						{"origin": [5, 23, 7], "size": [1, 1, 1], "uv": [0, 2]},
						{"origin": [5, 21, 7], "size": [1, 1, 1], "uv": [0, 2]},
						{"origin": [5, 22, 7], "size": [1, 1, 1], "uv": [0, 2]},
						{"origin": [6, 22, 7], "size": [1, 1, 1], "uv": [0, 2]},
						{"origin": [6, 21, 7], "size": [1, 1, 1], "uv": [0, 2]},
						{"origin": [6, 20, 7], "size": [1, 1, 1], "uv": [0, 2]},
						{"origin": [7, 21, 7], "size": [1, 1, 1], "uv": [0, 2]},
						{"origin": [7, 22, 7], "size": [1, 1, 1], "uv": [0, 2]},
						{"origin": [7, 23, 7], "size": [1, 1, 1], "uv": [0, 2]},
						{"origin": [8, 22, 7], "size": [1, 1, 1], "uv": [0, 2]},
						{"origin": [9, 23, 7], "size": [1, 1, 1], "uv": [0, 2]},
						{"origin": [9, 24, 7], "size": [1, 1, 1], "uv": [0, 2]},
						{"origin": [10, 23, 7], "size": [1, 1, 1], "uv": [0, 2]},
						{"origin": [10, 24, 7], "size": [1, 1, 1], "uv": [0, 2]},
						{"origin": [11, 24, 7], "size": [1, 1, 1], "uv": [0, 2]},
						{"origin": [12, 24, 7], "size": [1, 1, 1], "uv": [0, 2]},
						{"origin": [13, 24, 7], "size": [1, 1, 1], "uv": [0, 2]},
						{"origin": [14, 25, 7], "size": [1, 1, 1], "uv": [0, 2]},
						{"origin": [16, 25, 7], "size": [1, 1, 1], "uv": [0, 2]},
						{"origin": [2, 20, 7], "size": [1, 1, 1], "uv": [0, 2]},
						{"origin": [2, 19, 7], "size": [1, 1, 1], "uv": [0, 2]},
						{"origin": [2, 18, 7], "size": [1, 1, 1], "uv": [0, 2]},
						{"origin": [3, 17, 7], "size": [1, 1, 1], "uv": [0, 2]},
						{"origin": [3, 16, 7], "size": [1, 1, 1], "uv": [0, 2]},
						{"origin": [3, 15, 7], "size": [1, 1, 1], "uv": [0, 2]},
						{"origin": [3, 14, 7], "size": [1, 1, 1], "uv": [0, 2]},
						{"origin": [3, 13, 7], "size": [1, 1, 1], "uv": [0, 2]},
						{"origin": [2, 11, 7], "size": [1, 1, 1], "uv": [0, 2]},
						{"origin": [2, 10, 7], "size": [1, 1, 1], "uv": [0, 2]},
						{"origin": [3, 9, 7], "size": [1, 1, 1], "uv": [0, 2]},
						{"origin": [1, 12, 7], "size": [1, 1, 1], "uv": [0, 2]},
						{"origin": [2, 12, 7], "size": [1, 1, 1], "uv": [0, 2]},
						{"origin": [1, 19, 7], "size": [1, 1, 1], "uv": [0, 0]},
						{"origin": [1, 18, 7], "size": [1, 1, 1], "uv": [0, 0]},
						{"origin": [2, 17, 7], "size": [1, 1, 1], "uv": [0, 0]},
						{"origin": [2, 16, 7], "size": [1, 1, 1], "uv": [0, 0]},
						{"origin": [2, 15, 7], "size": [1, 1, 1], "uv": [0, 0]},
						{"origin": [2, 14, 7], "size": [1, 1, 1], "uv": [0, 0]},
						{"origin": [2, 13, 7], "size": [1, 1, 1], "uv": [0, 0]},
						{"origin": [3, 12, 7], "size": [1, 1, 1], "uv": [0, 0]},
						{"origin": [3, 11, 7], "size": [1, 1, 1], "uv": [0, 0]},
						{"origin": [3, 10, 7], "size": [1, 1, 1], "uv": [0, 0]},
						{"origin": [4, 9, 7], "size": [1, 1, 1], "uv": [0, 0]},
						{"origin": [5, 8, 7], "size": [1, 1, 1], "uv": [0, 0]},
						{"origin": [1, 8, 7], "size": [1, 1, 1], "uv": [4, 0]},
						{"origin": [2, 7, 7], "size": [1, 1, 1], "uv": [4, 0]},
						{"origin": [3, 7, 7], "size": [1, 1, 1], "uv": [4, 0]},
						{"origin": [3, 6, 7], "size": [1, 1, 1], "uv": [24, 0]},
						{"origin": [6, 5, 7], "size": [1, 1, 1], "uv": [4, 4]},
						{"origin": [7, 5, 7], "size": [1, 1, 1], "uv": [0, 6]},
						{"origin": [8, 4, 7], "size": [1, 1, 1], "uv": [4, 6]},
						{"origin": [8, 5, 7], "size": [1, 1, 1], "uv": [4, 6]},
						{"origin": [8, 6, 7], "size": [1, 1, 1], "uv": [4, 6]},
						{"origin": [9, 7, 7], "size": [1, 1, 1], "uv": [4, 6]},
						{"origin": [9, 8, 7], "size": [1, 1, 1], "uv": [4, 6]},
						{"origin": [9, 9, 7], "size": [1, 1, 1], "uv": [4, 6]},
						{"origin": [10, 9, 7], "size": [1, 1, 1], "uv": [36, 0]},
						{"origin": [10, 8, 7], "size": [1, 1, 1], "uv": [36, 0]},
						{"origin": [10, 7, 7], "size": [1, 1, 1], "uv": [36, 0]},
						{"origin": [10, 6, 7], "size": [1, 1, 1], "uv": [36, 0]},
						{"origin": [9, 6, 7], "size": [1, 1, 1], "uv": [36, 0]},
						{"origin": [9, 5, 7], "size": [1, 1, 1], "uv": [36, 0]},
						{"origin": [9, 4, 7], "size": [1, 1, 1], "uv": [36, 0]},
						{"origin": [9, 3, 7], "size": [1, 1, 1], "uv": [36, 0]},
						{"origin": [10, 3, 7], "size": [1, 1, 1], "uv": [36, 0]},
						{"origin": [10, 4, 7], "size": [1, 1, 1], "uv": [36, 0]},
						{"origin": [10, 5, 7], "size": [1, 1, 1], "uv": [36, 0]},
						{"origin": [11, 7, 7], "size": [1, 1, 1], "uv": [36, 0]},
						{"origin": [11, 8, 7], "size": [1, 1, 1], "uv": [36, 0]},
						{"origin": [12, 8, 7], "size": [1, 1, 1], "uv": [32, 0]},
						{"origin": [12, 7, 7], "size": [1, 1, 1], "uv": [32, 0]},
						{"origin": [11, 6, 7], "size": [1, 1, 1], "uv": [32, 0]},
						{"origin": [11, 5, 7], "size": [1, 1, 1], "uv": [32, 0]},
						{"origin": [11, 4, 7], "size": [1, 1, 1], "uv": [32, 0]},
						{"origin": [11, 4, 7], "size": [1, 1, 1], "uv": [32, 0]},
						{"origin": [11, 3, 7], "size": [1, 1, 1], "uv": [32, 0]},
						{"origin": [11, 2, 7], "size": [1, 1, 1], "uv": [32, 0]},
						{"origin": [12, 2, 7], "size": [1, 1, 1], "uv": [32, 0]},
						{"origin": [12, 1, 7], "size": [1, 1, 1], "uv": [32, 0]},
						{"origin": [13, 6, 7], "size": [1, 1, 1], "uv": [32, 0]},
						{"origin": [13, 7, 7], "size": [1, 1, 1], "uv": [32, 0]},
						{"origin": [13, 8, 7], "size": [1, 1, 1], "uv": [32, 0]},
						{"origin": [14, 8, 7], "size": [1, 1, 1], "uv": [32, 0]},
						{"origin": [14, 6, 7], "size": [1, 1, 1], "uv": [32, 0]},
						{"origin": [14, 5, 7], "size": [1, 1, 1], "uv": [32, 0]},
						{"origin": [15, 5, 7], "size": [1, 1, 1], "uv": [28, 0]},
						{"origin": [16, 5, 7], "size": [1, 1, 1], "uv": [28, 0]},
						{"origin": [16, 6, 7], "size": [1, 1, 1], "uv": [28, 0]},
						{"origin": [15, 6, 7], "size": [1, 1, 1], "uv": [28, 0]},
						{"origin": [15, 7, 7], "size": [1, 1, 1], "uv": [28, 0]},
						{"origin": [15, 8, 7], "size": [1, 1, 1], "uv": [28, 0]},
						{"origin": [16, 7, 7], "size": [1, 1, 1], "uv": [28, 0]},
						{"origin": [17, 7, 7], "size": [1, 1, 1], "uv": [28, 0]},
						{"origin": [17, 6, 7], "size": [1, 1, 1], "uv": [28, 0]},
						{"origin": [17, 5, 7], "size": [1, 1, 1], "uv": [24, 0]},
						{"origin": [18, 6, 7], "size": [1, 1, 1], "uv": [24, 0]},
						{"origin": [18, 7, 7], "size": [1, 1, 1], "uv": [24, 0]},
						{"origin": [19, 7, 7], "size": [1, 1, 1], "uv": [24, 0]},
						{"origin": [19, 6, 7], "size": [1, 1, 1], "uv": [24, 0]},
						{"origin": [19, 5, 7], "size": [1, 1, 1], "uv": [24, 0]},
						{"origin": [19, 4, 7], "size": [1, 1, 1], "uv": [24, 0]},
						{"origin": [18, 4, 7], "size": [1, 1, 1], "uv": [24, 0]},
						{"origin": [17, 4, 7], "size": [1, 1, 1], "uv": [24, 0]},
						{"origin": [18, 5, 7], "size": [1, 1, 1], "uv": [24, 0]},
						{"origin": [20, 5, 7], "size": [1, 1, 1], "uv": [24, 0]},
						{"origin": [20, 4, 7], "size": [1, 1, 1], "uv": [24, 0]},
						{"origin": [19, 3, 7], "size": [1, 1, 1], "uv": [24, 0]},
						{"origin": [20, 3, 7], "size": [1, 1, 1], "uv": [24, 0]},
						{"origin": [21, 3, 7], "size": [1, 1, 1], "uv": [24, 0]},
						{"origin": [22, 2, 7], "size": [1, 1, 1], "uv": [24, 0]},
						{"origin": [21, 2, 7], "size": [1, 1, 1], "uv": [24, 0]},
						{"origin": [14, 7, 7], "size": [1, 1, 1], "uv": [32, 0]},
						{"origin": [7, 6, 7], "size": [1, 1, 1], "uv": [0, 6]},
						{"origin": [8, 7, 7], "size": [1, 1, 1], "uv": [0, 6]},
						{"origin": [8, 8, 7], "size": [1, 1, 1], "uv": [0, 6]},
						{"origin": [8, 9, 7], "size": [1, 1, 1], "uv": [0, 6]},
						{"origin": [8, 12, 7], "size": [1, 1, 1], "uv": [4, 4]},
						{"origin": [8, 11, 7], "size": [1, 1, 1], "uv": [4, 4]},
						{"origin": [9, 11, 7], "size": [1, 1, 1], "uv": [4, 4]},
						{"origin": [10, 11, 7], "size": [1, 1, 1], "uv": [0, 6]},
						{"origin": [11, 11, 7], "size": [1, 1, 1], "uv": [0, 6]},
						{"origin": [11, 10, 7], "size": [1, 1, 1], "uv": [0, 6]},
						{"origin": [12, 10, 7], "size": [1, 1, 1], "uv": [0, 6]},
						{"origin": [12, 11, 7], "size": [1, 1, 1], "uv": [0, 6]},
						{"origin": [13, 10, 7], "size": [1, 1, 1], "uv": [0, 6]},
						{"origin": [13, 11, 7], "size": [1, 1, 1], "uv": [4, 6]},
						{"origin": [14, 10, 7], "size": [1, 1, 1], "uv": [4, 6]},
						{"origin": [15, 10, 7], "size": [1, 1, 1], "uv": [4, 6]},
						{"origin": [16, 10, 7], "size": [1, 1, 1], "uv": [4, 6]},
						{"origin": [16, 9, 7], "size": [1, 1, 1], "uv": [4, 6]},
						{"origin": [17, 10, 7], "size": [1, 1, 1], "uv": [36, 0]},
						{"origin": [18, 10, 7], "size": [1, 1, 1], "uv": [36, 0]},
						{"origin": [19, 10, 7], "size": [1, 1, 1], "uv": [32, 0]},
						{"origin": [19, 9, 7], "size": [1, 1, 1], "uv": [32, 0]},
						{"origin": [18, 9, 7], "size": [1, 1, 1], "uv": [36, 0]},
						{"origin": [20, 10, 7], "size": [1, 1, 1], "uv": [32, 0]},
						{"origin": [21, 8, 7], "size": [1, 1, 1], "uv": [32, 0]},
						{"origin": [21, 9, 7], "size": [1, 1, 1], "uv": [28, 0]},
						{"origin": [21, 10, 7], "size": [1, 1, 1], "uv": [28, 0]},
						{"origin": [22, 10, 7], "size": [1, 1, 1], "uv": [28, 0]},
						{"origin": [22, 9, 7], "size": [1, 1, 1], "uv": [28, 0]},
						{"origin": [23, 9, 7], "size": [1, 1, 1], "uv": [28, 0]},
						{"origin": [23, 8, 7], "size": [1, 1, 1], "uv": [24, 0]},
						{"origin": [24, 8, 7], "size": [1, 1, 1], "uv": [24, 0]},
						{"origin": [25, 7, 7], "size": [1, 1, 1], "uv": [24, 0]},
						{"origin": [22, 8, 7], "size": [1, 1, 1], "uv": [28, 0]},
						{"origin": [20, 8, 7], "size": [1, 1, 1], "uv": [32, 0]},
						{"origin": [20, 9, 7], "size": [1, 1, 1], "uv": [32, 0]},
						{"origin": [17, 9, 7], "size": [1, 1, 1], "uv": [36, 0]},
						{"origin": [7, 7, 7], "size": [1, 1, 1], "uv": [4, 4]},
						{"origin": [7, 8, 7], "size": [1, 1, 1], "uv": [4, 4]},
						{"origin": [7, 9, 7], "size": [1, 1, 1], "uv": [4, 4]},
						{"origin": [6, 6, 7], "size": [1, 1, 1], "uv": [4, 4]},
						{"origin": [4, 6, 7], "size": [1, 1, 1], "uv": [4, 4]},
						{"origin": [5, 6, 7], "size": [1, 1, 1], "uv": [4, 4]},
						{"origin": [4, 5, 7], "size": [1, 1, 1], "uv": [24, 0]},
						{"origin": [5, 5, 7], "size": [1, 1, 1], "uv": [28, 0]},
						{"origin": [6, 4, 7], "size": [1, 1, 1], "uv": [28, 0]},
						{"origin": [7, 4, 7], "size": [1, 1, 1], "uv": [32, 0]},
						{"origin": [8, 3, 7], "size": [1, 1, 1], "uv": [36, 0]},
						{"origin": [9, 2, 7], "size": [1, 1, 1], "uv": [36, 0]},
						{"origin": [10, 2, 7], "size": [1, 1, 1], "uv": [36, 0]},
						{"origin": [11, 1, 7], "size": [1, 1, 1], "uv": [4, 6]},
						{"origin": [12, 0, 7], "size": [1, 1, 1], "uv": [4, 6]},
						{"origin": [13, 0, 7], "size": [1, 1, 1], "uv": [4, 6]},
						{"origin": [13, 1, 7], "size": [1, 1, 1], "uv": [4, 6]},
						{"origin": [13, 2, 7], "size": [1, 1, 1], "uv": [4, 6]},
						{"origin": [12, 3, 7], "size": [1, 1, 1], "uv": [4, 6]},
						{"origin": [12, 4, 7], "size": [1, 1, 1], "uv": [4, 6]},
						{"origin": [12, 5, 7], "size": [1, 1, 1], "uv": [4, 6]},
						{"origin": [12, 6, 7], "size": [1, 1, 1], "uv": [4, 6]},
						{"origin": [13, 5, 7], "size": [1, 1, 1], "uv": [0, 6]},
						{"origin": [14, 4, 7], "size": [1, 1, 1], "uv": [0, 6]},
						{"origin": [15, 4, 7], "size": [1, 1, 1], "uv": [0, 6]},
						{"origin": [16, 4, 7], "size": [1, 1, 1], "uv": [4, 4]},
						{"origin": [17, 3, 7], "size": [1, 1, 1], "uv": [4, 4]},
						{"origin": [18, 3, 7], "size": [1, 1, 1], "uv": [4, 4]},
						{"origin": [19, 2, 7], "size": [1, 1, 1], "uv": [4, 4]},
						{"origin": [20, 2, 7], "size": [1, 1, 1], "uv": [4, 4]},
						{"origin": [21, 1, 7], "size": [1, 1, 1], "uv": [4, 4]},
						{"origin": [22, 1, 7], "size": [1, 1, 1], "uv": [4, 4]},
						{"origin": [23, 1, 7], "size": [1, 1, 1], "uv": [4, 4]},
						{"origin": [23, 2, 7], "size": [1, 1, 1], "uv": [4, 4]},
						{"origin": [22, 3, 7], "size": [1, 1, 1], "uv": [4, 4]},
						{"origin": [21, 4, 7], "size": [1, 1, 1], "uv": [4, 4]},
						{"origin": [21, 5, 7], "size": [1, 1, 1], "uv": [4, 4]},
						{"origin": [20, 6, 7], "size": [1, 1, 1], "uv": [4, 4]},
						{"origin": [20, 7, 7], "size": [1, 1, 1], "uv": [4, 4]},
						{"origin": [19, 8, 7], "size": [1, 1, 1], "uv": [0, 6]},
						{"origin": [18, 8, 7], "size": [1, 1, 1], "uv": [0, 6]},
						{"origin": [17, 8, 7], "size": [1, 1, 1], "uv": [4, 6]},
						{"origin": [16, 8, 7], "size": [1, 1, 1], "uv": [4, 6]},
						{"origin": [15, 9, 7], "size": [1, 1, 1], "uv": [4, 6]},
						{"origin": [14, 9, 7], "size": [1, 1, 1], "uv": [4, 6]},
						{"origin": [13, 9, 7], "size": [1, 1, 1], "uv": [36, 0]},
						{"origin": [12, 9, 7], "size": [1, 1, 1], "uv": [36, 0]},
						{"origin": [11, 9, 7], "size": [1, 1, 1], "uv": [32, 0]},
						{"origin": [10, 10, 7], "size": [1, 1, 1], "uv": [32, 0]},
						{"origin": [9, 10, 7], "size": [1, 1, 1], "uv": [28, 0]},
						{"origin": [8, 10, 7], "size": [1, 1, 1], "uv": [28, 0]},
						{"origin": [21, 7, 7], "size": [1, 1, 1], "uv": [4, 4]},
						{"origin": [22, 7, 7], "size": [1, 1, 1], "uv": [4, 4]},
						{"origin": [23, 7, 7], "size": [1, 1, 1], "uv": [4, 4]},
						{"origin": [24, 7, 7], "size": [1, 1, 1], "uv": [4, 4]},
						{"origin": [25, 6, 7], "size": [1, 1, 1], "uv": [4, 4]},
						{"origin": [26, 6, 7], "size": [1, 1, 1], "uv": [4, 4]},
						{"origin": [26, 7, 7], "size": [1, 1, 1], "uv": [4, 4]},
						{"origin": [25, 8, 7], "size": [1, 1, 1], "uv": [4, 4]},
						{"origin": [24, 9, 7], "size": [1, 1, 1], "uv": [4, 4]},
						{"origin": [23, 10, 7], "size": [1, 1, 1], "uv": [4, 4]},
						{"origin": [22, 11, 7], "size": [1, 1, 1], "uv": [4, 4]},
						{"origin": [21, 11, 7], "size": [1, 1, 1], "uv": [4, 4]},
						{"origin": [20, 11, 7], "size": [1, 1, 1], "uv": [0, 6]},
						{"origin": [19, 11, 7], "size": [1, 1, 1], "uv": [0, 6]},
						{"origin": [18, 11, 7], "size": [1, 1, 1], "uv": [0, 6]},
						{"origin": [17, 11, 7], "size": [1, 1, 1], "uv": [4, 6]},
						{"origin": [16, 11, 7], "size": [1, 1, 1], "uv": [4, 6]},
						{"origin": [15, 11, 7], "size": [1, 1, 1], "uv": [36, 0]},
						{"origin": [14, 11, 7], "size": [1, 1, 1], "uv": [36, 0]},
						{"origin": [13, 12, 7], "size": [1, 1, 1], "uv": [36, 0]},
						{"origin": [12, 12, 7], "size": [1, 1, 1], "uv": [36, 0]},
						{"origin": [11, 12, 7], "size": [1, 1, 1], "uv": [32, 0]},
						{"origin": [10, 12, 7], "size": [1, 1, 1], "uv": [28, 0]},
						{"origin": [9, 12, 7], "size": [1, 1, 1], "uv": [24, 0]},
						{"origin": [8, 13, 7], "size": [1, 1, 1], "uv": [24, 0]},
						{"origin": [24, 10, 7], "size": [1, 1, 1], "uv": [4, 4]},
						{"origin": [25, 10, 7], "size": [1, 1, 1], "uv": [4, 4]},
						{"origin": [26, 10, 7], "size": [1, 1, 1], "uv": [4, 4]},
						{"origin": [27, 10, 7], "size": [1, 1, 1], "uv": [4, 4]},
						{"origin": [28, 10, 7], "size": [1, 1, 1], "uv": [4, 4]},
						{"origin": [29, 10, 7], "size": [1, 1, 1], "uv": [4, 4]},
						{"origin": [28, 11, 7], "size": [1, 1, 1], "uv": [4, 4]},
						{"origin": [27, 12, 7], "size": [1, 1, 1], "uv": [4, 4]},
						{"origin": [26, 12, 7], "size": [1, 1, 1], "uv": [4, 4]},
						{"origin": [25, 13, 7], "size": [1, 1, 1], "uv": [4, 4]},
						{"origin": [24, 14, 7], "size": [1, 1, 1], "uv": [4, 4]},
						{"origin": [24, 15, 7], "size": [1, 1, 1], "uv": [4, 4]},
						{"origin": [23, 15, 7], "size": [1, 1, 1], "uv": [4, 4]},
						{"origin": [22, 15, 7], "size": [1, 1, 1], "uv": [4, 4]},
						{"origin": [21, 15, 7], "size": [1, 1, 1], "uv": [0, 6]},
						{"origin": [20, 15, 7], "size": [1, 1, 1], "uv": [0, 6]},
						{"origin": [19, 14, 7], "size": [1, 1, 1], "uv": [4, 6]},
						{"origin": [18, 14, 7], "size": [1, 1, 1], "uv": [4, 6]},
						{"origin": [17, 13, 7], "size": [1, 1, 1], "uv": [4, 6]},
						{"origin": [16, 13, 7], "size": [1, 1, 1], "uv": [4, 6]},
						{"origin": [15, 12, 7], "size": [1, 1, 1], "uv": [36, 0]},
						{"origin": [21, 15, 7], "size": [1, 1, 1], "uv": [0, 6]},
						{"origin": [25, 15, 7], "size": [1, 1, 1], "uv": [4, 4]},
						{"origin": [26, 15, 7], "size": [1, 1, 1], "uv": [4, 4]},
						{"origin": [26, 16, 7], "size": [1, 1, 1], "uv": [4, 4]},
						{"origin": [27, 16, 7], "size": [1, 1, 1], "uv": [4, 4]},
						{"origin": [28, 16, 7], "size": [1, 1, 1], "uv": [4, 4]},
						{"origin": [29, 16, 7], "size": [1, 1, 1], "uv": [4, 4]},
						{"origin": [30, 16, 7], "size": [1, 1, 1], "uv": [4, 4]},
						{"origin": [31, 16, 7], "size": [1, 1, 1], "uv": [4, 4]},
						{"origin": [32, 16, 7], "size": [1, 1, 1], "uv": [4, 4]},
						{"origin": [33, 17, 7], "size": [1, 1, 1], "uv": [4, 4]},
						{"origin": [32, 18, 7], "size": [1, 1, 1], "uv": [4, 4]},
						{"origin": [31, 18, 7], "size": [1, 1, 1], "uv": [4, 4]},
						{"origin": [30, 18, 7], "size": [1, 1, 1], "uv": [4, 4]},
						{"origin": [29, 18, 7], "size": [1, 1, 1], "uv": [4, 4]},
						{"origin": [28, 19, 7], "size": [1, 1, 1], "uv": [4, 4]},
						{"origin": [27, 19, 7], "size": [1, 1, 1], "uv": [4, 4]},
						{"origin": [27, 21, 7], "size": [1, 1, 1], "uv": [0, 6]},
						{"origin": [28, 21, 7], "size": [1, 1, 1], "uv": [0, 6]},
						{"origin": [29, 21, 7], "size": [1, 1, 1], "uv": [4, 4]},
						{"origin": [30, 22, 7], "size": [1, 1, 1], "uv": [4, 4]},
						{"origin": [31, 22, 7], "size": [1, 1, 1], "uv": [4, 4]},
						{"origin": [31, 23, 7], "size": [1, 1, 1], "uv": [4, 4]},
						{"origin": [30, 23, 7], "size": [1, 1, 1], "uv": [4, 4]},
						{"origin": [32, 23, 7], "size": [1, 1, 1], "uv": [4, 4]},
						{"origin": [33, 23, 7], "size": [1, 1, 1], "uv": [4, 4]},
						{"origin": [29, 23, 7], "size": [1, 1, 1], "uv": [0, 6]},
						{"origin": [28, 23, 7], "size": [1, 1, 1], "uv": [4, 6]},
						{"origin": [27, 24, 7], "size": [1, 1, 1], "uv": [4, 6]},
						{"origin": [28, 25, 7], "size": [1, 1, 1], "uv": [4, 6]},
						{"origin": [29, 25, 7], "size": [1, 1, 1], "uv": [0, 6]},
						{"origin": [30, 26, 7], "size": [1, 1, 1], "uv": [0, 6]},
						{"origin": [30, 27, 7], "size": [1, 1, 1], "uv": [0, 6]},
						{"origin": [31, 27, 7], "size": [1, 1, 1], "uv": [4, 4]},
						{"origin": [32, 27, 7], "size": [1, 1, 1], "uv": [4, 4]},
						{"origin": [32, 28, 7], "size": [1, 1, 1], "uv": [4, 4]},
						{"origin": [33, 28, 7], "size": [1, 1, 1], "uv": [4, 4]},
						{"origin": [29, 27, 7], "size": [1, 1, 1], "uv": [0, 6]},
						{"origin": [28, 27, 7], "size": [1, 1, 1], "uv": [4, 6]},
						{"origin": [27, 26, 7], "size": [1, 1, 1], "uv": [36, 0]},
						{"origin": [26, 26, 7], "size": [1, 1, 1], "uv": [32, 0]},
						{"origin": [25, 26, 7], "size": [1, 1, 1], "uv": [32, 0]},
						{"origin": [24, 26, 7], "size": [1, 1, 1], "uv": [32, 0]},
						{"origin": [23, 26, 7], "size": [1, 1, 1], "uv": [32, 0]},
						{"origin": [22, 27, 7], "size": [1, 1, 1], "uv": [32, 0]},
						{"origin": [22, 25, 7], "size": [1, 1, 1], "uv": [32, 0]},
						{"origin": [30, 26, 7], "size": [1, 1, 1], "uv": [0, 6]},
						{"origin": [26, 24, 7], "size": [1, 1, 1], "uv": [36, 0]},
						{"origin": [25, 23, 7], "size": [1, 1, 1], "uv": [36, 0]},
						{"origin": [24, 23, 7], "size": [1, 1, 1], "uv": [36, 0]},
						{"origin": [23, 23, 7], "size": [1, 1, 1], "uv": [32, 0]},
						{"origin": [22, 23, 7], "size": [1, 1, 1], "uv": [32, 0]},
						{"origin": [21, 23, 7], "size": [1, 1, 1], "uv": [28, 0]},
						{"origin": [19, 23, 7], "size": [1, 1, 1], "uv": [24, 0]},
						{"origin": [20, 23, 7], "size": [1, 1, 1], "uv": [24, 0]},
						{"origin": [20, 24, 7], "size": [1, 1, 1], "uv": [4, 4]},
						{"origin": [23, 25, 7], "size": [1, 1, 1], "uv": [4, 4]},
						{"origin": [23, 24, 7], "size": [1, 1, 1], "uv": [0, 6]},
						{"origin": [24, 25, 7], "size": [1, 1, 1], "uv": [0, 6]},
						{"origin": [24, 24, 7], "size": [1, 1, 1], "uv": [36, 0]},
						{"origin": [25, 25, 7], "size": [1, 1, 1], "uv": [28, 0]},
						{"origin": [26, 25, 7], "size": [1, 1, 1], "uv": [24, 0]},
						{"origin": [27, 25, 7], "size": [1, 1, 1], "uv": [24, 0]},
						{"origin": [28, 26, 7], "size": [1, 1, 1], "uv": [24, 0]},
						{"origin": [29, 26, 7], "size": [1, 1, 1], "uv": [24, 0]},
						{"origin": [25, 24, 7], "size": [1, 1, 1], "uv": [28, 0]},
						{"origin": [21, 24, 7], "size": [1, 1, 1], "uv": [4, 4]},
						{"origin": [22, 24, 7], "size": [1, 1, 1], "uv": [4, 4]},
						{"origin": [26, 20, 7], "size": [1, 1, 1], "uv": [0, 6]},
						{"origin": [25, 20, 7], "size": [1, 1, 1], "uv": [0, 6]},
						{"origin": [24, 21, 7], "size": [1, 1, 1], "uv": [0, 6]},
						{"origin": [23, 21, 7], "size": [1, 1, 1], "uv": [0, 6]},
						{"origin": [23, 19, 7], "size": [1, 1, 1], "uv": [0, 6]},
						{"origin": [24, 19, 7], "size": [1, 1, 1], "uv": [0, 6]},
						{"origin": [22, 20, 7], "size": [1, 1, 1], "uv": [4, 6]},
						{"origin": [21, 19, 7], "size": [1, 1, 1], "uv": [4, 6]},
						{"origin": [20, 18, 7], "size": [1, 1, 1], "uv": [36, 0]},
						{"origin": [19, 18, 7], "size": [1, 1, 1], "uv": [36, 0]},
						{"origin": [18, 17, 7], "size": [1, 1, 1], "uv": [36, 0]},
						{"origin": [17, 17, 7], "size": [1, 1, 1], "uv": [36, 0]},
						{"origin": [17, 16, 7], "size": [1, 1, 1], "uv": [36, 0]},
						{"origin": [18, 16, 7], "size": [1, 1, 1], "uv": [36, 0]},
						{"origin": [19, 16, 7], "size": [1, 1, 1], "uv": [36, 0]},
						{"origin": [16, 16, 7], "size": [1, 1, 1], "uv": [32, 0]},
						{"origin": [15, 16, 7], "size": [1, 1, 1], "uv": [32, 0]},
						{"origin": [14, 16, 7], "size": [1, 1, 1], "uv": [28, 0]},
						{"origin": [13, 16, 7], "size": [1, 1, 1], "uv": [28, 0]},
						{"origin": [12, 16, 7], "size": [1, 1, 1], "uv": [24, 0]},
						{"origin": [12, 15, 7], "size": [1, 1, 1], "uv": [24, 0]},
						{"origin": [11, 16, 7], "size": [1, 1, 1], "uv": [24, 0]},
						{"origin": [10, 16, 7], "size": [1, 1, 1], "uv": [24, 0]},
						{"origin": [9, 16, 7], "size": [1, 1, 1], "uv": [24, 0]},
						{"origin": [8, 16, 7], "size": [1, 1, 1], "uv": [24, 0]},
						{"origin": [7, 16, 7], "size": [1, 1, 1], "uv": [24, 0]},
						{"origin": [7, 15, 7], "size": [1, 1, 1], "uv": [4, 4]},
						{"origin": [7, 14, 7], "size": [1, 1, 1], "uv": [4, 4]},
						{"origin": [8, 14, 7], "size": [1, 1, 1], "uv": [4, 4]},
						{"origin": [8, 15, 7], "size": [1, 1, 1], "uv": [4, 4]},
						{"origin": [9, 15, 7], "size": [1, 1, 1], "uv": [4, 4]},
						{"origin": [9, 17, 7], "size": [1, 1, 1], "uv": [4, 4]},
						{"origin": [10, 17, 7], "size": [1, 1, 1], "uv": [4, 4]},
						{"origin": [11, 17, 7], "size": [1, 1, 1], "uv": [4, 4]},
						{"origin": [11, 18, 7], "size": [1, 1, 1], "uv": [4, 4]},
						{"origin": [12, 19, 7], "size": [1, 1, 1], "uv": [4, 4]},
						{"origin": [13, 19, 7], "size": [1, 1, 1], "uv": [4, 4]},
						{"origin": [13, 18, 7], "size": [1, 1, 1], "uv": [4, 4]},
						{"origin": [12, 17, 7], "size": [1, 1, 1], "uv": [4, 4]},
						{"origin": [13, 17, 7], "size": [1, 1, 1], "uv": [0, 6]},
						{"origin": [14, 17, 7], "size": [1, 1, 1], "uv": [0, 6]},
						{"origin": [14, 18, 7], "size": [1, 1, 1], "uv": [0, 6]},
						{"origin": [14, 19, 7], "size": [1, 1, 1], "uv": [0, 6]},
						{"origin": [14, 20, 7], "size": [1, 1, 1], "uv": [0, 6]},
						{"origin": [15, 20, 7], "size": [1, 1, 1], "uv": [0, 6]},
						{"origin": [15, 19, 7], "size": [1, 1, 1], "uv": [0, 6]},
						{"origin": [15, 18, 7], "size": [1, 1, 1], "uv": [0, 6]},
						{"origin": [16, 17, 7], "size": [1, 1, 1], "uv": [0, 6]},
						{"origin": [16, 18, 7], "size": [1, 1, 1], "uv": [0, 6]},
						{"origin": [16, 19, 7], "size": [1, 1, 1], "uv": [36, 0]},
						{"origin": [16, 20, 7], "size": [1, 1, 1], "uv": [36, 0]},
						{"origin": [17, 21, 7], "size": [1, 1, 1], "uv": [36, 0]},
						{"origin": [17, 22, 7], "size": [1, 1, 1], "uv": [36, 0]},
						{"origin": [17, 20, 7], "size": [1, 1, 1], "uv": [36, 0]},
						{"origin": [17, 19, 7], "size": [1, 1, 1], "uv": [32, 0]},
						{"origin": [18, 19, 7], "size": [1, 1, 1], "uv": [32, 0]},
						{"origin": [18, 20, 7], "size": [1, 1, 1], "uv": [32, 0]},
						{"origin": [18, 21, 7], "size": [1, 1, 1], "uv": [32, 0]},
						{"origin": [18, 22, 7], "size": [1, 1, 1], "uv": [32, 0]},
						{"origin": [19, 19, 7], "size": [1, 1, 1], "uv": [32, 0]},
						{"origin": [19, 17, 7], "size": [1, 1, 1], "uv": [32, 0]},
						{"origin": [19, 20, 7], "size": [1, 1, 1], "uv": [32, 0]},
						{"origin": [19, 21, 7], "size": [1, 1, 1], "uv": [32, 0]},
						{"origin": [19, 22, 7], "size": [1, 1, 1], "uv": [32, 0]},
						{"origin": [20, 17, 7], "size": [1, 1, 1], "uv": [32, 0]},
						{"origin": [20, 19, 7], "size": [1, 1, 1], "uv": [32, 0]},
						{"origin": [20, 20, 7], "size": [1, 1, 1], "uv": [32, 0]},
						{"origin": [20, 21, 7], "size": [1, 1, 1], "uv": [28, 0]},
						{"origin": [20, 22, 7], "size": [1, 1, 1], "uv": [28, 0]},
						{"origin": [21, 22, 7], "size": [1, 1, 1], "uv": [28, 0]},
						{"origin": [21, 21, 7], "size": [1, 1, 1], "uv": [28, 0]},
						{"origin": [21, 20, 7], "size": [1, 1, 1], "uv": [28, 0]},
						{"origin": [21, 18, 7], "size": [1, 1, 1], "uv": [28, 0]},
						{"origin": [21, 17, 7], "size": [1, 1, 1], "uv": [28, 0]},
						{"origin": [21, 16, 7], "size": [1, 1, 1], "uv": [28, 0]},
						{"origin": [22, 16, 7], "size": [1, 1, 1], "uv": [28, 0]},
						{"origin": [23, 16, 7], "size": [1, 1, 1], "uv": [28, 0]},
						{"origin": [24, 17, 7], "size": [1, 1, 1], "uv": [28, 0]},
						{"origin": [23, 17, 7], "size": [1, 1, 1], "uv": [28, 0]},
						{"origin": [23, 18, 7], "size": [1, 1, 1], "uv": [28, 0]},
						{"origin": [24, 18, 7], "size": [1, 1, 1], "uv": [28, 0]},
						{"origin": [24, 20, 7], "size": [1, 1, 1], "uv": [28, 0]},
						{"origin": [23, 20, 7], "size": [1, 1, 1], "uv": [28, 0]},
						{"origin": [23, 22, 7], "size": [1, 1, 1], "uv": [28, 0]},
						{"origin": [24, 22, 7], "size": [1, 1, 1], "uv": [28, 0]},
						{"origin": [25, 21, 7], "size": [1, 1, 1], "uv": [28, 0]},
						{"origin": [25, 19, 7], "size": [1, 1, 1], "uv": [28, 0]},
						{"origin": [25, 18, 7], "size": [1, 1, 1], "uv": [28, 0]},
						{"origin": [25, 17, 7], "size": [1, 1, 1], "uv": [28, 0]},
						{"origin": [25, 16, 7], "size": [1, 1, 1], "uv": [28, 0]},
						{"origin": [26, 17, 7], "size": [1, 1, 1], "uv": [24, 0]},
						{"origin": [27, 17, 7], "size": [1, 1, 1], "uv": [24, 0]},
						{"origin": [28, 17, 7], "size": [1, 1, 1], "uv": [24, 0]},
						{"origin": [29, 17, 7], "size": [1, 1, 1], "uv": [24, 0]},
						{"origin": [30, 17, 7], "size": [1, 1, 1], "uv": [24, 0]},
						{"origin": [31, 17, 7], "size": [1, 1, 1], "uv": [24, 0]},
						{"origin": [32, 17, 7], "size": [1, 1, 1], "uv": [24, 0]},
						{"origin": [28, 18, 7], "size": [1, 1, 1], "uv": [24, 0]},
						{"origin": [27, 18, 7], "size": [1, 1, 1], "uv": [24, 0]},
						{"origin": [26, 19, 7], "size": [1, 1, 1], "uv": [24, 0]},
						{"origin": [26, 21, 7], "size": [1, 1, 1], "uv": [24, 0]},
						{"origin": [25, 22, 7], "size": [1, 1, 1], "uv": [24, 0]},
						{"origin": [26, 22, 7], "size": [1, 1, 1], "uv": [24, 0]},
						{"origin": [26, 23, 7], "size": [1, 1, 1], "uv": [24, 0]},
						{"origin": [27, 23, 7], "size": [1, 1, 1], "uv": [24, 0]},
						{"origin": [27, 22, 7], "size": [1, 1, 1], "uv": [24, 0]},
						{"origin": [28, 22, 7], "size": [1, 1, 1], "uv": [24, 0]},
						{"origin": [29, 22, 7], "size": [1, 1, 1], "uv": [24, 0]},
						{"origin": [26, 18, 7], "size": [1, 1, 1], "uv": [24, 0]},
						{"origin": [24, 16, 7], "size": [1, 1, 1], "uv": [28, 0]},
						{"origin": [22, 17, 7], "size": [1, 1, 1], "uv": [28, 0]},
						{"origin": [22, 18, 7], "size": [1, 1, 1], "uv": [28, 0]},
						{"origin": [22, 19, 7], "size": [1, 1, 1], "uv": [28, 0]},
						{"origin": [22, 21, 7], "size": [1, 1, 1], "uv": [28, 0]},
						{"origin": [22, 22, 7], "size": [1, 1, 1], "uv": [28, 0]},
						{"origin": [20, 16, 7], "size": [1, 1, 1], "uv": [32, 0]},
						{"origin": [17, 18, 7], "size": [1, 1, 1], "uv": [32, 0]},
						{"origin": [18, 18, 7], "size": [1, 1, 1], "uv": [32, 0]},
						{"origin": [16, 21, 7], "size": [1, 1, 1], "uv": [36, 0]},
						{"origin": [15, 17, 7], "size": [1, 1, 1], "uv": [0, 6]},
						{"origin": [12, 18, 7], "size": [1, 1, 1], "uv": [4, 4]},
						{"origin": [9, 14, 7], "size": [1, 1, 1], "uv": [4, 4]},
						{"origin": [9, 13, 7], "size": [1, 1, 1], "uv": [4, 4]},
						{"origin": [10, 13, 7], "size": [1, 1, 1], "uv": [4, 4]},
						{"origin": [10, 14, 7], "size": [1, 1, 1], "uv": [4, 4]},
						{"origin": [10, 15, 7], "size": [1, 1, 1], "uv": [0, 6]},
						{"origin": [11, 15, 7], "size": [1, 1, 1], "uv": [0, 6]},
						{"origin": [11, 14, 7], "size": [1, 1, 1], "uv": [0, 6]},
						{"origin": [11, 13, 7], "size": [1, 1, 1], "uv": [0, 6]},
						{"origin": [12, 13, 7], "size": [1, 1, 1], "uv": [0, 6]},
						{"origin": [13, 13, 7], "size": [1, 1, 1], "uv": [0, 6]},
						{"origin": [12, 14, 7], "size": [1, 1, 1], "uv": [0, 6]},
						{"origin": [13, 14, 7], "size": [1, 1, 1], "uv": [4, 6]},
						{"origin": [13, 15, 7], "size": [1, 1, 1], "uv": [4, 6]},
						{"origin": [14, 15, 7], "size": [1, 1, 1], "uv": [4, 6]},
						{"origin": [14, 14, 7], "size": [1, 1, 1], "uv": [4, 6]},
						{"origin": [14, 13, 7], "size": [1, 1, 1], "uv": [4, 6]},
						{"origin": [15, 13, 7], "size": [1, 1, 1], "uv": [4, 6]},
						{"origin": [15, 14, 7], "size": [1, 1, 1], "uv": [36, 0]},
						{"origin": [16, 14, 7], "size": [1, 1, 1], "uv": [36, 0]},
						{"origin": [16, 15, 7], "size": [1, 1, 1], "uv": [36, 0]},
						{"origin": [15, 15, 7], "size": [1, 1, 1], "uv": [36, 0]},
						{"origin": [16, 12, 7], "size": [1, 1, 1], "uv": [36, 0]},
						{"origin": [17, 12, 7], "size": [1, 1, 1], "uv": [36, 0]},
						{"origin": [17, 14, 7], "size": [1, 1, 1], "uv": [32, 0]},
						{"origin": [17, 15, 7], "size": [1, 1, 1], "uv": [32, 0]},
						{"origin": [18, 12, 7], "size": [1, 1, 1], "uv": [32, 0]},
						{"origin": [18, 13, 7], "size": [1, 1, 1], "uv": [32, 0]},
						{"origin": [18, 15, 7], "size": [1, 1, 1], "uv": [32, 0]},
						{"origin": [19, 15, 7], "size": [1, 1, 1], "uv": [32, 0]},
						{"origin": [19, 13, 7], "size": [1, 1, 1], "uv": [32, 0]},
						{"origin": [19, 12, 7], "size": [1, 1, 1], "uv": [32, 0]},
						{"origin": [20, 12, 7], "size": [1, 1, 1], "uv": [32, 0]},
						{"origin": [20, 13, 7], "size": [1, 1, 1], "uv": [28, 0]},
						{"origin": [20, 14, 7], "size": [1, 1, 1], "uv": [28, 0]},
						{"origin": [21, 14, 7], "size": [1, 1, 1], "uv": [28, 0]},
						{"origin": [21, 13, 7], "size": [1, 1, 1], "uv": [28, 0]},
						{"origin": [21, 12, 7], "size": [1, 1, 1], "uv": [28, 0]},
						{"origin": [22, 12, 7], "size": [1, 1, 1], "uv": [28, 0]},
						{"origin": [22, 13, 7], "size": [1, 1, 1], "uv": [28, 0]},
						{"origin": [22, 14, 7], "size": [1, 1, 1], "uv": [28, 0]},
						{"origin": [23, 11, 7], "size": [1, 1, 1], "uv": [28, 0]},
						{"origin": [23, 12, 7], "size": [1, 1, 1], "uv": [28, 0]},
						{"origin": [23, 13, 7], "size": [1, 1, 1], "uv": [24, 0]},
						{"origin": [23, 14, 7], "size": [1, 1, 1], "uv": [24, 0]},
						{"origin": [24, 13, 7], "size": [1, 1, 1], "uv": [24, 0]},
						{"origin": [24, 12, 7], "size": [1, 1, 1], "uv": [24, 0]},
						{"origin": [24, 11, 7], "size": [1, 1, 1], "uv": [24, 0]},
						{"origin": [25, 11, 7], "size": [1, 1, 1], "uv": [24, 0]},
						{"origin": [25, 12, 7], "size": [1, 1, 1], "uv": [24, 0]},
						{"origin": [26, 11, 7], "size": [1, 1, 1], "uv": [24, 0]},
						{"origin": [27, 11, 7], "size": [1, 1, 1], "uv": [24, 0]},
						{"origin": [14, 12, 7], "size": [1, 1, 1], "uv": [4, 6]},
						{"origin": [27, 6, 7], "size": [1, 1, 1], "uv": [4, 4]},
						{"origin": [4, 7, 7], "size": [1, 1, 1], "uv": [4, 0]},
						{"origin": [5, 7, 7], "size": [1, 1, 1], "uv": [4, 0]},
						{"origin": [6, 7, 7], "size": [1, 1, 1], "uv": [4, 0]},
						{"origin": [6, 8, 7], "size": [1, 1, 1], "uv": [4, 0]},
						{"origin": [6, 9, 7], "size": [1, 1, 1], "uv": [4, 0]},
						{"origin": [7, 10, 7], "size": [1, 1, 1], "uv": [4, 0]},
						{"origin": [7, 11, 7], "size": [1, 1, 1], "uv": [4, 0]},
						{"origin": [7, 12, 7], "size": [1, 1, 1], "uv": [4, 0]},
						{"origin": [7, 13, 7], "size": [1, 1, 1], "uv": [4, 0]},
						{"origin": [6, 14, 7], "size": [1, 1, 1], "uv": [4, 0]},
						{"origin": [6, 15, 7], "size": [1, 1, 1], "uv": [4, 0]},
						{"origin": [6, 16, 7], "size": [1, 1, 1], "uv": [4, 0]},
						{"origin": [6, 17, 7], "size": [1, 1, 1], "uv": [4, 0]},
						{"origin": [7, 17, 7], "size": [1, 1, 1], "uv": [4, 0]},
						{"origin": [8, 17, 7], "size": [1, 1, 1], "uv": [4, 0]},
						{"origin": [9, 18, 7], "size": [1, 1, 1], "uv": [4, 0]},
						{"origin": [10, 18, 7], "size": [1, 1, 1], "uv": [4, 0]},
						{"origin": [11, 19, 7], "size": [1, 1, 1], "uv": [4, 0]},
						{"origin": [12, 20, 7], "size": [1, 1, 1], "uv": [4, 0]},
						{"origin": [13, 20, 7], "size": [1, 1, 1], "uv": [4, 0]},
						{"origin": [14, 21, 7], "size": [1, 1, 1], "uv": [4, 0]},
						{"origin": [15, 21, 7], "size": [1, 1, 1], "uv": [4, 0]},
						{"origin": [16, 22, 7], "size": [1, 1, 1], "uv": [4, 0]},
						{"origin": [17, 23, 7], "size": [1, 1, 1], "uv": [4, 0]},
						{"origin": [18, 23, 7], "size": [1, 1, 1], "uv": [4, 0]},
						{"origin": [19, 24, 7], "size": [1, 1, 1], "uv": [4, 0]},
						{"origin": [20, 25, 7], "size": [1, 1, 1], "uv": [4, 0]},
						{"origin": [21, 25, 7], "size": [1, 1, 1], "uv": [4, 0]},
						{"origin": [21, 26, 7], "size": [1, 1, 1], "uv": [0, 4]},
						{"origin": [20, 26, 7], "size": [1, 1, 1], "uv": [0, 4]},
						{"origin": [19, 25, 7], "size": [1, 1, 1], "uv": [0, 4]},
						{"origin": [18, 24, 7], "size": [1, 1, 1], "uv": [0, 4]},
						{"origin": [17, 24, 7], "size": [1, 1, 1], "uv": [0, 4]},
						{"origin": [16, 23, 7], "size": [1, 1, 1], "uv": [0, 4]},
						{"origin": [15, 22, 7], "size": [1, 1, 1], "uv": [0, 4]},
						{"origin": [14, 22, 7], "size": [1, 1, 1], "uv": [0, 4]},
						{"origin": [13, 21, 7], "size": [1, 1, 1], "uv": [0, 4]},
						{"origin": [12, 21, 7], "size": [1, 1, 1], "uv": [0, 4]},
						{"origin": [11, 20, 7], "size": [1, 1, 1], "uv": [0, 4]},
						{"origin": [10, 19, 7], "size": [1, 1, 1], "uv": [0, 4]},
						{"origin": [9, 19, 7], "size": [1, 1, 1], "uv": [0, 4]},
						{"origin": [8, 18, 7], "size": [1, 1, 1], "uv": [0, 4]},
						{"origin": [7, 18, 7], "size": [1, 1, 1], "uv": [0, 4]},
						{"origin": [5, 18, 7], "size": [1, 1, 1], "uv": [0, 4]},
						{"origin": [5, 17, 7], "size": [1, 1, 1], "uv": [0, 4]},
						{"origin": [5, 16, 7], "size": [1, 1, 1], "uv": [0, 4]},
						{"origin": [5, 15, 7], "size": [1, 1, 1], "uv": [0, 4]},
						{"origin": [5, 14, 7], "size": [1, 1, 1], "uv": [0, 4]},
						{"origin": [6, 13, 7], "size": [1, 1, 1], "uv": [0, 4]},
						{"origin": [6, 12, 7], "size": [1, 1, 1], "uv": [0, 4]},
						{"origin": [6, 11, 7], "size": [1, 1, 1], "uv": [0, 4]},
						{"origin": [6, 10, 7], "size": [1, 1, 1], "uv": [0, 4]},
						{"origin": [5, 9, 7], "size": [1, 1, 1], "uv": [0, 4]},
						{"origin": [4, 10, 7], "size": [1, 1, 1], "uv": [0, 4]},
						{"origin": [4, 12, 7], "size": [1, 1, 1], "uv": [0, 4]},
						{"origin": [4, 8, 7], "size": [1, 1, 1], "uv": [0, 4]},
						{"origin": [3, 8, 7], "size": [1, 1, 1], "uv": [0, 4]},
						{"origin": [2, 8, 7], "size": [1, 1, 1], "uv": [0, 4]},
						{"origin": [1, 9, 7], "size": [1, 1, 1], "uv": [0, 4]},
						{"origin": [4, 11, 7], "size": [1, 1, 1], "uv": [0, 4]},
						{"origin": [6, 19, 7], "size": [1, 1, 1], "uv": [0, 4]},
						{"origin": [5, 20, 7], "size": [1, 1, 1], "uv": [0, 4]},
						{"origin": [4, 21, 7], "size": [1, 1, 1], "uv": [0, 4]},
						{"origin": [4, 22, 7], "size": [1, 1, 1], "uv": [0, 4]},
						{"origin": [4, 23, 7], "size": [1, 1, 1], "uv": [0, 4]},
						{"origin": [22, 26, 7], "size": [1, 1, 1], "uv": [4, 0]},
						{"origin": [6, 18, 7], "size": [1, 1, 1], "uv": [4, 0]},
						{"origin": [5, 19, 7], "size": [1, 1, 1], "uv": [4, 0]}
					]
				},
				{
					"name": "head",
					"parent": "body",
					"pivot": [0, 24, 0],
					"cubes": [
						{"origin": [-4, 24, -4], "size": [8, 8, 8], "uv": [0, 0]}
					]
				},
				{
					"name": "hat",
					"parent": "head",
					"pivot": [0, 24, 0],
					"cubes": [
						{"origin": [-4, 24, -4], "size": [8, 8, 8], "inflate": 0.5, "uv": [32, 0]}
					]
				},
				{
					"name": "leftArm",
					"parent": "body",
					"pivot": [5, 22, 0],
					"cubes": [
						{"origin": [4, 12, -2], "size": [4, 12, 4], "uv": [32, 48]}
					]
				},
				{
					"name": "leftSleeve",
					"parent": "leftArm",
					"pivot": [5, 22, 0],
					"cubes": [
						{"origin": [4, 12, -2], "size": [4, 12, 4], "inflate": 0.25, "uv": [48, 48]}
					]
				},
				{
					"name": "leftItem",
					"parent": "leftArm",
					"pivot": [6, 15, 1]
				},
				{
					"name": "rightArm",
					"parent": "body",
					"pivot": [-5, 22, 0],
					"cubes": [
						{"origin": [-8, 12, -2], "size": [4, 12, 4], "uv": [40, 16]}
					]
				},
				{
					"name": "rightSleeve",
					"parent": "rightArm",
					"pivot": [-5, 22, 0],
					"cubes": [
						{"origin": [-8, 12, -2], "size": [4, 12, 4], "inflate": 0.25, "uv": [40, 32]}
					]
				},
				{
					"name": "rightItem",
					"parent": "rightArm",
					"pivot": [-6, 15, 1],
					"locators": {
						"lead_hold": [-6, 15, 1]
					}
				},
				{
					"name": "jacket",
					"parent": "body",
					"pivot": [0, 24, 0],
					"cubes": [
						{"origin": [-4, 12, -2], "size": [8, 12, 4], "inflate": 0.25, "uv": [16, 32]}
					]
				},
				{
					"name": "cape",
					"parent": "body",
					"pivot": [0, 2, -2],
					"rotation": [-50, 0, -180]
				},
				{
					"name": "leftLeg",
					"parent": "root",
					"pivot": [1.9, 12, 0],
					"cubes": [
						{"origin": [-0.1, 0, -2], "size": [4, 12, 4], "uv": [16, 48]}
					]
				},
				{
					"name": "leftPants",
					"parent": "leftLeg",
					"pivot": [1.9, 12, 0],
					"cubes": [
						{"origin": [-0.1, 0, -2], "size": [4, 12, 4], "inflate": 0.25, "uv": [0, 48]}
					]
				},
				{
					"name": "rightLeg",
					"parent": "root",
					"pivot": [-1.9, 12, 0],
					"cubes": [
						{"origin": [-3.9, 0, -2], "size": [4, 12, 4], "uv": [0, 16]}
					]
				},
				{
					"name": "rightPants",
					"parent": "rightLeg",
					"pivot": [-1.9, 12, 0],
					"cubes": [
						{"origin": [-3.9, 0, -2], "size": [4, 12, 4], "inflate": 0.25, "uv": [0, 32]}
					]
				}
			]
		}
	]
}