{
	"format_version": "1.12.0",
	"minecraft:geometry": [
		{
			"description": {
				"identifier": "geometry.davinci",
				"texture_width": 64,
				"texture_height": 64,
				"visible_bounds_width": 6,
				"visible_bounds_height": 3,
				"visible_bounds_offset": [0, 1.5, 0]
			},
			"bones": [
				{
					"name": "root",
					"pivot": [0, 0, 0]
				},
				{
					"name": "waist",
					"parent": "root",
					"pivot": [0, 12, 0]
				},
				{
					"name": "body",
					"parent": "waist",
					"pivot": [0, 24, 0],
					"cubes": [
						{"origin": [-4, 12, -2], "size": [8, 12, 4], "uv": [16, 16]}
					]
				},
				{
					"name": "Wings",
					"parent": "body",
					"pivot": [0, 0, 0],
					"rotation": [0, -5, 0],
					"cubes": [
						{"origin": [1, 20, 2], "size": [1, 1, 1], "uv": [0, 0]},
						{"origin": [1, 19, 2], "size": [1, 1, 1], "uv": [0, 0]},
						{"origin": [2, 20, 2], "size": [1, 1, 1], "uv": [0, 0]},
						{"origin": [4, 21, 2], "size": [1, 1, 1], "uv": [0, 0]},
						{"origin": [5, 21, 2], "size": [1, 1, 1], "uv": [0, 0]},
						{"origin": [6, 22, 2], "size": [1, 1, 1], "uv": [0, 0]},
						{"origin": [9, 22, 2], "size": [1, 1, 1], "uv": [0, 0]},
						{"origin": [9, 21, 2], "size": [1, 1, 1], "uv": [0, 0]},
						{"origin": [9, 20, 2], "size": [1, 1, 1], "uv": [4, 2]},
						{"origin": [9, 19, 2], "size": [1, 1, 1], "uv": [4, 2]},
						{"origin": [9, 18, 2], "size": [1, 1, 1], "uv": [4, 2]},
						{"origin": [9, 17, 2], "size": [1, 1, 1], "uv": [4, 2]},
						{"origin": [9, 16, 2], "size": [1, 1, 1], "uv": [4, 2]},
						{"origin": [9, 15, 2], "size": [1, 1, 1], "uv": [4, 2]},
						{"origin": [8, 22, 2], "size": [1, 1, 1], "uv": [4, 2]},
						{"origin": [4, 22, 2], "size": [1, 1, 1], "uv": [4, 2]},
						{"origin": [7, 24, 2], "size": [1, 1, 1], "uv": [4, 2]},
						{"origin": [8, 25, 2], "size": [1, 1, 1], "uv": [4, 2]},
						{"origin": [8, 26, 2], "size": [1, 1, 1], "uv": [4, 2]},
						{"origin": [9, 27, 2], "size": [1, 1, 1], "uv": [4, 2]},
						{"origin": [11, 27, 2], "size": [1, 1, 1], "uv": [4, 2]},
						{"origin": [11, 26, 2], "size": [1, 1, 1], "uv": [4, 2]},
						{"origin": [11, 28, 2], "size": [1, 1, 1], "uv": [4, 2]},
						{"origin": [11, 29, 2], "size": [1, 1, 1], "uv": [4, 2]},
						{"origin": [10, 29, 2], "size": [1, 1, 1], "uv": [4, 2]},
						{"origin": [12, 30, 2], "size": [1, 1, 1], "uv": [4, 2]},
						{"origin": [13, 30, 2], "size": [1, 1, 1], "uv": [4, 2]},
						{"origin": [14, 31, 2], "size": [1, 1, 1], "uv": [4, 2]},
						{"origin": [14, 32, 2], "size": [1, 1, 1], "uv": [4, 2]},
						{"origin": [18, 32, 2], "size": [1, 1, 1], "uv": [4, 2]},
						{"origin": [19, 33, 2], "size": [1, 1, 1], "uv": [4, 2]},
						{"origin": [26, 33, 2], "size": [1, 1, 1], "uv": [4, 2]},
						{"origin": [28, 33, 2], "size": [1, 1, 1], "uv": [4, 2]},
						{"origin": [29, 33, 2], "size": [1, 1, 1], "uv": [0, 0]},
						{"origin": [29, 34, 2], "size": [1, 1, 1], "uv": [0, 2]},
						{"origin": [30, 34, 2], "size": [1, 1, 1], "uv": [0, 2]},
						{"origin": [30, 33, 2], "size": [1, 1, 1], "uv": [0, 4]},
						{"origin": [30, 32, 2], "size": [1, 1, 1], "uv": [4, 4]},
						{"origin": [30, 31, 2], "size": [1, 1, 1], "uv": [4, 4]},
						{"origin": [29, 31, 2], "size": [1, 1, 1], "uv": [4, 4]},
						{"origin": [29, 30, 2], "size": [1, 1, 1], "uv": [0, 6]},
						{"origin": [28, 29, 2], "size": [1, 1, 1], "uv": [0, 6]},
						{"origin": [28, 28, 2], "size": [1, 1, 1], "uv": [0, 6]},
						{"origin": [28, 27, 2], "size": [1, 1, 1], "uv": [0, 6]},
						{"origin": [28, 26, 2], "size": [1, 1, 1], "uv": [0, 6]},
						{"origin": [27, 25, 2], "size": [1, 1, 1], "uv": [0, 6]},
						{"origin": [27, 24, 2], "size": [1, 1, 1], "uv": [0, 6]},
						{"origin": [26, 23, 2], "size": [1, 1, 1], "uv": [0, 6]},
						{"origin": [26, 24, 2], "size": [1, 1, 1], "uv": [0, 6]},
						{"origin": [26, 25, 2], "size": [1, 1, 1], "uv": [0, 6]},
						{"origin": [26, 26, 2], "size": [1, 1, 1], "uv": [0, 6]},
						{"origin": [26, 27, 2], "size": [1, 1, 1], "uv": [0, 6]},
						{"origin": [26, 28, 2], "size": [1, 1, 1], "uv": [0, 6]},
						{"origin": [26, 29, 2], "size": [1, 1, 1], "uv": [0, 6]},
						{"origin": [26, 30, 2], "size": [1, 1, 1], "uv": [0, 6]},
						{"origin": [27, 30, 2], "size": [1, 1, 1], "uv": [0, 6]},
						{"origin": [28, 30, 2], "size": [1, 1, 1], "uv": [0, 6]},
						{"origin": [27, 29, 2], "size": [1, 1, 1], "uv": [0, 6]},
						{"origin": [27, 28, 2], "size": [1, 1, 1], "uv": [0, 6]},
						{"origin": [27, 27, 2], "size": [1, 1, 1], "uv": [0, 6]},
						{"origin": [27, 26, 2], "size": [1, 1, 1], "uv": [0, 6]},
						{"origin": [25, 24, 2], "size": [1, 1, 1], "uv": [0, 6]},
						{"origin": [25, 25, 2], "size": [1, 1, 1], "uv": [0, 6]},
						{"origin": [25, 26, 2], "size": [1, 1, 1], "uv": [0, 6]},
						{"origin": [25, 27, 2], "size": [1, 1, 1], "uv": [0, 6]},
						{"origin": [25, 28, 2], "size": [1, 1, 1], "uv": [0, 6]},
						{"origin": [25, 29, 2], "size": [1, 1, 1], "uv": [0, 6]},
						{"origin": [25, 30, 2], "size": [1, 1, 1], "uv": [0, 6]},
						{"origin": [24, 30, 2], "size": [1, 1, 1], "uv": [0, 6]},
						{"origin": [24, 29, 2], "size": [1, 1, 1], "uv": [0, 6]},
						{"origin": [24, 28, 2], "size": [1, 1, 1], "uv": [0, 6]},
						{"origin": [24, 27, 2], "size": [1, 1, 1], "uv": [0, 6]},
						{"origin": [24, 26, 2], "size": [1, 1, 1], "uv": [0, 6]},
						{"origin": [23, 27, 2], "size": [1, 1, 1], "uv": [0, 6]},
						{"origin": [23, 28, 2], "size": [1, 1, 1], "uv": [0, 6]},
						{"origin": [23, 29, 2], "size": [1, 1, 1], "uv": [0, 6]},
						{"origin": [23, 30, 2], "size": [1, 1, 1], "uv": [0, 6]},
						{"origin": [22, 29, 2], "size": [1, 1, 1], "uv": [0, 6]},
						{"origin": [22, 28, 2], "size": [1, 1, 1], "uv": [0, 6]},
						{"origin": [22, 20, 2], "size": [1, 1, 1], "uv": [0, 6]},
						{"origin": [21, 20, 2], "size": [1, 1, 1], "uv": [0, 6]},
						{"origin": [20, 20, 2], "size": [1, 1, 1], "uv": [0, 6]},
						{"origin": [19, 20, 2], "size": [1, 1, 1], "uv": [0, 6]},
						{"origin": [18, 20, 2], "size": [1, 1, 1], "uv": [0, 6]},
						{"origin": [18, 19, 2], "size": [1, 1, 1], "uv": [0, 6]},
						{"origin": [19, 19, 2], "size": [1, 1, 1], "uv": [0, 6]},
						{"origin": [18, 18, 2], "size": [1, 1, 1], "uv": [0, 6]},
						{"origin": [18, 21, 2], "size": [1, 1, 1], "uv": [0, 6]},
						{"origin": [19, 21, 2], "size": [1, 1, 1], "uv": [0, 6]},
						{"origin": [20, 21, 2], "size": [1, 1, 1], "uv": [0, 6]},
						{"origin": [19, 22, 2], "size": [1, 1, 1], "uv": [0, 6]},
						{"origin": [18, 22, 2], "size": [1, 1, 1], "uv": [0, 6]},
						{"origin": [18, 23, 2], "size": [1, 1, 1], "uv": [0, 6]},
						{"origin": [17, 23, 2], "size": [1, 1, 1], "uv": [0, 6]},
						{"origin": [17, 24, 2], "size": [1, 1, 1], "uv": [0, 6]},
						{"origin": [14, 17, 2], "size": [1, 1, 1], "uv": [0, 6]},
						{"origin": [13, 17, 2], "size": [1, 1, 1], "uv": [0, 6]},
						{"origin": [12, 17, 2], "size": [1, 1, 1], "uv": [0, 6]},
						{"origin": [11, 17, 2], "size": [1, 1, 1], "uv": [0, 6]},
						{"origin": [11, 18, 2], "size": [1, 1, 1], "uv": [0, 6]},
						{"origin": [12, 18, 2], "size": [1, 1, 1], "uv": [0, 6]},
						{"origin": [13, 18, 2], "size": [1, 1, 1], "uv": [0, 6]},
						{"origin": [11, 19, 2], "size": [1, 1, 1], "uv": [0, 6]},
						{"origin": [11, 20, 2], "size": [1, 1, 1], "uv": [0, 6]},
						{"origin": [12, 20, 2], "size": [1, 1, 1], "uv": [0, 6]},
						{"origin": [12, 21, 2], "size": [1, 1, 1], "uv": [0, 6]},
						{"origin": [15, 16, 2], "size": [1, 1, 1], "uv": [0, 6]},
						{"origin": [7, 20, 2], "size": [1, 1, 1], "uv": [0, 6]},
						{"origin": [7, 18, 2], "size": [1, 1, 1], "uv": [0, 6]},
						{"origin": [7, 19, 2], "size": [1, 1, 1], "uv": [0, 6]},
						{"origin": [6, 19, 2], "size": [1, 1, 1], "uv": [0, 6]},
						{"origin": [12, 19, 2], "size": [1, 1, 1], "uv": [0, 6]},
						{"origin": [28, 31, 2], "size": [1, 1, 1], "uv": [4, 4]},
						{"origin": [27, 31, 2], "size": [1, 1, 1], "uv": [4, 4]},
						{"origin": [26, 31, 2], "size": [1, 1, 1], "uv": [4, 4]},
						{"origin": [25, 31, 2], "size": [1, 1, 1], "uv": [4, 4]},
						{"origin": [24, 31, 2], "size": [1, 1, 1], "uv": [4, 4]},
						{"origin": [23, 31, 2], "size": [1, 1, 1], "uv": [4, 4]},
						{"origin": [22, 27, 2], "size": [1, 1, 1], "uv": [4, 4]},
						{"origin": [22, 26, 2], "size": [1, 1, 1], "uv": [4, 4]},
						{"origin": [23, 26, 2], "size": [1, 1, 1], "uv": [4, 4]},
						{"origin": [23, 25, 2], "size": [1, 1, 1], "uv": [4, 4]},
						{"origin": [24, 25, 2], "size": [1, 1, 1], "uv": [4, 4]},
						{"origin": [24, 24, 2], "size": [1, 1, 1], "uv": [4, 4]},
						{"origin": [25, 23, 2], "size": [1, 1, 1], "uv": [4, 4]},
						{"origin": [25, 22, 2], "size": [1, 1, 1], "uv": [4, 4]},
						{"origin": [26, 22, 2], "size": [1, 1, 1], "uv": [4, 4]},
						{"origin": [26, 21, 2], "size": [1, 1, 1], "uv": [4, 4]},
						{"origin": [23, 20, 2], "size": [1, 1, 1], "uv": [4, 4]},
						{"origin": [22, 21, 2], "size": [1, 1, 1], "uv": [4, 4]},
						{"origin": [21, 21, 2], "size": [1, 1, 1], "uv": [4, 4]},
						{"origin": [21, 22, 2], "size": [1, 1, 1], "uv": [4, 4]},
						{"origin": [20, 22, 2], "size": [1, 1, 1], "uv": [4, 4]},
						{"origin": [20, 23, 2], "size": [1, 1, 1], "uv": [4, 4]},
						{"origin": [19, 23, 2], "size": [1, 1, 1], "uv": [4, 4]},
						{"origin": [19, 24, 2], "size": [1, 1, 1], "uv": [4, 4]},
						{"origin": [18, 24, 2], "size": [1, 1, 1], "uv": [4, 4]},
						{"origin": [17, 25, 2], "size": [1, 1, 1], "uv": [4, 4]},
						{"origin": [16, 25, 2], "size": [1, 1, 1], "uv": [4, 4]},
						{"origin": [16, 24, 2], "size": [1, 1, 1], "uv": [4, 4]},
						{"origin": [16, 23, 2], "size": [1, 1, 1], "uv": [4, 4]},
						{"origin": [16, 22, 2], "size": [1, 1, 1], "uv": [4, 4]},
						{"origin": [12, 22, 2], "size": [1, 1, 1], "uv": [4, 4]},
						{"origin": [12, 23, 2], "size": [1, 1, 1], "uv": [4, 4]},
						{"origin": [11, 24, 2], "size": [1, 1, 1], "uv": [4, 4]},
						{"origin": [11, 23, 2], "size": [1, 1, 1], "uv": [4, 4]},
						{"origin": [11, 22, 2], "size": [1, 1, 1], "uv": [4, 4]},
						{"origin": [11, 21, 2], "size": [1, 1, 1], "uv": [4, 4]},
						{"origin": [13, 21, 2], "size": [1, 1, 1], "uv": [4, 4]},
						{"origin": [13, 20, 2], "size": [1, 1, 1], "uv": [4, 4]},
						{"origin": [13, 19, 2], "size": [1, 1, 1], "uv": [4, 4]},
						{"origin": [14, 19, 2], "size": [1, 1, 1], "uv": [4, 4]},
						{"origin": [14, 18, 2], "size": [1, 1, 1], "uv": [4, 4]},
						{"origin": [14, 20, 2], "size": [1, 1, 1], "uv": [4, 4]},
						{"origin": [6, 20, 2], "size": [1, 1, 1], "uv": [4, 4]},
						{"origin": [5, 20, 2], "size": [1, 1, 1], "uv": [4, 4]},
						{"origin": [5, 19, 2], "size": [1, 1, 1], "uv": [4, 4]},
						{"origin": [4, 19, 2], "size": [1, 1, 1], "uv": [4, 4]},
						{"origin": [17, 22, 2], "size": [1, 1, 1], "uv": [4, 4]},
						{"origin": [17, 21, 2], "size": [1, 1, 1], "uv": [4, 4]},
						{"origin": [17, 20, 2], "size": [1, 1, 1], "uv": [4, 4]},
						{"origin": [15, 25, 2], "size": [1, 1, 1], "uv": [4, 4]},
						{"origin": [15, 24, 2], "size": [1, 1, 1], "uv": [4, 4]},
						{"origin": [15, 26, 2], "size": [1, 1, 1], "uv": [4, 4]},
						{"origin": [15, 27, 2], "size": [1, 1, 1], "uv": [4, 4]},
						{"origin": [16, 26, 2], "size": [1, 1, 1], "uv": [4, 4]},
						{"origin": [17, 26, 2], "size": [1, 1, 1], "uv": [4, 4]},
						{"origin": [20, 24, 2], "size": [1, 1, 1], "uv": [4, 4]},
						{"origin": [21, 23, 2], "size": [1, 1, 1], "uv": [4, 4]},
						{"origin": [23, 19, 2], "size": [1, 1, 1], "uv": [4, 4]},
						{"origin": [24, 19, 2], "size": [1, 1, 1], "uv": [4, 4]},
						{"origin": [22, 25, 2], "size": [1, 1, 1], "uv": [4, 4]},
						{"origin": [22, 30, 2], "size": [1, 1, 1], "uv": [4, 4]},
						{"origin": [21, 30, 2], "size": [1, 1, 1], "uv": [4, 4]},
						{"origin": [21, 29, 2], "size": [1, 1, 1], "uv": [4, 4]},
						{"origin": [21, 28, 2], "size": [1, 1, 1], "uv": [4, 4]},
						{"origin": [21, 27, 2], "size": [1, 1, 1], "uv": [4, 4]},
						{"origin": [20, 28, 2], "size": [1, 1, 1], "uv": [4, 4]},
						{"origin": [20, 29, 2], "size": [1, 1, 1], "uv": [4, 4]},
						{"origin": [20, 30, 2], "size": [1, 1, 1], "uv": [4, 4]},
						{"origin": [19, 30, 2], "size": [1, 1, 1], "uv": [4, 4]},
						{"origin": [19, 29, 2], "size": [1, 1, 1], "uv": [4, 4]},
						{"origin": [19, 28, 2], "size": [1, 1, 1], "uv": [4, 4]},
						{"origin": [18, 29, 2], "size": [1, 1, 1], "uv": [4, 4]},
						{"origin": [18, 30, 2], "size": [1, 1, 1], "uv": [4, 4]},
						{"origin": [31, 33, 2], "size": [1, 1, 1], "uv": [0, 4]},
						{"origin": [29, 32, 2], "size": [1, 1, 1], "uv": [0, 4]},
						{"origin": [28, 32, 2], "size": [1, 1, 1], "uv": [0, 4]},
						{"origin": [27, 32, 2], "size": [1, 1, 1], "uv": [0, 4]},
						{"origin": [26, 32, 2], "size": [1, 1, 1], "uv": [0, 4]},
						{"origin": [25, 32, 2], "size": [1, 1, 1], "uv": [0, 4]},
						{"origin": [24, 32, 2], "size": [1, 1, 1], "uv": [0, 4]},
						{"origin": [23, 32, 2], "size": [1, 1, 1], "uv": [0, 4]},
						{"origin": [22, 31, 2], "size": [1, 1, 1], "uv": [0, 4]},
						{"origin": [21, 31, 2], "size": [1, 1, 1], "uv": [0, 4]},
						{"origin": [16, 30, 2], "size": [1, 1, 1], "uv": [0, 4]},
						{"origin": [17, 30, 2], "size": [1, 1, 1], "uv": [0, 4]},
						{"origin": [18, 28, 2], "size": [1, 1, 1], "uv": [0, 4]},
						{"origin": [17, 27, 2], "size": [1, 1, 1], "uv": [0, 4]},
						{"origin": [16, 27, 2], "size": [1, 1, 1], "uv": [0, 4]},
						{"origin": [14, 27, 2], "size": [1, 1, 1], "uv": [0, 4]},
						{"origin": [14, 26, 2], "size": [1, 1, 1], "uv": [0, 4]},
						{"origin": [15, 23, 2], "size": [1, 1, 1], "uv": [0, 4]},
						{"origin": [15, 22, 2], "size": [1, 1, 1], "uv": [0, 4]},
						{"origin": [16, 21, 2], "size": [1, 1, 1], "uv": [0, 4]},
						{"origin": [16, 20, 2], "size": [1, 1, 1], "uv": [0, 4]},
						{"origin": [17, 19, 2], "size": [1, 1, 1], "uv": [0, 4]},
						{"origin": [17, 18, 2], "size": [1, 1, 1], "uv": [0, 4]},
						{"origin": [16, 16, 2], "size": [1, 1, 1], "uv": [0, 4]},
						{"origin": [15, 17, 2], "size": [1, 1, 1], "uv": [0, 4]},
						{"origin": [15, 18, 2], "size": [1, 1, 1], "uv": [0, 4]},
						{"origin": [14, 21, 2], "size": [1, 1, 1], "uv": [0, 4]},
						{"origin": [13, 22, 2], "size": [1, 1, 1], "uv": [0, 4]},
						{"origin": [13, 23, 2], "size": [1, 1, 1], "uv": [0, 4]},
						{"origin": [12, 24, 2], "size": [1, 1, 1], "uv": [0, 4]},
						{"origin": [11, 25, 2], "size": [1, 1, 1], "uv": [0, 4]},
						{"origin": [10, 24, 2], "size": [1, 1, 1], "uv": [0, 4]},
						{"origin": [10, 23, 2], "size": [1, 1, 1], "uv": [0, 4]},
						{"origin": [10, 22, 2], "size": [1, 1, 1], "uv": [0, 4]},
						{"origin": [10, 21, 2], "size": [1, 1, 1], "uv": [0, 4]},
						{"origin": [10, 20, 2], "size": [1, 1, 1], "uv": [0, 4]},
						{"origin": [10, 19, 2], "size": [1, 1, 1], "uv": [0, 4]},
						{"origin": [10, 18, 2], "size": [1, 1, 1], "uv": [0, 4]},
						{"origin": [10, 17, 2], "size": [1, 1, 1], "uv": [0, 4]},
						{"origin": [10, 16, 2], "size": [1, 1, 1], "uv": [0, 4]},
						{"origin": [8, 17, 2], "size": [1, 1, 1], "uv": [0, 4]},
						{"origin": [8, 18, 2], "size": [1, 1, 1], "uv": [0, 4]},
						{"origin": [8, 19, 2], "size": [1, 1, 1], "uv": [0, 4]},
						{"origin": [8, 20, 2], "size": [1, 1, 1], "uv": [0, 4]},
						{"origin": [7, 21, 2], "size": [1, 1, 1], "uv": [0, 4]},
						{"origin": [4, 20, 2], "size": [1, 1, 1], "uv": [0, 4]},
						{"origin": [3, 19, 2], "size": [1, 1, 1], "uv": [0, 4]},
						{"origin": [2, 19, 2], "size": [1, 1, 1], "uv": [0, 4]},
						{"origin": [14, 25, 2], "size": [1, 1, 1], "uv": [0, 4]},
						{"origin": [20, 27, 2], "size": [1, 1, 1], "uv": [0, 4]},
						{"origin": [21, 26, 2], "size": [1, 1, 1], "uv": [0, 4]},
						{"origin": [18, 25, 2], "size": [1, 1, 1], "uv": [0, 4]},
						{"origin": [21, 24, 2], "size": [1, 1, 1], "uv": [0, 4]},
						{"origin": [23, 24, 2], "size": [1, 1, 1], "uv": [0, 4]},
						{"origin": [24, 23, 2], "size": [1, 1, 1], "uv": [0, 4]},
						{"origin": [24, 20, 2], "size": [1, 1, 1], "uv": [0, 4]},
						{"origin": [23, 21, 2], "size": [1, 1, 1], "uv": [0, 4]},
						{"origin": [25, 21, 2], "size": [1, 1, 1], "uv": [0, 4]},
						{"origin": [26, 20, 2], "size": [1, 1, 1], "uv": [0, 4]},
						{"origin": [22, 22, 2], "size": [1, 1, 1], "uv": [0, 4]},
						{"origin": [31, 34, 2], "size": [1, 1, 1], "uv": [4, 2]},
						{"origin": [32, 34, 2], "size": [1, 1, 1], "uv": [4, 2]},
						{"origin": [14, 30, 2], "size": [1, 1, 1], "uv": [4, 2]},
						{"origin": [15, 30, 2], "size": [1, 1, 1], "uv": [4, 2]},
						{"origin": [15, 21, 2], "size": [1, 1, 1], "uv": [4, 2]},
						{"origin": [16, 19, 2], "size": [1, 1, 1], "uv": [4, 2]},
						{"origin": [17, 17, 2], "size": [1, 1, 1], "uv": [4, 2]},
						{"origin": [15, 29, 2], "size": [1, 1, 1], "uv": [4, 2]},
						{"origin": [16, 29, 2], "size": [1, 1, 1], "uv": [4, 2]},
						{"origin": [20, 26, 2], "size": [1, 1, 1], "uv": [4, 2]},
						{"origin": [22, 24, 2], "size": [1, 1, 1], "uv": [4, 2]},
						{"origin": [23, 23, 2], "size": [1, 1, 1], "uv": [4, 2]},
						{"origin": [24, 22, 2], "size": [1, 1, 1], "uv": [4, 2]},
						{"origin": [25, 20, 2], "size": [1, 1, 1], "uv": [4, 2]},
						{"origin": [26, 19, 2], "size": [1, 1, 1], "uv": [4, 2]},
						{"origin": [26, 18, 2], "size": [1, 1, 1], "uv": [4, 2]},
						{"origin": [9, 23, 2], "size": [1, 1, 1], "uv": [0, 0]},
						{"origin": [9, 24, 2], "size": [1, 1, 1], "uv": [0, 0]},
						{"origin": [9, 25, 2], "size": [1, 1, 1], "uv": [0, 0]},
						{"origin": [9, 26, 2], "size": [1, 1, 1], "uv": [0, 0]},
						{"origin": [10, 26, 2], "size": [1, 1, 1], "uv": [4, 0]},
						{"origin": [10, 25, 2], "size": [1, 1, 1], "uv": [4, 0]},
						{"origin": [13, 27, 2], "size": [1, 1, 1], "uv": [4, 0]},
						{"origin": [13, 28, 2], "size": [1, 1, 1], "uv": [4, 0]},
						{"origin": [14, 28, 2], "size": [1, 1, 1], "uv": [4, 0]},
						{"origin": [18, 26, 2], "size": [1, 1, 1], "uv": [4, 0]},
						{"origin": [19, 25, 2], "size": [1, 1, 1], "uv": [4, 0]},
						{"origin": [10, 27, 2], "size": [1, 1, 1], "uv": [0, 0]},
						{"origin": [12, 27, 2], "size": [1, 1, 1], "uv": [0, 0]},
						{"origin": [12, 26, 2], "size": [1, 1, 1], "uv": [0, 0]},
						{"origin": [13, 26, 2], "size": [1, 1, 1], "uv": [0, 0]},
						{"origin": [13, 25, 2], "size": [1, 1, 1], "uv": [0, 0]},
						{"origin": [12, 25, 2], "size": [1, 1, 1], "uv": [0, 0]},
						{"origin": [12, 28, 2], "size": [1, 1, 1], "uv": [0, 0]},
						{"origin": [13, 24, 2], "size": [1, 1, 1], "uv": [0, 0]},
						{"origin": [14, 23, 2], "size": [1, 1, 1], "uv": [0, 0]},
						{"origin": [14, 22, 2], "size": [1, 1, 1], "uv": [0, 0]},
						{"origin": [15, 20, 2], "size": [1, 1, 1], "uv": [0, 0]},
						{"origin": [15, 19, 2], "size": [1, 1, 1], "uv": [0, 0]},
						{"origin": [16, 18, 2], "size": [1, 1, 1], "uv": [0, 0]},
						{"origin": [16, 17, 2], "size": [1, 1, 1], "uv": [0, 0]},
						{"origin": [17, 16, 2], "size": [1, 1, 1], "uv": [0, 0]},
						{"origin": [17, 15, 2], "size": [1, 1, 1], "uv": [0, 0]},
						{"origin": [13, 29, 2], "size": [1, 1, 1], "uv": [0, 0]},
						{"origin": [14, 29, 2], "size": [1, 1, 1], "uv": [0, 0]},
						{"origin": [15, 31, 2], "size": [1, 1, 1], "uv": [0, 0]},
						{"origin": [16, 31, 2], "size": [1, 1, 1], "uv": [0, 0]},
						{"origin": [17, 31, 2], "size": [1, 1, 1], "uv": [0, 0]},
						{"origin": [18, 31, 2], "size": [1, 1, 1], "uv": [0, 0]},
						{"origin": [19, 31, 2], "size": [1, 1, 1], "uv": [0, 0]},
						{"origin": [20, 31, 2], "size": [1, 1, 1], "uv": [0, 0]},
						{"origin": [20, 32, 2], "size": [1, 1, 1], "uv": [0, 0]},
						{"origin": [19, 32, 2], "size": [1, 1, 1], "uv": [0, 0]},
						{"origin": [21, 32, 2], "size": [1, 1, 1], "uv": [0, 0]},
						{"origin": [22, 32, 2], "size": [1, 1, 1], "uv": [0, 0]},
						{"origin": [15, 28, 2], "size": [1, 1, 1], "uv": [0, 0]},
						{"origin": [16, 28, 2], "size": [1, 1, 1], "uv": [0, 0]},
						{"origin": [17, 28, 2], "size": [1, 1, 1], "uv": [0, 0]},
						{"origin": [18, 27, 2], "size": [1, 1, 1], "uv": [0, 0]},
						{"origin": [19, 26, 2], "size": [1, 1, 1], "uv": [0, 0]},
						{"origin": [20, 25, 2], "size": [1, 1, 1], "uv": [0, 0]},
						{"origin": [21, 25, 2], "size": [1, 1, 1], "uv": [0, 2]},
						{"origin": [19, 27, 2], "size": [1, 1, 1], "uv": [0, 2]},
						{"origin": [17, 29, 2], "size": [1, 1, 1], "uv": [0, 2]},
						{"origin": [14, 24, 2], "size": [1, 1, 1], "uv": [0, 2]},
						{"origin": [22, 23, 2], "size": [1, 1, 1], "uv": [0, 0]},
						{"origin": [23, 22, 2], "size": [1, 1, 1], "uv": [0, 0]},
						{"origin": [24, 21, 2], "size": [1, 1, 1], "uv": [0, 0]},
						{"origin": [25, 19, 2], "size": [1, 1, 1], "uv": [0, 0]},
						{"origin": [12, 29, 2], "size": [1, 1, 1], "uv": [0, 0]},
						{"origin": [7, 23, 2], "size": [1, 1, 1], "uv": [0, 0]},
						{"origin": [6, 21, 2], "size": [1, 1, 1], "uv": [4, 0]},
						{"origin": [7, 22, 2], "size": [1, 1, 1], "uv": [4, 0]},
						{"origin": [3, 20, 2], "size": [1, 1, 1], "uv": [4, 0]},
						{"origin": [3, 21, 2], "size": [1, 1, 1], "uv": [0, 2]},
						{"origin": [5, 22, 2], "size": [1, 1, 1], "uv": [0, 2]},
						{"origin": [6, 23, 2], "size": [1, 1, 1], "uv": [0, 2]},
						{"origin": [8, 23, 2], "size": [1, 1, 1], "uv": [0, 2]},
						{"origin": [8, 24, 2], "size": [1, 1, 1], "uv": [0, 2]},
						{"origin": [8, 21, 2], "size": [1, 1, 1], "uv": [0, 2]},
						{"origin": [10, 28, 2], "size": [1, 1, 1], "uv": [0, 2]},
						{"origin": [15, 32, 2], "size": [1, 1, 1], "uv": [0, 2]},
						{"origin": [13, 31, 2], "size": [1, 1, 1], "uv": [0, 2]},
						{"origin": [12, 31, 2], "size": [1, 1, 1], "uv": [0, 2]},
						{"origin": [16, 32, 2], "size": [1, 1, 1], "uv": [0, 2]},
						{"origin": [17, 32, 2], "size": [1, 1, 1], "uv": [0, 2]},
						{"origin": [20, 33, 2], "size": [1, 1, 1], "uv": [0, 2]},
						{"origin": [21, 33, 2], "size": [1, 1, 1], "uv": [0, 2]},
						{"origin": [22, 33, 2], "size": [1, 1, 1], "uv": [0, 2]},
						{"origin": [23, 33, 2], "size": [1, 1, 1], "uv": [0, 2]},
						{"origin": [24, 33, 2], "size": [1, 1, 1], "uv": [0, 2]},
						{"origin": [25, 33, 2], "size": [1, 1, 1], "uv": [0, 2]},
						{"origin": [27, 33, 2], "size": [1, 1, 1], "uv": [0, 2]}
					]
				},
				{
					"name": "Wings2",
					"parent": "body",
					"pivot": [0, 0, 5],
					"rotation": [0, -175, 0],
					"cubes": [
						{"origin": [1, 20, 7], "size": [1, 1, 1], "uv": [0, 0]},
						{"origin": [1, 19, 7], "size": [1, 1, 1], "uv": [0, 0]},
						{"origin": [2, 20, 7], "size": [1, 1, 1], "uv": [0, 0]},
						{"origin": [4, 21, 7], "size": [1, 1, 1], "uv": [0, 0]},
						{"origin": [5, 21, 7], "size": [1, 1, 1], "uv": [0, 0]},
						{"origin": [6, 22, 7], "size": [1, 1, 1], "uv": [0, 0]},
						{"origin": [9, 22, 7], "size": [1, 1, 1], "uv": [0, 0]},
						{"origin": [9, 21, 7], "size": [1, 1, 1], "uv": [0, 0]},
						{"origin": [9, 20, 7], "size": [1, 1, 1], "uv": [4, 2]},
						{"origin": [9, 19, 7], "size": [1, 1, 1], "uv": [4, 2]},
						{"origin": [9, 18, 7], "size": [1, 1, 1], "uv": [4, 2]},
						{"origin": [9, 17, 7], "size": [1, 1, 1], "uv": [4, 2]},
						{"origin": [9, 16, 7], "size": [1, 1, 1], "uv": [4, 2]},
						{"origin": [9, 15, 7], "size": [1, 1, 1], "uv": [4, 2]},
						{"origin": [8, 22, 7], "size": [1, 1, 1], "uv": [4, 2]},
						{"origin": [4, 22, 7], "size": [1, 1, 1], "uv": [4, 2]},
						{"origin": [7, 24, 7], "size": [1, 1, 1], "uv": [4, 2]},
						{"origin": [8, 25, 7], "size": [1, 1, 1], "uv": [4, 2]},
						{"origin": [8, 26, 7], "size": [1, 1, 1], "uv": [4, 2]},
						{"origin": [9, 27, 7], "size": [1, 1, 1], "uv": [4, 2]},
						{"origin": [11, 27, 7], "size": [1, 1, 1], "uv": [4, 2]},
						{"origin": [11, 26, 7], "size": [1, 1, 1], "uv": [4, 2]},
						{"origin": [11, 28, 7], "size": [1, 1, 1], "uv": [4, 2]},
						{"origin": [11, 29, 7], "size": [1, 1, 1], "uv": [4, 2]},
						{"origin": [10, 29, 7], "size": [1, 1, 1], "uv": [4, 2]},
						{"origin": [12, 30, 7], "size": [1, 1, 1], "uv": [4, 2]},
						{"origin": [13, 30, 7], "size": [1, 1, 1], "uv": [4, 2]},
						{"origin": [14, 31, 7], "size": [1, 1, 1], "uv": [4, 2]},
						{"origin": [14, 32, 7], "size": [1, 1, 1], "uv": [4, 2]},
						{"origin": [18, 32, 7], "size": [1, 1, 1], "uv": [4, 2]},
						{"origin": [19, 33, 7], "size": [1, 1, 1], "uv": [4, 2]},
						{"origin": [26, 33, 7], "size": [1, 1, 1], "uv": [4, 2]},
						{"origin": [28, 33, 7], "size": [1, 1, 1], "uv": [4, 2]},
						{"origin": [29, 33, 7], "size": [1, 1, 1], "uv": [0, 0]},
						{"origin": [29, 34, 7], "size": [1, 1, 1], "uv": [0, 2]},
						{"origin": [30, 34, 7], "size": [1, 1, 1], "uv": [0, 2]},
						{"origin": [30, 33, 7], "size": [1, 1, 1], "uv": [0, 4]},
						{"origin": [30, 32, 7], "size": [1, 1, 1], "uv": [4, 4]},
						{"origin": [30, 31, 7], "size": [1, 1, 1], "uv": [4, 4]},
						{"origin": [29, 31, 7], "size": [1, 1, 1], "uv": [4, 4]},
						{"origin": [29, 30, 7], "size": [1, 1, 1], "uv": [0, 6]},
						{"origin": [28, 29, 7], "size": [1, 1, 1], "uv": [0, 6]},
						{"origin": [28, 28, 7], "size": [1, 1, 1], "uv": [0, 6]},
						{"origin": [28, 27, 7], "size": [1, 1, 1], "uv": [0, 6]},
						{"origin": [28, 26, 7], "size": [1, 1, 1], "uv": [0, 6]},
						{"origin": [27, 25, 7], "size": [1, 1, 1], "uv": [0, 6]},
						{"origin": [27, 24, 7], "size": [1, 1, 1], "uv": [0, 6]},
						{"origin": [26, 23, 7], "size": [1, 1, 1], "uv": [0, 6]},
						{"origin": [26, 24, 7], "size": [1, 1, 1], "uv": [0, 6]},
						{"origin": [26, 25, 7], "size": [1, 1, 1], "uv": [0, 6]},
						{"origin": [26, 26, 7], "size": [1, 1, 1], "uv": [0, 6]},
						{"origin": [26, 27, 7], "size": [1, 1, 1], "uv": [0, 6]},
						{"origin": [26, 28, 7], "size": [1, 1, 1], "uv": [0, 6]},
						{"origin": [26, 29, 7], "size": [1, 1, 1], "uv": [0, 6]},
						{"origin": [26, 30, 7], "size": [1, 1, 1], "uv": [0, 6]},
						{"origin": [27, 30, 7], "size": [1, 1, 1], "uv": [0, 6]},
						{"origin": [28, 30, 7], "size": [1, 1, 1], "uv": [0, 6]},
						{"origin": [27, 29, 7], "size": [1, 1, 1], "uv": [0, 6]},
						{"origin": [27, 28, 7], "size": [1, 1, 1], "uv": [0, 6]},
						{"origin": [27, 27, 7], "size": [1, 1, 1], "uv": [0, 6]},
						{"origin": [27, 26, 7], "size": [1, 1, 1], "uv": [0, 6]},
						{"origin": [25, 24, 7], "size": [1, 1, 1], "uv": [0, 6]},
						{"origin": [25, 25, 7], "size": [1, 1, 1], "uv": [0, 6]},
						{"origin": [25, 26, 7], "size": [1, 1, 1], "uv": [0, 6]},
						{"origin": [25, 27, 7], "size": [1, 1, 1], "uv": [0, 6]},
						{"origin": [25, 28, 7], "size": [1, 1, 1], "uv": [0, 6]},
						{"origin": [25, 29, 7], "size": [1, 1, 1], "uv": [0, 6]},
						{"origin": [25, 30, 7], "size": [1, 1, 1], "uv": [0, 6]},
						{"origin": [24, 30, 7], "size": [1, 1, 1], "uv": [0, 6]},
						{"origin": [24, 29, 7], "size": [1, 1, 1], "uv": [0, 6]},
						{"origin": [24, 28, 7], "size": [1, 1, 1], "uv": [0, 6]},
						{"origin": [24, 27, 7], "size": [1, 1, 1], "uv": [0, 6]},
						{"origin": [24, 26, 7], "size": [1, 1, 1], "uv": [0, 6]},
						{"origin": [23, 27, 7], "size": [1, 1, 1], "uv": [0, 6]},
						{"origin": [23, 28, 7], "size": [1, 1, 1], "uv": [0, 6]},
						{"origin": [23, 29, 7], "size": [1, 1, 1], "uv": [0, 6]},
						{"origin": [23, 30, 7], "size": [1, 1, 1], "uv": [0, 6]},
						{"origin": [22, 29, 7], "size": [1, 1, 1], "uv": [0, 6]},
						{"origin": [22, 28, 7], "size": [1, 1, 1], "uv": [0, 6]},
						{"origin": [22, 20, 7], "size": [1, 1, 1], "uv": [0, 6]},
						{"origin": [21, 20, 7], "size": [1, 1, 1], "uv": [0, 6]},
						{"origin": [20, 20, 7], "size": [1, 1, 1], "uv": [0, 6]},
						{"origin": [19, 20, 7], "size": [1, 1, 1], "uv": [0, 6]},
						{"origin": [18, 20, 7], "size": [1, 1, 1], "uv": [0, 6]},
						{"origin": [18, 19, 7], "size": [1, 1, 1], "uv": [0, 6]},
						{"origin": [19, 19, 7], "size": [1, 1, 1], "uv": [0, 6]},
						{"origin": [18, 18, 7], "size": [1, 1, 1], "uv": [0, 6]},
						{"origin": [18, 21, 7], "size": [1, 1, 1], "uv": [0, 6]},
						{"origin": [19, 21, 7], "size": [1, 1, 1], "uv": [0, 6]},
						{"origin": [20, 21, 7], "size": [1, 1, 1], "uv": [0, 6]},
						{"origin": [19, 22, 7], "size": [1, 1, 1], "uv": [0, 6]},
						{"origin": [18, 22, 7], "size": [1, 1, 1], "uv": [0, 6]},
						{"origin": [18, 23, 7], "size": [1, 1, 1], "uv": [0, 6]},
						{"origin": [17, 23, 7], "size": [1, 1, 1], "uv": [0, 6]},
						{"origin": [17, 24, 7], "size": [1, 1, 1], "uv": [0, 6]},
						{"origin": [14, 17, 7], "size": [1, 1, 1], "uv": [0, 6]},
						{"origin": [13, 17, 7], "size": [1, 1, 1], "uv": [0, 6]},
						{"origin": [12, 17, 7], "size": [1, 1, 1], "uv": [0, 6]},
						{"origin": [11, 17, 7], "size": [1, 1, 1], "uv": [0, 6]},
						{"origin": [11, 18, 7], "size": [1, 1, 1], "uv": [0, 6]},
						{"origin": [12, 18, 7], "size": [1, 1, 1], "uv": [0, 6]},
						{"origin": [13, 18, 7], "size": [1, 1, 1], "uv": [0, 6]},
						{"origin": [11, 19, 7], "size": [1, 1, 1], "uv": [0, 6]},
						{"origin": [11, 20, 7], "size": [1, 1, 1], "uv": [0, 6]},
						{"origin": [12, 20, 7], "size": [1, 1, 1], "uv": [0, 6]},
						{"origin": [12, 21, 7], "size": [1, 1, 1], "uv": [0, 6]},
						{"origin": [15, 16, 7], "size": [1, 1, 1], "uv": [0, 6]},
						{"origin": [7, 20, 7], "size": [1, 1, 1], "uv": [0, 6]},
						{"origin": [7, 18, 7], "size": [1, 1, 1], "uv": [0, 6]},
						{"origin": [7, 19, 7], "size": [1, 1, 1], "uv": [0, 6]},
						{"origin": [6, 19, 7], "size": [1, 1, 1], "uv": [0, 6]},
						{"origin": [12, 19, 7], "size": [1, 1, 1], "uv": [0, 6]},
						{"origin": [28, 31, 7], "size": [1, 1, 1], "uv": [4, 4]},
						{"origin": [27, 31, 7], "size": [1, 1, 1], "uv": [4, 4]},
						{"origin": [26, 31, 7], "size": [1, 1, 1], "uv": [4, 4]},
						{"origin": [25, 31, 7], "size": [1, 1, 1], "uv": [4, 4]},
						{"origin": [24, 31, 7], "size": [1, 1, 1], "uv": [4, 4]},
						{"origin": [23, 31, 7], "size": [1, 1, 1], "uv": [4, 4]},
						{"origin": [22, 27, 7], "size": [1, 1, 1], "uv": [4, 4]},
						{"origin": [22, 26, 7], "size": [1, 1, 1], "uv": [4, 4]},
						{"origin": [23, 26, 7], "size": [1, 1, 1], "uv": [4, 4]},
						{"origin": [23, 25, 7], "size": [1, 1, 1], "uv": [4, 4]},
						{"origin": [24, 25, 7], "size": [1, 1, 1], "uv": [4, 4]},
						{"origin": [24, 24, 7], "size": [1, 1, 1], "uv": [4, 4]},
						{"origin": [25, 23, 7], "size": [1, 1, 1], "uv": [4, 4]},
						{"origin": [25, 22, 7], "size": [1, 1, 1], "uv": [4, 4]},
						{"origin": [26, 22, 7], "size": [1, 1, 1], "uv": [4, 4]},
						{"origin": [26, 21, 7], "size": [1, 1, 1], "uv": [4, 4]},
						{"origin": [23, 20, 7], "size": [1, 1, 1], "uv": [4, 4]},
						{"origin": [22, 21, 7], "size": [1, 1, 1], "uv": [4, 4]},
						{"origin": [21, 21, 7], "size": [1, 1, 1], "uv": [4, 4]},
						{"origin": [21, 22, 7], "size": [1, 1, 1], "uv": [4, 4]},
						{"origin": [20, 22, 7], "size": [1, 1, 1], "uv": [4, 4]},
						{"origin": [20, 23, 7], "size": [1, 1, 1], "uv": [4, 4]},
						{"origin": [19, 23, 7], "size": [1, 1, 1], "uv": [4, 4]},
						{"origin": [19, 24, 7], "size": [1, 1, 1], "uv": [4, 4]},
						{"origin": [18, 24, 7], "size": [1, 1, 1], "uv": [4, 4]},
						{"origin": [17, 25, 7], "size": [1, 1, 1], "uv": [4, 4]},
						{"origin": [16, 25, 7], "size": [1, 1, 1], "uv": [4, 4]},
						{"origin": [16, 24, 7], "size": [1, 1, 1], "uv": [4, 4]},
						{"origin": [16, 23, 7], "size": [1, 1, 1], "uv": [4, 4]},
						{"origin": [16, 22, 7], "size": [1, 1, 1], "uv": [4, 4]},
						{"origin": [12, 22, 7], "size": [1, 1, 1], "uv": [4, 4]},
						{"origin": [12, 23, 7], "size": [1, 1, 1], "uv": [4, 4]},
						{"origin": [11, 24, 7], "size": [1, 1, 1], "uv": [4, 4]},
						{"origin": [11, 23, 7], "size": [1, 1, 1], "uv": [4, 4]},
						{"origin": [11, 22, 7], "size": [1, 1, 1], "uv": [4, 4]},
						{"origin": [11, 21, 7], "size": [1, 1, 1], "uv": [4, 4]},
						{"origin": [13, 21, 7], "size": [1, 1, 1], "uv": [4, 4]},
						{"origin": [13, 20, 7], "size": [1, 1, 1], "uv": [4, 4]},
						{"origin": [13, 19, 7], "size": [1, 1, 1], "uv": [4, 4]},
						{"origin": [14, 19, 7], "size": [1, 1, 1], "uv": [4, 4]},
						{"origin": [14, 18, 7], "size": [1, 1, 1], "uv": [4, 4]},
						{"origin": [14, 20, 7], "size": [1, 1, 1], "uv": [4, 4]},
						{"origin": [6, 20, 7], "size": [1, 1, 1], "uv": [4, 4]},
						{"origin": [5, 20, 7], "size": [1, 1, 1], "uv": [4, 4]},
						{"origin": [5, 19, 7], "size": [1, 1, 1], "uv": [4, 4]},
						{"origin": [4, 19, 7], "size": [1, 1, 1], "uv": [4, 4]},
						{"origin": [17, 22, 7], "size": [1, 1, 1], "uv": [4, 4]},
						{"origin": [17, 21, 7], "size": [1, 1, 1], "uv": [4, 4]},
						{"origin": [17, 20, 7], "size": [1, 1, 1], "uv": [4, 4]},
						{"origin": [15, 25, 7], "size": [1, 1, 1], "uv": [4, 4]},
						{"origin": [15, 24, 7], "size": [1, 1, 1], "uv": [4, 4]},
						{"origin": [15, 26, 7], "size": [1, 1, 1], "uv": [4, 4]},
						{"origin": [15, 27, 7], "size": [1, 1, 1], "uv": [4, 4]},
						{"origin": [16, 26, 7], "size": [1, 1, 1], "uv": [4, 4]},
						{"origin": [17, 26, 7], "size": [1, 1, 1], "uv": [4, 4]},
						{"origin": [20, 24, 7], "size": [1, 1, 1], "uv": [4, 4]},
						{"origin": [21, 23, 7], "size": [1, 1, 1], "uv": [4, 4]},
						{"origin": [23, 19, 7], "size": [1, 1, 1], "uv": [4, 4]},
						{"origin": [24, 19, 7], "size": [1, 1, 1], "uv": [4, 4]},
						{"origin": [22, 25, 7], "size": [1, 1, 1], "uv": [4, 4]},
						{"origin": [22, 30, 7], "size": [1, 1, 1], "uv": [4, 4]},
						{"origin": [21, 30, 7], "size": [1, 1, 1], "uv": [4, 4]},
						{"origin": [21, 29, 7], "size": [1, 1, 1], "uv": [4, 4]},
						{"origin": [21, 28, 7], "size": [1, 1, 1], "uv": [4, 4]},
						{"origin": [21, 27, 7], "size": [1, 1, 1], "uv": [4, 4]},
						{"origin": [20, 28, 7], "size": [1, 1, 1], "uv": [4, 4]},
						{"origin": [20, 29, 7], "size": [1, 1, 1], "uv": [4, 4]},
						{"origin": [20, 30, 7], "size": [1, 1, 1], "uv": [4, 4]},
						{"origin": [19, 30, 7], "size": [1, 1, 1], "uv": [4, 4]},
						{"origin": [19, 29, 7], "size": [1, 1, 1], "uv": [4, 4]},
						{"origin": [19, 28, 7], "size": [1, 1, 1], "uv": [4, 4]},
						{"origin": [18, 29, 7], "size": [1, 1, 1], "uv": [4, 4]},
						{"origin": [18, 30, 7], "size": [1, 1, 1], "uv": [4, 4]},
						{"origin": [31, 33, 7], "size": [1, 1, 1], "uv": [0, 4]},
						{"origin": [29, 32, 7], "size": [1, 1, 1], "uv": [0, 4]},
						{"origin": [28, 32, 7], "size": [1, 1, 1], "uv": [0, 4]},
						{"origin": [27, 32, 7], "size": [1, 1, 1], "uv": [0, 4]},
						{"origin": [26, 32, 7], "size": [1, 1, 1], "uv": [0, 4]},
						{"origin": [25, 32, 7], "size": [1, 1, 1], "uv": [0, 4]},
						{"origin": [24, 32, 7], "size": [1, 1, 1], "uv": [0, 4]},
						{"origin": [23, 32, 7], "size": [1, 1, 1], "uv": [0, 4]},
						{"origin": [22, 31, 7], "size": [1, 1, 1], "uv": [0, 4]},
						{"origin": [21, 31, 7], "size": [1, 1, 1], "uv": [0, 4]},
						{"origin": [16, 30, 7], "size": [1, 1, 1], "uv": [0, 4]},
						{"origin": [17, 30, 7], "size": [1, 1, 1], "uv": [0, 4]},
						{"origin": [18, 28, 7], "size": [1, 1, 1], "uv": [0, 4]},
						{"origin": [17, 27, 7], "size": [1, 1, 1], "uv": [0, 4]},
						{"origin": [16, 27, 7], "size": [1, 1, 1], "uv": [0, 4]},
						{"origin": [14, 27, 7], "size": [1, 1, 1], "uv": [0, 4]},
						{"origin": [14, 26, 7], "size": [1, 1, 1], "uv": [0, 4]},
						{"origin": [15, 23, 7], "size": [1, 1, 1], "uv": [0, 4]},
						{"origin": [15, 22, 7], "size": [1, 1, 1], "uv": [0, 4]},
						{"origin": [16, 21, 7], "size": [1, 1, 1], "uv": [0, 4]},
						{"origin": [16, 20, 7], "size": [1, 1, 1], "uv": [0, 4]},
						{"origin": [17, 19, 7], "size": [1, 1, 1], "uv": [0, 4]},
						{"origin": [17, 18, 7], "size": [1, 1, 1], "uv": [0, 4]},
						{"origin": [16, 16, 7], "size": [1, 1, 1], "uv": [0, 4]},
						{"origin": [15, 17, 7], "size": [1, 1, 1], "uv": [0, 4]},
						{"origin": [15, 18, 7], "size": [1, 1, 1], "uv": [0, 4]},
						{"origin": [14, 21, 7], "size": [1, 1, 1], "uv": [0, 4]},
						{"origin": [13, 22, 7], "size": [1, 1, 1], "uv": [0, 4]},
						{"origin": [13, 23, 7], "size": [1, 1, 1], "uv": [0, 4]},
						{"origin": [12, 24, 7], "size": [1, 1, 1], "uv": [0, 4]},
						{"origin": [11, 25, 7], "size": [1, 1, 1], "uv": [0, 4]},
						{"origin": [10, 24, 7], "size": [1, 1, 1], "uv": [0, 4]},
						{"origin": [10, 23, 7], "size": [1, 1, 1], "uv": [0, 4]},
						{"origin": [10, 22, 7], "size": [1, 1, 1], "uv": [0, 4]},
						{"origin": [10, 21, 7], "size": [1, 1, 1], "uv": [0, 4]},
						{"origin": [10, 20, 7], "size": [1, 1, 1], "uv": [0, 4]},
						{"origin": [10, 19, 7], "size": [1, 1, 1], "uv": [0, 4]},
						{"origin": [10, 18, 7], "size": [1, 1, 1], "uv": [0, 4]},
						{"origin": [10, 17, 7], "size": [1, 1, 1], "uv": [0, 4]},
						{"origin": [10, 16, 7], "size": [1, 1, 1], "uv": [0, 4]},
						{"origin": [8, 17, 7], "size": [1, 1, 1], "uv": [0, 4]},
						{"origin": [8, 18, 7], "size": [1, 1, 1], "uv": [0, 4]},
						{"origin": [8, 19, 7], "size": [1, 1, 1], "uv": [0, 4]},
						{"origin": [8, 20, 7], "size": [1, 1, 1], "uv": [0, 4]},
						{"origin": [7, 21, 7], "size": [1, 1, 1], "uv": [0, 4]},
						{"origin": [4, 20, 7], "size": [1, 1, 1], "uv": [0, 4]},
						{"origin": [3, 19, 7], "size": [1, 1, 1], "uv": [0, 4]},
						{"origin": [2, 19, 7], "size": [1, 1, 1], "uv": [0, 4]},
						{"origin": [14, 25, 7], "size": [1, 1, 1], "uv": [0, 4]},
						{"origin": [20, 27, 7], "size": [1, 1, 1], "uv": [0, 4]},
						{"origin": [21, 26, 7], "size": [1, 1, 1], "uv": [0, 4]},
						{"origin": [18, 25, 7], "size": [1, 1, 1], "uv": [0, 4]},
						{"origin": [21, 24, 7], "size": [1, 1, 1], "uv": [0, 4]},
						{"origin": [23, 24, 7], "size": [1, 1, 1], "uv": [0, 4]},
						{"origin": [24, 23, 7], "size": [1, 1, 1], "uv": [0, 4]},
						{"origin": [24, 20, 7], "size": [1, 1, 1], "uv": [0, 4]},
						{"origin": [23, 21, 7], "size": [1, 1, 1], "uv": [0, 4]},
						{"origin": [25, 21, 7], "size": [1, 1, 1], "uv": [0, 4]},
						{"origin": [26, 20, 7], "size": [1, 1, 1], "uv": [0, 4]},
						{"origin": [22, 22, 7], "size": [1, 1, 1], "uv": [0, 4]},
						{"origin": [31, 34, 7], "size": [1, 1, 1], "uv": [4, 2]},
						{"origin": [32, 34, 7], "size": [1, 1, 1], "uv": [4, 2]},
						{"origin": [14, 30, 7], "size": [1, 1, 1], "uv": [4, 2]},
						{"origin": [15, 30, 7], "size": [1, 1, 1], "uv": [4, 2]},
						{"origin": [15, 21, 7], "size": [1, 1, 1], "uv": [4, 2]},
						{"origin": [16, 19, 7], "size": [1, 1, 1], "uv": [4, 2]},
						{"origin": [17, 17, 7], "size": [1, 1, 1], "uv": [4, 2]},
						{"origin": [15, 29, 7], "size": [1, 1, 1], "uv": [4, 2]},
						{"origin": [16, 29, 7], "size": [1, 1, 1], "uv": [4, 2]},
						{"origin": [20, 26, 7], "size": [1, 1, 1], "uv": [4, 2]},
						{"origin": [22, 24, 7], "size": [1, 1, 1], "uv": [4, 2]},
						{"origin": [23, 23, 7], "size": [1, 1, 1], "uv": [4, 2]},
						{"origin": [24, 22, 7], "size": [1, 1, 1], "uv": [4, 2]},
						{"origin": [25, 20, 7], "size": [1, 1, 1], "uv": [4, 2]},
						{"origin": [26, 19, 7], "size": [1, 1, 1], "uv": [4, 2]},
						{"origin": [26, 18, 7], "size": [1, 1, 1], "uv": [4, 2]},
						{"origin": [9, 23, 7], "size": [1, 1, 1], "uv": [0, 0]},
						{"origin": [9, 24, 7], "size": [1, 1, 1], "uv": [0, 0]},
						{"origin": [9, 25, 7], "size": [1, 1, 1], "uv": [0, 0]},
						{"origin": [9, 26, 7], "size": [1, 1, 1], "uv": [0, 0]},
						{"origin": [10, 26, 7], "size": [1, 1, 1], "uv": [4, 0]},
						{"origin": [10, 25, 7], "size": [1, 1, 1], "uv": [4, 0]},
						{"origin": [13, 27, 7], "size": [1, 1, 1], "uv": [4, 0]},
						{"origin": [13, 28, 7], "size": [1, 1, 1], "uv": [4, 0]},
						{"origin": [14, 28, 7], "size": [1, 1, 1], "uv": [4, 0]},
						{"origin": [18, 26, 7], "size": [1, 1, 1], "uv": [4, 0]},
						{"origin": [19, 25, 7], "size": [1, 1, 1], "uv": [4, 0]},
						{"origin": [10, 27, 7], "size": [1, 1, 1], "uv": [0, 0]},
						{"origin": [12, 27, 7], "size": [1, 1, 1], "uv": [0, 0]},
						{"origin": [12, 26, 7], "size": [1, 1, 1], "uv": [0, 0]},
						{"origin": [13, 26, 7], "size": [1, 1, 1], "uv": [0, 0]},
						{"origin": [13, 25, 7], "size": [1, 1, 1], "uv": [0, 0]},
						{"origin": [12, 25, 7], "size": [1, 1, 1], "uv": [0, 0]},
						{"origin": [12, 28, 7], "size": [1, 1, 1], "uv": [0, 0]},
						{"origin": [13, 24, 7], "size": [1, 1, 1], "uv": [0, 0]},
						{"origin": [14, 23, 7], "size": [1, 1, 1], "uv": [0, 0]},
						{"origin": [14, 22, 7], "size": [1, 1, 1], "uv": [0, 0]},
						{"origin": [15, 20, 7], "size": [1, 1, 1], "uv": [0, 0]},
						{"origin": [15, 19, 7], "size": [1, 1, 1], "uv": [0, 0]},
						{"origin": [16, 18, 7], "size": [1, 1, 1], "uv": [0, 0]},
						{"origin": [16, 17, 7], "size": [1, 1, 1], "uv": [0, 0]},
						{"origin": [17, 16, 7], "size": [1, 1, 1], "uv": [0, 0]},
						{"origin": [17, 15, 7], "size": [1, 1, 1], "uv": [0, 0]},
						{"origin": [13, 29, 7], "size": [1, 1, 1], "uv": [0, 0]},
						{"origin": [14, 29, 7], "size": [1, 1, 1], "uv": [0, 0]},
						{"origin": [15, 31, 7], "size": [1, 1, 1], "uv": [0, 0]},
						{"origin": [16, 31, 7], "size": [1, 1, 1], "uv": [0, 0]},
						{"origin": [17, 31, 7], "size": [1, 1, 1], "uv": [0, 0]},
						{"origin": [18, 31, 7], "size": [1, 1, 1], "uv": [0, 0]},
						{"origin": [19, 31, 7], "size": [1, 1, 1], "uv": [0, 0]},
						{"origin": [20, 31, 7], "size": [1, 1, 1], "uv": [0, 0]},
						{"origin": [20, 32, 7], "size": [1, 1, 1], "uv": [0, 0]},
						{"origin": [19, 32, 7], "size": [1, 1, 1], "uv": [0, 0]},
						{"origin": [21, 32, 7], "size": [1, 1, 1], "uv": [0, 0]},
						{"origin": [22, 32, 7], "size": [1, 1, 1], "uv": [0, 0]},
						{"origin": [15, 28, 7], "size": [1, 1, 1], "uv": [0, 0]},
						{"origin": [16, 28, 7], "size": [1, 1, 1], "uv": [0, 0]},
						{"origin": [17, 28, 7], "size": [1, 1, 1], "uv": [0, 0]},
						{"origin": [18, 27, 7], "size": [1, 1, 1], "uv": [0, 0]},
						{"origin": [19, 26, 7], "size": [1, 1, 1], "uv": [0, 0]},
						{"origin": [20, 25, 7], "size": [1, 1, 1], "uv": [0, 0]},
						{"origin": [21, 25, 7], "size": [1, 1, 1], "uv": [0, 2]},
						{"origin": [19, 27, 7], "size": [1, 1, 1], "uv": [0, 2]},
						{"origin": [17, 29, 7], "size": [1, 1, 1], "uv": [0, 2]},
						{"origin": [14, 24, 7], "size": [1, 1, 1], "uv": [0, 2]},
						{"origin": [22, 23, 7], "size": [1, 1, 1], "uv": [0, 0]},
						{"origin": [23, 22, 7], "size": [1, 1, 1], "uv": [0, 0]},
						{"origin": [24, 21, 7], "size": [1, 1, 1], "uv": [0, 0]},
						{"origin": [25, 19, 7], "size": [1, 1, 1], "uv": [0, 0]},
						{"origin": [12, 29, 7], "size": [1, 1, 1], "uv": [0, 0]},
						{"origin": [7, 23, 7], "size": [1, 1, 1], "uv": [0, 0]},
						{"origin": [6, 21, 7], "size": [1, 1, 1], "uv": [4, 0]},
						{"origin": [7, 22, 7], "size": [1, 1, 1], "uv": [4, 0]},
						{"origin": [3, 20, 7], "size": [1, 1, 1], "uv": [4, 0]},
						{"origin": [3, 21, 7], "size": [1, 1, 1], "uv": [0, 2]},
						{"origin": [5, 22, 7], "size": [1, 1, 1], "uv": [0, 2]},
						{"origin": [6, 23, 7], "size": [1, 1, 1], "uv": [0, 2]},
						{"origin": [8, 23, 7], "size": [1, 1, 1], "uv": [0, 2]},
						{"origin": [8, 24, 7], "size": [1, 1, 1], "uv": [0, 2]},
						{"origin": [8, 21, 7], "size": [1, 1, 1], "uv": [0, 2]},
						{"origin": [10, 28, 7], "size": [1, 1, 1], "uv": [0, 2]},
						{"origin": [15, 32, 7], "size": [1, 1, 1], "uv": [0, 2]},
						{"origin": [13, 31, 7], "size": [1, 1, 1], "uv": [0, 2]},
						{"origin": [12, 31, 7], "size": [1, 1, 1], "uv": [0, 2]},
						{"origin": [16, 32, 7], "size": [1, 1, 1], "uv": [0, 2]},
						{"origin": [17, 32, 7], "size": [1, 1, 1], "uv": [0, 2]},
						{"origin": [20, 33, 7], "size": [1, 1, 1], "uv": [0, 2]},
						{"origin": [21, 33, 7], "size": [1, 1, 1], "uv": [0, 2]},
						{"origin": [22, 33, 7], "size": [1, 1, 1], "uv": [0, 2]},
						{"origin": [23, 33, 7], "size": [1, 1, 1], "uv": [0, 2]},
						{"origin": [24, 33, 7], "size": [1, 1, 1], "uv": [0, 2]},
						{"origin": [25, 33, 7], "size": [1, 1, 1], "uv": [0, 2]},
						{"origin": [27, 33, 7], "size": [1, 1, 1], "uv": [0, 2]}
					]
				},
				{
					"name": "head",
					"parent": "body",
					"pivot": [0, 24, 0],
					"cubes": [
						{"origin": [-4, 24, -4], "size": [8, 8, 8], "uv": [0, 0]}
					]
				},
				{
					"name": "hat",
					"parent": "head",
					"pivot": [0, 24, 0],
					"cubes": [
						{"origin": [-4, 24, -4], "size": [8, 8, 8], "inflate": 0.5, "uv": [32, 0]}
					]
				},
				{
					"name": "leftArm",
					"parent": "body",
					"pivot": [5, 22, 0],
					"cubes": [
						{"origin": [4, 12, -2], "size": [4, 12, 4], "uv": [32, 48]}
					]
				},
				{
					"name": "leftSleeve",
					"parent": "leftArm",
					"pivot": [5, 22, 0],
					"cubes": [
						{"origin": [4, 12, -2], "size": [4, 12, 4], "inflate": 0.25, "uv": [48, 48]}
					]
				},
				{
					"name": "leftItem",
					"parent": "leftArm",
					"pivot": [6, 15, 1]
				},
				{
					"name": "rightArm",
					"parent": "body",
					"pivot": [-5, 22, 0],
					"cubes": [
						{"origin": [-8, 12, -2], "size": [4, 12, 4], "uv": [40, 16]}
					]
				},
				{
					"name": "rightSleeve",
					"parent": "rightArm",
					"pivot": [-5, 22, 0],
					"cubes": [
						{"origin": [-8, 12, -2], "size": [4, 12, 4], "inflate": 0.25, "uv": [40, 32]}
					]
				},
				{
					"name": "rightItem",
					"parent": "rightArm",
					"pivot": [-6, 15, 1],
					"locators": {
						"lead_hold": [-6, 15, 1]
					}
				},
				{
					"name": "jacket",
					"parent": "body",
					"pivot": [0, 24, 0],
					"cubes": [
						{"origin": [-4, 12, -2], "size": [8, 12, 4], "inflate": 0.25, "uv": [16, 32]}
					]
				},
				{
					"name": "cape",
					"parent": "body",
					"pivot": [0, 2, -2],
					"rotation": [-50, 0, -180]
				},
				{
					"name": "leftLeg",
					"parent": "root",
					"pivot": [1.9, 12, 0],
					"cubes": [
						{"origin": [-0.1, 0, -2], "size": [4, 12, 4], "uv": [16, 48]}
					]
				},
				{
					"name": "leftPants",
					"parent": "leftLeg",
					"pivot": [1.9, 12, 0],
					"cubes": [
						{"origin": [-0.1, 0, -2], "size": [4, 12, 4], "inflate": 0.25, "uv": [0, 48]}
					]
				},
				{
					"name": "rightLeg",
					"parent": "root",
					"pivot": [-1.9, 12, 0],
					"cubes": [
						{"origin": [-3.9, 0, -2], "size": [4, 12, 4], "uv": [0, 16]}
					]
				},
				{
					"name": "rightPants",
					"parent": "rightLeg",
					"pivot": [-1.9, 12, 0],
					"cubes": [
						{"origin": [-3.9, 0, -2], "size": [4, 12, 4], "inflate": 0.25, "uv": [0, 32]}
					]
				}
			]
		}
	]
}