{
	"format_version": "1.12.0",
	"minecraft:geometry": [
		{
			"description": {
				"identifier": "geometry.devil",
				"texture_width": 64,
				"texture_height": 64,
				"visible_bounds_width": 4,
				"visible_bounds_height": 3,
				"visible_bounds_offset": [0, 1.5, 0]
			},
			"bones": [
				{
					"name": "root",
					"pivot": [0, 0, 0]
				},
				{
					"name": "waist",
					"parent": "root",
					"pivot": [0, 12, 0]
				},
				{
					"name": "body",
					"parent": "waist",
					"pivot": [0, 24, 0],
					"cubes": [
						{"origin": [-4, 12, -2], "size": [8, 12, 4], "uv": [16, 16]}
					]
				},
				{
					"name": "Wings",
					"parent": "body",
					"pivot": [0, 24, 0],
					"cubes": [
						{"origin": [-2, 20, 2], "size": [1, 1, 1], "uv": [0, 0]},
						{"origin": [1, 20, 2], "size": [1, 1, 1], "uv": [0, 0]},
						{"origin": [2, 20, 2], "size": [1, 1, 1], "uv": [0, 0]},
						{"origin": [2, 19, 2], "size": [1, 1, 1], "uv": [4, 0]},
						{"origin": [-5, 19, 2], "size": [1, 1, 1], "uv": [4, 0]},
						{"origin": [-6, 19, 2], "size": [1, 1, 1], "uv": [4, 0]},
						{"origin": [-7, 19, 2], "size": [1, 1, 1], "uv": [4, 0]},
						{"origin": [-8, 20, 2], "size": [1, 1, 1], "uv": [4, 0]},
						{"origin": [-9, 20, 2], "size": [1, 1, 1], "uv": [4, 0]},
						{"origin": [-10, 21, 2], "size": [1, 1, 1], "uv": [4, 0]},
						{"origin": [-11, 22, 2], "size": [1, 1, 1], "uv": [4, 0]},
						{"origin": [-12, 23, 2], "size": [1, 1, 1], "uv": [4, 0]},
						{"origin": [-13, 25, 2], "size": [1, 1, 1], "uv": [4, 0]},
						{"origin": [-13, 24, 2], "size": [1, 1, 1], "uv": [4, 0]},
						{"origin": [-14, 23, 2], "size": [1, 1, 1], "uv": [4, 0]},
						{"origin": [-14, 22, 2], "size": [1, 1, 1], "uv": [4, 0]},
						{"origin": [-14, 21, 2], "size": [1, 1, 1], "uv": [4, 0]},
						{"origin": [-15, 20, 2], "size": [1, 1, 1], "uv": [4, 0]},
						{"origin": [-15, 19, 2], "size": [1, 1, 1], "uv": [4, 0]},
						{"origin": [-15, 18, 2], "size": [1, 1, 1], "uv": [4, 0]},
						{"origin": [-15, 17, 2], "size": [1, 1, 1], "uv": [4, 0]},
						{"origin": [-15, 16, 2], "size": [1, 1, 1], "uv": [4, 0]},
						{"origin": [-15, 15, 2], "size": [1, 1, 1], "uv": [4, 0]},
						{"origin": [-15, 14, 2], "size": [1, 1, 1], "uv": [4, 0]},
						{"origin": [-15, 13, 2], "size": [1, 1, 1], "uv": [4, 0]},
						{"origin": [-15, 12, 2], "size": [1, 1, 1], "uv": [4, 0]},
						{"origin": [-15, 11, 2], "size": [1, 1, 1], "uv": [4, 0]},
						{"origin": [-15, 10, 2], "size": [1, 1, 1], "uv": [4, 0]},
						{"origin": [-14, 9, 2], "size": [1, 1, 1], "uv": [4, 0]},
						{"origin": [-14, 8, 2], "size": [1, 1, 1], "uv": [4, 0]},
						{"origin": [-14, 7, 2], "size": [1, 1, 1], "uv": [4, 0]},
						{"origin": [-12, 22, 2], "size": [1, 1, 1], "uv": [4, 0]},
						{"origin": [-12, 21, 2], "size": [1, 1, 1], "uv": [4, 0]},
						{"origin": [-12, 20, 2], "size": [1, 1, 1], "uv": [4, 0]},
						{"origin": [-12, 19, 2], "size": [1, 1, 1], "uv": [4, 0]},
						{"origin": [-12, 18, 2], "size": [1, 1, 1], "uv": [4, 0]},
						{"origin": [-12, 17, 2], "size": [1, 1, 1], "uv": [4, 0]},
						{"origin": [-12, 16, 2], "size": [1, 1, 1], "uv": [4, 0]},
						{"origin": [-11, 15, 2], "size": [1, 1, 1], "uv": [4, 0]},
						{"origin": [-11, 14, 2], "size": [1, 1, 1], "uv": [4, 0]},
						{"origin": [-11, 13, 2], "size": [1, 1, 1], "uv": [4, 0]},
						{"origin": [-10, 12, 2], "size": [1, 1, 1], "uv": [4, 0]},
						{"origin": [-10, 11, 2], "size": [1, 1, 1], "uv": [4, 0]},
						{"origin": [-4, 19, 2], "size": [1, 1, 1], "uv": [4, 0]},
						{"origin": [-3, 19, 2], "size": [1, 1, 1], "uv": [4, 0]},
						{"origin": [3, 19, 2], "size": [1, 1, 1], "uv": [4, 0]},
						{"origin": [4, 19, 2], "size": [1, 1, 1], "uv": [4, 0]},
						{"origin": [5, 19, 2], "size": [1, 1, 1], "uv": [4, 0]},
						{"origin": [6, 19, 2], "size": [1, 1, 1], "uv": [4, 0]},
						{"origin": [7, 20, 2], "size": [1, 1, 1], "uv": [4, 0]},
						{"origin": [8, 20, 2], "size": [1, 1, 1], "uv": [4, 0]},
						{"origin": [9, 21, 2], "size": [1, 1, 1], "uv": [4, 0]},
						{"origin": [10, 22, 2], "size": [1, 1, 1], "uv": [4, 0]},
						{"origin": [11, 23, 2], "size": [1, 1, 1], "uv": [4, 0]},
						{"origin": [12, 25, 2], "size": [1, 1, 1], "uv": [4, 0]},
						{"origin": [12, 24, 2], "size": [1, 1, 1], "uv": [4, 0]},
						{"origin": [13, 22, 2], "size": [1, 1, 1], "uv": [4, 0]},
						{"origin": [13, 21, 2], "size": [1, 1, 1], "uv": [4, 0]},
						{"origin": [14, 20, 2], "size": [1, 1, 1], "uv": [4, 0]},
						{"origin": [14, 19, 2], "size": [1, 1, 1], "uv": [4, 0]},
						{"origin": [14, 18, 2], "size": [1, 1, 1], "uv": [4, 0]},
						{"origin": [14, 17, 2], "size": [1, 1, 1], "uv": [4, 0]},
						{"origin": [14, 16, 2], "size": [1, 1, 1], "uv": [4, 0]},
						{"origin": [14, 15, 2], "size": [1, 1, 1], "uv": [4, 0]},
						{"origin": [14, 14, 2], "size": [1, 1, 1], "uv": [4, 0]},
						{"origin": [14, 13, 2], "size": [1, 1, 1], "uv": [4, 0]},
						{"origin": [14, 12, 2], "size": [1, 1, 1], "uv": [4, 0]},
						{"origin": [14, 11, 2], "size": [1, 1, 1], "uv": [4, 0]},
						{"origin": [14, 10, 2], "size": [1, 1, 1], "uv": [4, 0]},
						{"origin": [13, 9, 2], "size": [1, 1, 1], "uv": [4, 0]},
						{"origin": [13, 8, 2], "size": [1, 1, 1], "uv": [4, 0]},
						{"origin": [13, 7, 2], "size": [1, 1, 1], "uv": [4, 0]},
						{"origin": [12, 7, 2], "size": [1, 1, 1], "uv": [0, 2]},
						{"origin": [12, 8, 2], "size": [1, 1, 1], "uv": [0, 2]},
						{"origin": [11, 8, 2], "size": [1, 1, 1], "uv": [4, 2]},
						{"origin": [11, 9, 2], "size": [1, 1, 1], "uv": [4, 2]},
						{"origin": [12, 10, 2], "size": [1, 1, 1], "uv": [4, 2]},
						{"origin": [12, 11, 2], "size": [1, 1, 1], "uv": [4, 2]},
						{"origin": [12, 12, 2], "size": [1, 1, 1], "uv": [4, 2]},
						{"origin": [11, 10, 2], "size": [1, 1, 1], "uv": [4, 2]},
						{"origin": [12, 9, 2], "size": [1, 1, 1], "uv": [0, 2]},
						{"origin": [13, 10, 2], "size": [1, 1, 1], "uv": [0, 2]},
						{"origin": [13, 11, 2], "size": [1, 1, 1], "uv": [0, 2]},
						{"origin": [13, 12, 2], "size": [1, 1, 1], "uv": [0, 2]},
						{"origin": [13, 13, 2], "size": [1, 1, 1], "uv": [0, 2]},
						{"origin": [13, 14, 2], "size": [1, 1, 1], "uv": [0, 2]},
						{"origin": [13, 15, 2], "size": [1, 1, 1], "uv": [0, 2]},
						{"origin": [12, 15, 2], "size": [1, 1, 1], "uv": [0, 2]},
						{"origin": [12, 14, 2], "size": [1, 1, 1], "uv": [0, 2]},
						{"origin": [12, 13, 2], "size": [1, 1, 1], "uv": [0, 2]},
						{"origin": [11, 12, 2], "size": [1, 1, 1], "uv": [0, 2]},
						{"origin": [11, 11, 2], "size": [1, 1, 1], "uv": [0, 2]},
						{"origin": [10, 10, 2], "size": [1, 1, 1], "uv": [0, 2]},
						{"origin": [13, 17, 2], "size": [1, 1, 1], "uv": [0, 2]},
						{"origin": [13, 18, 2], "size": [1, 1, 1], "uv": [0, 2]},
						{"origin": [13, 19, 2], "size": [1, 1, 1], "uv": [0, 2]},
						{"origin": [13, 20, 2], "size": [1, 1, 1], "uv": [0, 2]},
						{"origin": [9, 20, 2], "size": [1, 1, 1], "uv": [0, 2]},
						{"origin": [8, 19, 2], "size": [1, 1, 1], "uv": [0, 2]},
						{"origin": [9, 19, 2], "size": [1, 1, 1], "uv": [4, 2]},
						{"origin": [9, 18, 2], "size": [1, 1, 1], "uv": [4, 2]},
						{"origin": [9, 17, 2], "size": [1, 1, 1], "uv": [4, 2]},
						{"origin": [9, 16, 2], "size": [1, 1, 1], "uv": [4, 2]},
						{"origin": [7, 19, 2], "size": [1, 1, 1], "uv": [0, 2]},
						{"origin": [6, 18, 2], "size": [1, 1, 1], "uv": [0, 2]},
						{"origin": [7, 18, 2], "size": [1, 1, 1], "uv": [4, 2]},
						{"origin": [8, 18, 2], "size": [1, 1, 1], "uv": [4, 2]},
						{"origin": [8, 17, 2], "size": [1, 1, 1], "uv": [4, 2]},
						{"origin": [8, 16, 2], "size": [1, 1, 1], "uv": [4, 2]},
						{"origin": [8, 15, 2], "size": [1, 1, 1], "uv": [4, 2]},
						{"origin": [8, 14, 2], "size": [1, 1, 1], "uv": [4, 2]},
						{"origin": [8, 13, 2], "size": [1, 1, 1], "uv": [4, 2]},
						{"origin": [7, 17, 2], "size": [1, 1, 1], "uv": [4, 2]},
						{"origin": [7, 16, 2], "size": [1, 1, 1], "uv": [4, 2]},
						{"origin": [7, 15, 2], "size": [1, 1, 1], "uv": [4, 2]},
						{"origin": [7, 14, 2], "size": [1, 1, 1], "uv": [4, 2]},
						{"origin": [7, 13, 2], "size": [1, 1, 1], "uv": [4, 2]},
						{"origin": [5, 18, 2], "size": [1, 1, 1], "uv": [0, 2]},
						{"origin": [3, 18, 2], "size": [1, 1, 1], "uv": [0, 2]},
						{"origin": [2, 18, 2], "size": [1, 1, 1], "uv": [0, 2]},
						{"origin": [-3, 18, 2], "size": [1, 1, 1], "uv": [0, 2]},
						{"origin": [-4, 18, 2], "size": [1, 1, 1], "uv": [0, 2]},
						{"origin": [-5, 18, 2], "size": [1, 1, 1], "uv": [0, 2]},
						{"origin": [-6, 18, 2], "size": [1, 1, 1], "uv": [0, 2]},
						{"origin": [-7, 18, 2], "size": [1, 1, 1], "uv": [0, 2]},
						{"origin": [-8, 19, 2], "size": [1, 1, 1], "uv": [0, 2]},
						{"origin": [-9, 19, 2], "size": [1, 1, 1], "uv": [0, 2]},
						{"origin": [-10, 20, 2], "size": [1, 1, 1], "uv": [0, 2]},
						{"origin": [-11, 21, 2], "size": [1, 1, 1], "uv": [0, 2]},
						{"origin": [-11, 20, 2], "size": [1, 1, 1], "uv": [0, 2]},
						{"origin": [-14, 20, 2], "size": [1, 1, 1], "uv": [0, 2]},
						{"origin": [-14, 18, 2], "size": [1, 1, 1], "uv": [0, 2]},
						{"origin": [-14, 16, 2], "size": [1, 1, 1], "uv": [0, 2]},
						{"origin": [-14, 15, 2], "size": [1, 1, 1], "uv": [0, 2]},
						{"origin": [-13, 15, 2], "size": [1, 1, 1], "uv": [0, 2]},
						{"origin": [-14, 14, 2], "size": [1, 1, 1], "uv": [0, 2]},
						{"origin": [-13, 14, 2], "size": [1, 1, 1], "uv": [0, 2]},
						{"origin": [-14, 13, 2], "size": [1, 1, 1], "uv": [0, 2]},
						{"origin": [-13, 13, 2], "size": [1, 1, 1], "uv": [0, 2]},
						{"origin": [-12, 12, 2], "size": [1, 1, 1], "uv": [0, 2]},
						{"origin": [-12, 11, 2], "size": [1, 1, 1], "uv": [0, 2]},
						{"origin": [-11, 10, 2], "size": [1, 1, 1], "uv": [0, 2]},
						{"origin": [-14, 12, 2], "size": [1, 1, 1], "uv": [0, 2]},
						{"origin": [-14, 11, 2], "size": [1, 1, 1], "uv": [0, 2]},
						{"origin": [-14, 10, 2], "size": [1, 1, 1], "uv": [0, 2]},
						{"origin": [-13, 9, 2], "size": [1, 1, 1], "uv": [0, 2]},
						{"origin": [-13, 8, 2], "size": [1, 1, 1], "uv": [0, 2]},
						{"origin": [-12, 8, 2], "size": [1, 1, 1], "uv": [4, 2]},
						{"origin": [-12, 9, 2], "size": [1, 1, 1], "uv": [4, 2]},
						{"origin": [-12, 10, 2], "size": [1, 1, 1], "uv": [4, 2]},
						{"origin": [-13, 11, 2], "size": [1, 1, 1], "uv": [4, 2]},
						{"origin": [-13, 12, 2], "size": [1, 1, 1], "uv": [4, 2]},
						{"origin": [-13, 10, 2], "size": [1, 1, 1], "uv": [4, 2]},
						{"origin": [-13, 7, 2], "size": [1, 1, 1], "uv": [0, 2]},
						{"origin": [-14, 17, 2], "size": [1, 1, 1], "uv": [0, 2]},
						{"origin": [-14, 19, 2], "size": [1, 1, 1], "uv": [0, 2]},
						{"origin": [-11, 19, 2], "size": [1, 1, 1], "uv": [0, 2]},
						{"origin": [-10, 19, 2], "size": [1, 1, 1], "uv": [4, 2]},
						{"origin": [-10, 18, 2], "size": [1, 1, 1], "uv": [4, 2]},
						{"origin": [-9, 18, 2], "size": [1, 1, 1], "uv": [4, 2]},
						{"origin": [-8, 18, 2], "size": [1, 1, 1], "uv": [4, 2]},
						{"origin": [-8, 17, 2], "size": [1, 1, 1], "uv": [4, 2]},
						{"origin": [-8, 16, 2], "size": [1, 1, 1], "uv": [4, 2]},
						{"origin": [-8, 15, 2], "size": [1, 1, 1], "uv": [4, 2]},
						{"origin": [-8, 14, 2], "size": [1, 1, 1], "uv": [4, 2]},
						{"origin": [-9, 17, 2], "size": [1, 1, 1], "uv": [4, 2]},
						{"origin": [-9, 16, 2], "size": [1, 1, 1], "uv": [4, 2]},
						{"origin": [-10, 17, 2], "size": [1, 1, 1], "uv": [4, 2]},
						{"origin": [-10, 16, 2], "size": [1, 1, 1], "uv": [4, 2]},
						{"origin": [-9, 15, 2], "size": [1, 1, 1], "uv": [4, 2]},
						{"origin": [-9, 14, 2], "size": [1, 1, 1], "uv": [4, 2]},
						{"origin": [-9, 13, 2], "size": [1, 1, 1], "uv": [4, 2]},
						{"origin": [-8, 12, 2], "size": [1, 1, 1], "uv": [4, 2]},
						{"origin": [-8, 11, 2], "size": [1, 1, 1], "uv": [4, 2]},
						{"origin": [-8, 13, 2], "size": [1, 1, 1], "uv": [4, 2]},
						{"origin": [-7, 13, 2], "size": [1, 1, 1], "uv": [4, 2]},
						{"origin": [-7, 14, 2], "size": [1, 1, 1], "uv": [4, 2]},
						{"origin": [-6, 14, 2], "size": [1, 1, 1], "uv": [4, 2]},
						{"origin": [-6, 15, 2], "size": [1, 1, 1], "uv": [4, 2]},
						{"origin": [-5, 15, 2], "size": [1, 1, 1], "uv": [4, 2]},
						{"origin": [-5, 16, 2], "size": [1, 1, 1], "uv": [4, 2]},
						{"origin": [-4, 16, 2], "size": [1, 1, 1], "uv": [4, 2]},
						{"origin": [-4, 17, 2], "size": [1, 1, 1], "uv": [4, 2]},
						{"origin": [-5, 17, 2], "size": [1, 1, 1], "uv": [4, 2]},
						{"origin": [-6, 17, 2], "size": [1, 1, 1], "uv": [4, 2]},
						{"origin": [-7, 17, 2], "size": [1, 1, 1], "uv": [4, 2]},
						{"origin": [-7, 16, 2], "size": [1, 1, 1], "uv": [4, 2]},
						{"origin": [-7, 15, 2], "size": [1, 1, 1], "uv": [4, 2]},
						{"origin": [-6, 16, 2], "size": [1, 1, 1], "uv": [4, 2]},
						{"origin": [-7, 13, 2], "size": [1, 1, 1], "uv": [4, 2]},
						{"origin": [-11, 17, 2], "size": [1, 1, 1], "uv": [0, 2]},
						{"origin": [-11, 16, 2], "size": [1, 1, 1], "uv": [0, 2]},
						{"origin": [-10, 15, 2], "size": [1, 1, 1], "uv": [0, 2]},
						{"origin": [-10, 14, 2], "size": [1, 1, 1], "uv": [0, 2]},
						{"origin": [-10, 13, 2], "size": [1, 1, 1], "uv": [0, 2]},
						{"origin": [-9, 12, 2], "size": [1, 1, 1], "uv": [0, 2]},
						{"origin": [-9, 11, 2], "size": [1, 1, 1], "uv": [0, 2]},
						{"origin": [-9, 10, 2], "size": [1, 1, 1], "uv": [0, 2]},
						{"origin": [-9, 9, 2], "size": [1, 1, 1], "uv": [0, 2]},
						{"origin": [-11, 18, 2], "size": [1, 1, 1], "uv": [0, 2]},
						{"origin": [4, 18, 2], "size": [1, 1, 1], "uv": [0, 2]},
						{"origin": [10, 20, 2], "size": [1, 1, 1], "uv": [0, 2]},
						{"origin": [10, 21, 2], "size": [1, 1, 1], "uv": [0, 2]},
						{"origin": [10, 19, 2], "size": [1, 1, 1], "uv": [0, 2]},
						{"origin": [10, 18, 2], "size": [1, 1, 1], "uv": [0, 2]},
						{"origin": [10, 17, 2], "size": [1, 1, 1], "uv": [0, 2]},
						{"origin": [10, 16, 2], "size": [1, 1, 1], "uv": [0, 2]},
						{"origin": [9, 15, 2], "size": [1, 1, 1], "uv": [0, 2]},
						{"origin": [9, 14, 2], "size": [1, 1, 1], "uv": [0, 2]},
						{"origin": [9, 13, 2], "size": [1, 1, 1], "uv": [0, 2]},
						{"origin": [8, 11, 2], "size": [1, 1, 1], "uv": [0, 2]},
						{"origin": [7, 11, 2], "size": [1, 1, 1], "uv": [4, 2]},
						{"origin": [7, 12, 2], "size": [1, 1, 1], "uv": [4, 2]},
						{"origin": [6, 13, 2], "size": [1, 1, 1], "uv": [4, 2]},
						{"origin": [5, 14, 2], "size": [1, 1, 1], "uv": [4, 2]},
						{"origin": [4, 15, 2], "size": [1, 1, 1], "uv": [4, 2]},
						{"origin": [3, 16, 2], "size": [1, 1, 1], "uv": [4, 2]},
						{"origin": [3, 17, 2], "size": [1, 1, 1], "uv": [4, 2]},
						{"origin": [4, 17, 2], "size": [1, 1, 1], "uv": [4, 2]},
						{"origin": [5, 17, 2], "size": [1, 1, 1], "uv": [4, 2]},
						{"origin": [6, 17, 2], "size": [1, 1, 1], "uv": [4, 2]},
						{"origin": [6, 16, 2], "size": [1, 1, 1], "uv": [4, 2]},
						{"origin": [6, 15, 2], "size": [1, 1, 1], "uv": [4, 2]},
						{"origin": [6, 14, 2], "size": [1, 1, 1], "uv": [4, 2]},
						{"origin": [5, 16, 2], "size": [1, 1, 1], "uv": [4, 2]},
						{"origin": [5, 15, 2], "size": [1, 1, 1], "uv": [4, 2]},
						{"origin": [4, 16, 2], "size": [1, 1, 1], "uv": [4, 2]},
						{"origin": [8, 10, 2], "size": [1, 1, 1], "uv": [0, 2]},
						{"origin": [8, 9, 2], "size": [1, 1, 1], "uv": [0, 2]},
						{"origin": [8, 12, 2], "size": [1, 1, 1], "uv": [0, 2]},
						{"origin": [13, 16, 2], "size": [1, 1, 1], "uv": [0, 2]},
						{"origin": [13, 23, 2], "size": [1, 1, 1], "uv": [4, 0]},
						{"origin": [11, 22, 2], "size": [1, 1, 1], "uv": [4, 0]},
						{"origin": [11, 21, 2], "size": [1, 1, 1], "uv": [4, 0]},
						{"origin": [11, 20, 2], "size": [1, 1, 1], "uv": [4, 0]},
						{"origin": [11, 19, 2], "size": [1, 1, 1], "uv": [4, 0]},
						{"origin": [11, 18, 2], "size": [1, 1, 1], "uv": [4, 0]},
						{"origin": [11, 17, 2], "size": [1, 1, 1], "uv": [4, 0]},
						{"origin": [11, 16, 2], "size": [1, 1, 1], "uv": [4, 0]},
						{"origin": [10, 15, 2], "size": [1, 1, 1], "uv": [4, 0]},
						{"origin": [10, 14, 2], "size": [1, 1, 1], "uv": [4, 0]},
						{"origin": [10, 13, 2], "size": [1, 1, 1], "uv": [4, 0]},
						{"origin": [9, 12, 2], "size": [1, 1, 1], "uv": [4, 0]},
						{"origin": [9, 11, 2], "size": [1, 1, 1], "uv": [4, 0]},
						{"origin": [3, 20, 2], "size": [1, 1, 1], "uv": [0, 0]},
						{"origin": [4, 20, 2], "size": [1, 1, 1], "uv": [0, 0]},
						{"origin": [5, 20, 2], "size": [1, 1, 1], "uv": [0, 0]},
						{"origin": [6, 20, 2], "size": [1, 1, 1], "uv": [0, 0]},
						{"origin": [7, 21, 2], "size": [1, 1, 1], "uv": [0, 0]},
						{"origin": [8, 21, 2], "size": [1, 1, 1], "uv": [0, 0]},
						{"origin": [9, 22, 2], "size": [1, 1, 1], "uv": [0, 0]},
						{"origin": [10, 23, 2], "size": [1, 1, 1], "uv": [0, 0]},
						{"origin": [10, 24, 2], "size": [1, 1, 1], "uv": [0, 0]},
						{"origin": [11, 25, 2], "size": [1, 1, 1], "uv": [0, 0]},
						{"origin": [11, 26, 2], "size": [1, 1, 1], "uv": [0, 0]},
						{"origin": [12, 26, 2], "size": [1, 1, 1], "uv": [0, 0]},
						{"origin": [13, 25, 2], "size": [1, 1, 1], "uv": [0, 0]},
						{"origin": [13, 24, 2], "size": [1, 1, 1], "uv": [0, 0]},
						{"origin": [14, 23, 2], "size": [1, 1, 1], "uv": [0, 0]},
						{"origin": [14, 22, 2], "size": [1, 1, 1], "uv": [0, 0]},
						{"origin": [14, 21, 2], "size": [1, 1, 1], "uv": [0, 0]},
						{"origin": [15, 20, 2], "size": [1, 1, 1], "uv": [0, 0]},
						{"origin": [15, 19, 2], "size": [1, 1, 1], "uv": [0, 0]},
						{"origin": [15, 18, 2], "size": [1, 1, 1], "uv": [0, 0]},
						{"origin": [15, 17, 2], "size": [1, 1, 1], "uv": [0, 0]},
						{"origin": [15, 16, 2], "size": [1, 1, 1], "uv": [0, 0]},
						{"origin": [15, 15, 2], "size": [1, 1, 1], "uv": [0, 0]},
						{"origin": [15, 14, 2], "size": [1, 1, 1], "uv": [0, 0]},
						{"origin": [15, 13, 2], "size": [1, 1, 1], "uv": [0, 0]},
						{"origin": [15, 12, 2], "size": [1, 1, 1], "uv": [0, 0]},
						{"origin": [15, 11, 2], "size": [1, 1, 1], "uv": [0, 0]},
						{"origin": [15, 10, 2], "size": [1, 1, 1], "uv": [0, 0]},
						{"origin": [14, 9, 2], "size": [1, 1, 1], "uv": [0, 0]},
						{"origin": [14, 8, 2], "size": [1, 1, 1], "uv": [0, 0]},
						{"origin": [14, 7, 2], "size": [1, 1, 1], "uv": [0, 0]},
						{"origin": [13, 6, 2], "size": [1, 1, 1], "uv": [0, 0]},
						{"origin": [11, 27, 2], "size": [1, 1, 1], "uv": [0, 0]},
						{"origin": [11, 24, 2], "size": [1, 1, 1], "uv": [0, 0]},
						{"origin": [12, 22, 2], "size": [1, 1, 1], "uv": [0, 0]},
						{"origin": [12, 21, 2], "size": [1, 1, 1], "uv": [0, 0]},
						{"origin": [12, 20, 2], "size": [1, 1, 1], "uv": [0, 0]},
						{"origin": [12, 19, 2], "size": [1, 1, 1], "uv": [0, 0]},
						{"origin": [12, 18, 2], "size": [1, 1, 1], "uv": [0, 0]},
						{"origin": [12, 17, 2], "size": [1, 1, 1], "uv": [0, 0]},
						{"origin": [12, 16, 2], "size": [1, 1, 1], "uv": [0, 0]},
						{"origin": [11, 15, 2], "size": [1, 1, 1], "uv": [0, 0]},
						{"origin": [11, 14, 2], "size": [1, 1, 1], "uv": [0, 0]},
						{"origin": [11, 13, 2], "size": [1, 1, 1], "uv": [0, 0]},
						{"origin": [10, 12, 2], "size": [1, 1, 1], "uv": [0, 0]},
						{"origin": [10, 11, 2], "size": [1, 1, 1], "uv": [0, 0]},
						{"origin": [9, 10, 2], "size": [1, 1, 1], "uv": [0, 0]},
						{"origin": [9, 9, 2], "size": [1, 1, 1], "uv": [0, 0]},
						{"origin": [8, 8, 2], "size": [1, 1, 1], "uv": [0, 0]},
						{"origin": [12, 23, 2], "size": [1, 1, 1], "uv": [0, 0]},
						{"origin": [10, 28, 2], "size": [1, 1, 1], "uv": [0, 0]},
						{"origin": [-3, 20, 2], "size": [1, 1, 1], "uv": [0, 0]},
						{"origin": [-4, 20, 2], "size": [1, 1, 1], "uv": [0, 0]},
						{"origin": [-5, 20, 2], "size": [1, 1, 1], "uv": [0, 0]},
						{"origin": [-6, 20, 2], "size": [1, 1, 1], "uv": [0, 0]},
						{"origin": [-7, 20, 2], "size": [1, 1, 1], "uv": [0, 0]},
						{"origin": [-8, 21, 2], "size": [1, 1, 1], "uv": [0, 0]},
						{"origin": [-9, 21, 2], "size": [1, 1, 1], "uv": [0, 0]},
						{"origin": [-10, 22, 2], "size": [1, 1, 1], "uv": [0, 0]},
						{"origin": [-11, 23, 2], "size": [1, 1, 1], "uv": [0, 0]},
						{"origin": [-11, 24, 2], "size": [1, 1, 1], "uv": [0, 0]},
						{"origin": [-12, 24, 2], "size": [1, 1, 1], "uv": [0, 0]},
						{"origin": [-13, 23, 2], "size": [1, 1, 1], "uv": [0, 0]},
						{"origin": [-13, 22, 2], "size": [1, 1, 1], "uv": [0, 0]},
						{"origin": [-13, 21, 2], "size": [1, 1, 1], "uv": [0, 0]},
						{"origin": [-13, 20, 2], "size": [1, 1, 1], "uv": [0, 0]},
						{"origin": [-13, 19, 2], "size": [1, 1, 1], "uv": [0, 0]},
						{"origin": [-13, 18, 2], "size": [1, 1, 1], "uv": [0, 0]},
						{"origin": [-13, 17, 2], "size": [1, 1, 1], "uv": [0, 0]},
						{"origin": [-13, 16, 2], "size": [1, 1, 1], "uv": [0, 0]},
						{"origin": [-12, 15, 2], "size": [1, 1, 1], "uv": [0, 0]},
						{"origin": [-12, 14, 2], "size": [1, 1, 1], "uv": [0, 0]},
						{"origin": [-12, 13, 2], "size": [1, 1, 1], "uv": [0, 0]},
						{"origin": [-11, 12, 2], "size": [1, 1, 1], "uv": [0, 0]},
						{"origin": [-11, 11, 2], "size": [1, 1, 1], "uv": [0, 0]},
						{"origin": [-10, 10, 2], "size": [1, 1, 1], "uv": [0, 0]},
						{"origin": [-10, 9, 2], "size": [1, 1, 1], "uv": [0, 0]},
						{"origin": [-9, 8, 2], "size": [1, 1, 1], "uv": [0, 0]},
						{"origin": [-12, 25, 2], "size": [1, 1, 1], "uv": [0, 0]},
						{"origin": [-12, 26, 2], "size": [1, 1, 1], "uv": [0, 0]},
						{"origin": [-13, 26, 2], "size": [1, 1, 1], "uv": [0, 0]},
						{"origin": [-14, 25, 2], "size": [1, 1, 1], "uv": [0, 0]},
						{"origin": [-15, 23, 2], "size": [1, 1, 1], "uv": [0, 0]},
						{"origin": [-15, 22, 2], "size": [1, 1, 1], "uv": [0, 0]},
						{"origin": [-15, 21, 2], "size": [1, 1, 1], "uv": [0, 0]},
						{"origin": [-16, 20, 2], "size": [1, 1, 1], "uv": [0, 0]},
						{"origin": [-16, 19, 2], "size": [1, 1, 1], "uv": [0, 0]},
						{"origin": [-16, 18, 2], "size": [1, 1, 1], "uv": [0, 0]},
						{"origin": [-16, 17, 2], "size": [1, 1, 1], "uv": [0, 0]},
						{"origin": [-16, 16, 2], "size": [1, 1, 1], "uv": [0, 0]},
						{"origin": [-16, 15, 2], "size": [1, 1, 1], "uv": [0, 0]},
						{"origin": [-16, 14, 2], "size": [1, 1, 1], "uv": [0, 0]},
						{"origin": [-16, 13, 2], "size": [1, 1, 1], "uv": [0, 0]},
						{"origin": [-16, 12, 2], "size": [1, 1, 1], "uv": [0, 0]},
						{"origin": [-16, 11, 2], "size": [1, 1, 1], "uv": [0, 0]},
						{"origin": [-16, 10, 2], "size": [1, 1, 1], "uv": [0, 0]},
						{"origin": [-15, 9, 2], "size": [1, 1, 1], "uv": [0, 0]},
						{"origin": [-15, 8, 2], "size": [1, 1, 1], "uv": [0, 0]},
						{"origin": [-15, 7, 2], "size": [1, 1, 1], "uv": [0, 0]},
						{"origin": [-14, 6, 2], "size": [1, 1, 1], "uv": [0, 0]},
						{"origin": [-14, 24, 2], "size": [1, 1, 1], "uv": [0, 0]},
						{"origin": [-12, 27, 2], "size": [1, 1, 1], "uv": [0, 0]},
						{"origin": [-11, 28, 2], "size": [1, 1, 1], "uv": [0, 0]}
					]
				},
				{
					"name": "head",
					"parent": "body",
					"pivot": [0, 24, 0],
					"cubes": [
						{"origin": [-4, 24, -4], "size": [8, 8, 8], "uv": [0, 0]}
					]
				},
				{
					"name": "hat",
					"parent": "head",
					"pivot": [0, 24, 0],
					"cubes": [
						{"origin": [-4, 24, -4], "size": [8, 8, 8], "inflate": 0.5, "uv": [32, 0]}
					]
				},
				{
					"name": "leftArm",
					"parent": "body",
					"pivot": [5, 22, 0],
					"cubes": [
						{"origin": [4, 12, -2], "size": [4, 12, 4], "uv": [32, 48]}
					]
				},
				{
					"name": "leftSleeve",
					"parent": "leftArm",
					"pivot": [5, 22, 0],
					"cubes": [
						{"origin": [4, 12, -2], "size": [4, 12, 4], "inflate": 0.25, "uv": [48, 48]}
					]
				},
				{
					"name": "leftItem",
					"parent": "leftArm",
					"pivot": [6, 15, 1]
				},
				{
					"name": "rightArm",
					"parent": "body",
					"pivot": [-5, 22, 0],
					"cubes": [
						{"origin": [-8, 12, -2], "size": [4, 12, 4], "uv": [40, 16]}
					]
				},
				{
					"name": "rightSleeve",
					"parent": "rightArm",
					"pivot": [-5, 22, 0],
					"cubes": [
						{"origin": [-8, 12, -2], "size": [4, 12, 4], "inflate": 0.25, "uv": [40, 32]}
					]
				},
				{
					"name": "rightItem",
					"parent": "rightArm",
					"pivot": [-6, 15, 1],
					"locators": {
						"lead_hold": [-6, 15, 1]
					}
				},
				{
					"name": "jacket",
					"parent": "body",
					"pivot": [0, 24, 0],
					"cubes": [
						{"origin": [-4, 12, -2], "size": [8, 12, 4], "inflate": 0.25, "uv": [16, 32]}
					]
				},
				{
					"name": "cape",
					"parent": "body",
					"pivot": [0, 2, -2],
					"rotation": [-50, 0, -180]
				},
				{
					"name": "leftLeg",
					"parent": "root",
					"pivot": [1.9, 12, 0],
					"cubes": [
						{"origin": [-0.1, 0, -2], "size": [4, 12, 4], "uv": [16, 48]}
					]
				},
				{
					"name": "leftPants",
					"parent": "leftLeg",
					"pivot": [1.9, 12, 0],
					"cubes": [
						{"origin": [-0.1, 0, -2], "size": [4, 12, 4], "inflate": 0.25, "uv": [0, 48]}
					]
				},
				{
					"name": "rightLeg",
					"parent": "root",
					"pivot": [-1.9, 12, 0],
					"cubes": [
						{"origin": [-3.9, 0, -2], "size": [4, 12, 4], "uv": [0, 16]}
					]
				},
				{
					"name": "rightPants",
					"parent": "rightLeg",
					"pivot": [-1.9, 12, 0],
					"cubes": [
						{"origin": [-3.9, 0, -2], "size": [4, 12, 4], "inflate": 0.25, "uv": [0, 32]}
					]
				}
			]
		}
	]
}