{
	"format_version": "1.12.0",
	"minecraft:geometry": [
		{
			"description": {
				"identifier": "geometry.diamond",
				"texture_width": 64,
				"texture_height": 64,
				"visible_bounds_width": 4,
				"visible_bounds_height": 3,
				"visible_bounds_offset": [0, 1.5, 0]
			},
			"bones": [
				{
					"name": "root",
					"pivot": [0, 0, 0]
				},
				{
					"name": "waist",
					"parent": "root",
					"pivot": [0, 12, 0]
				},
				{
					"name": "body",
					"parent": "waist",
					"pivot": [0, 24, 0],
					"cubes": [
						{"origin": [-4, 12, -2], "size": [8, 12, 4], "uv": [16, 16]}
					]
				},
				{
					"name": "Wings",
					"parent": "body",
					"pivot": [0, 0, 0],
					"cubes": [
						{"origin": [0, 19, 2], "size": [1, 1, 1], "uv": [4, 0]},
						{"origin": [0, 13, 2], "size": [1, 1, 1], "uv": [4, 0]},
						{"origin": [1, 11, 2], "size": [1, 1, 1], "uv": [4, 0]},
						{"origin": [2, 9, 2], "size": [1, 1, 1], "uv": [4, 0]},
						{"origin": [3, 7, 2], "size": [1, 1, 1], "uv": [4, 0]},
						{"origin": [5, 4, 2], "size": [1, 1, 1], "uv": [4, 0]},
						{"origin": [6, 6, 2], "size": [1, 1, 1], "uv": [4, 0]},
						{"origin": [7, 8, 2], "size": [1, 1, 1], "uv": [4, 0]},
						{"origin": [8, 10, 2], "size": [1, 1, 1], "uv": [4, 0]},
						{"origin": [9, 4, 2], "size": [1, 1, 1], "uv": [4, 0]},
						{"origin": [10, 1, 2], "size": [1, 1, 1], "uv": [4, 0]},
						{"origin": [11, 3, 2], "size": [1, 1, 1], "uv": [4, 0]},
						{"origin": [11, 4, 2], "size": [1, 1, 1], "uv": [4, 0]},
						{"origin": [11, 5, 2], "size": [1, 1, 1], "uv": [4, 0]},
						{"origin": [11, 6, 2], "size": [1, 1, 1], "uv": [4, 0]},
						{"origin": [12, 7, 2], "size": [1, 1, 1], "uv": [4, 0]},
						{"origin": [12, 8, 2], "size": [1, 1, 1], "uv": [4, 0]},
						{"origin": [12, 9, 2], "size": [1, 1, 1], "uv": [4, 0]},
						{"origin": [12, 10, 2], "size": [1, 1, 1], "uv": [4, 0]},
						{"origin": [13, 11, 2], "size": [1, 1, 1], "uv": [4, 0]},
						{"origin": [13, 12, 2], "size": [1, 1, 1], "uv": [4, 0]},
						{"origin": [13, 13, 2], "size": [1, 1, 1], "uv": [4, 0]},
						{"origin": [13, 14, 2], "size": [1, 1, 1], "uv": [4, 0]},
						{"origin": [13, 15, 2], "size": [1, 1, 1], "uv": [4, 0]},
						{"origin": [13, 16, 2], "size": [1, 1, 1], "uv": [4, 0]},
						{"origin": [13, 17, 2], "size": [1, 1, 1], "uv": [4, 0]},
						{"origin": [12, 19, 2], "size": [1, 1, 1], "uv": [4, 0]},
						{"origin": [12, 20, 2], "size": [1, 1, 1], "uv": [4, 0]},
						{"origin": [12, 21, 2], "size": [1, 1, 1], "uv": [4, 0]},
						{"origin": [11, 23, 2], "size": [1, 1, 1], "uv": [4, 0]},
						{"origin": [10, 24, 2], "size": [1, 1, 1], "uv": [4, 0]},
						{"origin": [3, 3, 2], "size": [1, 1, 1], "uv": [0, 0]},
						{"origin": [3, 1, 2], "size": [1, 1, 1], "uv": [0, 0]},
						{"origin": [3, 2, 2], "size": [1, 1, 1], "uv": [0, 2]},
						{"origin": [4, 3, 2], "size": [1, 1, 1], "uv": [0, 2]},
						{"origin": [5, 5, 2], "size": [1, 1, 1], "uv": [0, 2]},
						{"origin": [5, 6, 2], "size": [1, 1, 1], "uv": [0, 2]},
						{"origin": [10, 6, 2], "size": [1, 1, 1], "uv": [0, 2]},
						{"origin": [9, 6, 2], "size": [1, 1, 1], "uv": [0, 2]},
						{"origin": [9, 5, 2], "size": [1, 1, 1], "uv": [0, 2]},
						{"origin": [9, 7, 2], "size": [1, 1, 1], "uv": [0, 2]},
						{"origin": [9, 8, 2], "size": [1, 1, 1], "uv": [0, 4]},
						{"origin": [9, 9, 2], "size": [1, 1, 1], "uv": [0, 4]},
						{"origin": [10, 4, 2], "size": [1, 1, 1], "uv": [0, 2]},
						{"origin": [10, 3, 2], "size": [1, 1, 1], "uv": [0, 2]},
						{"origin": [10, 2, 2], "size": [1, 1, 1], "uv": [0, 2]},
						{"origin": [10, 5, 2], "size": [1, 1, 1], "uv": [0, 2]},
						{"origin": [5, 7, 2], "size": [1, 1, 1], "uv": [0, 2]},
						{"origin": [5, 8, 2], "size": [1, 1, 1], "uv": [0, 2]},
						{"origin": [5, 10, 2], "size": [1, 1, 1], "uv": [0, 2]},
						{"origin": [4, 10, 2], "size": [1, 1, 1], "uv": [0, 2]},
						{"origin": [6, 11, 2], "size": [1, 1, 1], "uv": [0, 2]},
						{"origin": [7, 12, 2], "size": [1, 1, 1], "uv": [0, 2]},
						{"origin": [9, 14, 2], "size": [1, 1, 1], "uv": [0, 2]},
						{"origin": [10, 15, 2], "size": [1, 1, 1], "uv": [0, 2]},
						{"origin": [10, 9, 2], "size": [1, 1, 1], "uv": [0, 2]},
						{"origin": [10, 10, 2], "size": [1, 1, 1], "uv": [0, 2]},
						{"origin": [11, 16, 2], "size": [1, 1, 1], "uv": [0, 2]},
						{"origin": [11, 19, 2], "size": [1, 1, 1], "uv": [0, 2]},
						{"origin": [10, 18, 2], "size": [1, 1, 1], "uv": [0, 2]},
						{"origin": [9, 17, 2], "size": [1, 1, 1], "uv": [0, 2]},
						{"origin": [8, 16, 2], "size": [1, 1, 1], "uv": [0, 2]},
						{"origin": [6, 14, 2], "size": [1, 1, 1], "uv": [0, 2]},
						{"origin": [5, 13, 2], "size": [1, 1, 1], "uv": [0, 2]},
						{"origin": [4, 12, 2], "size": [1, 1, 1], "uv": [0, 2]},
						{"origin": [3, 12, 2], "size": [1, 1, 1], "uv": [0, 2]},
						{"origin": [2, 13, 2], "size": [1, 1, 1], "uv": [0, 2]},
						{"origin": [2, 14, 2], "size": [1, 1, 1], "uv": [0, 2]},
						{"origin": [3, 15, 2], "size": [1, 1, 1], "uv": [0, 2]},
						{"origin": [4, 16, 2], "size": [1, 1, 1], "uv": [0, 2]},
						{"origin": [5, 17, 2], "size": [1, 1, 1], "uv": [0, 2]},
						{"origin": [7, 19, 2], "size": [1, 1, 1], "uv": [0, 2]},
						{"origin": [7, 20, 2], "size": [1, 1, 1], "uv": [0, 2]},
						{"origin": [8, 23, 2], "size": [1, 1, 1], "uv": [0, 2]},
						{"origin": [9, 24, 2], "size": [1, 1, 1], "uv": [0, 2]},
						{"origin": [8, 26, 2], "size": [1, 1, 1], "uv": [0, 2]},
						{"origin": [7, 26, 2], "size": [1, 1, 1], "uv": [0, 2]},
						{"origin": [7, 25, 2], "size": [1, 1, 1], "uv": [0, 2]},
						{"origin": [6, 18, 2], "size": [1, 1, 1], "uv": [0, 2]},
						{"origin": [7, 15, 2], "size": [1, 1, 1], "uv": [0, 2]},
						{"origin": [12, 17, 2], "size": [1, 1, 1], "uv": [0, 2]},
						{"origin": [12, 12, 2], "size": [1, 1, 1], "uv": [0, 2]},
						{"origin": [12, 11, 2], "size": [1, 1, 1], "uv": [0, 2]},
						{"origin": [11, 11, 2], "size": [1, 1, 1], "uv": [0, 2]},
						{"origin": [11, 10, 2], "size": [1, 1, 1], "uv": [0, 2]},
						{"origin": [8, 13, 2], "size": [1, 1, 1], "uv": [0, 2]},
						{"origin": [6, 7, 2], "size": [1, 1, 1], "uv": [4, 4]},
						{"origin": [6, 8, 2], "size": [1, 1, 1], "uv": [4, 4]},
						{"origin": [6, 9, 2], "size": [1, 1, 1], "uv": [4, 4]},
						{"origin": [5, 9, 2], "size": [1, 1, 1], "uv": [4, 4]},
						{"origin": [4, 9, 2], "size": [1, 1, 1], "uv": [0, 4]},
						{"origin": [4, 8, 2], "size": [1, 1, 1], "uv": [4, 2]},
						{"origin": [4, 7, 2], "size": [1, 1, 1], "uv": [4, 2]},
						{"origin": [4, 6, 2], "size": [1, 1, 1], "uv": [4, 2]},
						{"origin": [4, 5, 2], "size": [1, 1, 1], "uv": [4, 2]},
						{"origin": [4, 4, 2], "size": [1, 1, 1], "uv": [4, 2]},
						{"origin": [3, 9, 2], "size": [1, 1, 1], "uv": [4, 2]},
						{"origin": [3, 10, 2], "size": [1, 1, 1], "uv": [4, 2]},
						{"origin": [2, 11, 2], "size": [1, 1, 1], "uv": [4, 2]},
						{"origin": [2, 12, 2], "size": [1, 1, 1], "uv": [4, 2]},
						{"origin": [1, 12, 2], "size": [1, 1, 1], "uv": [4, 2]},
						{"origin": [1, 13, 2], "size": [1, 1, 1], "uv": [4, 2]},
						{"origin": [1, 14, 2], "size": [1, 1, 1], "uv": [4, 2]},
						{"origin": [0, 14, 2], "size": [1, 1, 1], "uv": [4, 2]},
						{"origin": [0, 16, 2], "size": [1, 1, 1], "uv": [4, 2]},
						{"origin": [0, 17, 2], "size": [1, 1, 1], "uv": [4, 2]},
						{"origin": [1, 17, 2], "size": [1, 1, 1], "uv": [4, 2]},
						{"origin": [1, 18, 2], "size": [1, 1, 1], "uv": [4, 2]},
						{"origin": [2, 18, 2], "size": [1, 1, 1], "uv": [4, 2]},
						{"origin": [2, 19, 2], "size": [1, 1, 1], "uv": [4, 2]},
						{"origin": [3, 20, 2], "size": [1, 1, 1], "uv": [4, 2]},
						{"origin": [4, 20, 2], "size": [1, 1, 1], "uv": [4, 2]},
						{"origin": [4, 21, 2], "size": [1, 1, 1], "uv": [4, 2]},
						{"origin": [5, 21, 2], "size": [1, 1, 1], "uv": [4, 2]},
						{"origin": [5, 22, 2], "size": [1, 1, 1], "uv": [4, 2]},
						{"origin": [6, 22, 2], "size": [1, 1, 1], "uv": [4, 2]},
						{"origin": [6, 23, 2], "size": [1, 1, 1], "uv": [4, 2]},
						{"origin": [7, 23, 2], "size": [1, 1, 1], "uv": [4, 2]},
						{"origin": [6, 26, 2], "size": [1, 1, 1], "uv": [4, 2]},
						{"origin": [6, 27, 2], "size": [1, 1, 1], "uv": [4, 2]},
						{"origin": [5, 27, 2], "size": [1, 1, 1], "uv": [4, 2]},
						{"origin": [5, 26, 2], "size": [1, 1, 1], "uv": [4, 2]},
						{"origin": [5, 25, 2], "size": [1, 1, 1], "uv": [4, 2]},
						{"origin": [5, 28, 2], "size": [1, 1, 1], "uv": [4, 2]},
						{"origin": [5, 29, 2], "size": [1, 1, 1], "uv": [4, 2]},
						{"origin": [4, 29, 2], "size": [1, 1, 1], "uv": [4, 2]},
						{"origin": [4, 30, 2], "size": [1, 1, 1], "uv": [4, 2]},
						{"origin": [3, 31, 2], "size": [1, 1, 1], "uv": [4, 2]},
						{"origin": [7, 24, 2], "size": [1, 1, 1], "uv": [4, 2]},
						{"origin": [3, 19, 2], "size": [1, 1, 1], "uv": [4, 2]},
						{"origin": [1, 15, 2], "size": [1, 1, 1], "uv": [4, 2]},
						{"origin": [2, 15, 2], "size": [1, 1, 1], "uv": [4, 2]},
						{"origin": [2, 16, 2], "size": [1, 1, 1], "uv": [4, 2]},
						{"origin": [3, 16, 2], "size": [1, 1, 1], "uv": [4, 2]},
						{"origin": [3, 17, 2], "size": [1, 1, 1], "uv": [4, 2]},
						{"origin": [4, 17, 2], "size": [1, 1, 1], "uv": [4, 2]},
						{"origin": [4, 18, 2], "size": [1, 1, 1], "uv": [4, 2]},
						{"origin": [5, 18, 2], "size": [1, 1, 1], "uv": [4, 2]},
						{"origin": [5, 19, 2], "size": [1, 1, 1], "uv": [4, 2]},
						{"origin": [6, 19, 2], "size": [1, 1, 1], "uv": [4, 2]},
						{"origin": [7, 21, 2], "size": [1, 1, 1], "uv": [4, 2]},
						{"origin": [6, 20, 2], "size": [1, 1, 1], "uv": [4, 2]},
						{"origin": [3, 8, 2], "size": [1, 1, 1], "uv": [0, 4]},
						{"origin": [2, 10, 2], "size": [1, 1, 1], "uv": [0, 4]},
						{"origin": [3, 11, 2], "size": [1, 1, 1], "uv": [0, 4]},
						{"origin": [7, 22, 2], "size": [1, 1, 1], "uv": [0, 4]},
						{"origin": [6, 21, 2], "size": [1, 1, 1], "uv": [0, 4]},
						{"origin": [6, 24, 2], "size": [1, 1, 1], "uv": [0, 4]},
						{"origin": [5, 24, 2], "size": [1, 1, 1], "uv": [0, 4]},
						{"origin": [5, 23, 2], "size": [1, 1, 1], "uv": [0, 4]},
						{"origin": [4, 22, 2], "size": [1, 1, 1], "uv": [0, 4]},
						{"origin": [0, 18, 2], "size": [1, 1, 1], "uv": [0, 4]},
						{"origin": [1, 19, 2], "size": [1, 1, 1], "uv": [0, 4]},
						{"origin": [6, 25, 2], "size": [1, 1, 1], "uv": [0, 4]},
						{"origin": [5, 20, 2], "size": [1, 1, 1], "uv": [0, 4]},
						{"origin": [4, 19, 2], "size": [1, 1, 1], "uv": [0, 4]},
						{"origin": [3, 18, 2], "size": [1, 1, 1], "uv": [0, 4]},
						{"origin": [1, 16, 2], "size": [1, 1, 1], "uv": [0, 4]},
						{"origin": [0, 15, 2], "size": [1, 1, 1], "uv": [0, 4]},
						{"origin": [2, 17, 2], "size": [1, 1, 1], "uv": [0, 4]},
						{"origin": [5, 11, 2], "size": [1, 1, 1], "uv": [4, 4]},
						{"origin": [4, 11, 2], "size": [1, 1, 1], "uv": [4, 4]},
						{"origin": [4, 13, 2], "size": [1, 1, 1], "uv": [4, 4]},
						{"origin": [3, 13, 2], "size": [1, 1, 1], "uv": [4, 4]},
						{"origin": [3, 14, 2], "size": [1, 1, 1], "uv": [4, 4]},
						{"origin": [4, 14, 2], "size": [1, 1, 1], "uv": [4, 4]},
						{"origin": [5, 14, 2], "size": [1, 1, 1], "uv": [4, 4]},
						{"origin": [5, 15, 2], "size": [1, 1, 1], "uv": [4, 4]},
						{"origin": [4, 15, 2], "size": [1, 1, 1], "uv": [4, 4]},
						{"origin": [6, 15, 2], "size": [1, 1, 1], "uv": [4, 4]},
						{"origin": [6, 16, 2], "size": [1, 1, 1], "uv": [4, 4]},
						{"origin": [5, 16, 2], "size": [1, 1, 1], "uv": [4, 4]},
						{"origin": [7, 16, 2], "size": [1, 1, 1], "uv": [4, 4]},
						{"origin": [7, 17, 2], "size": [1, 1, 1], "uv": [4, 4]},
						{"origin": [6, 17, 2], "size": [1, 1, 1], "uv": [4, 4]},
						{"origin": [8, 17, 2], "size": [1, 1, 1], "uv": [4, 4]},
						{"origin": [8, 18, 2], "size": [1, 1, 1], "uv": [4, 4]},
						{"origin": [7, 18, 2], "size": [1, 1, 1], "uv": [4, 4]},
						{"origin": [9, 18, 2], "size": [1, 1, 1], "uv": [4, 4]},
						{"origin": [9, 19, 2], "size": [1, 1, 1], "uv": [4, 4]},
						{"origin": [8, 19, 2], "size": [1, 1, 1], "uv": [4, 4]},
						{"origin": [10, 19, 2], "size": [1, 1, 1], "uv": [4, 4]},
						{"origin": [10, 20, 2], "size": [1, 1, 1], "uv": [4, 4]},
						{"origin": [9, 20, 2], "size": [1, 1, 1], "uv": [4, 4]},
						{"origin": [11, 20, 2], "size": [1, 1, 1], "uv": [4, 4]},
						{"origin": [11, 21, 2], "size": [1, 1, 1], "uv": [4, 4]},
						{"origin": [11, 22, 2], "size": [1, 1, 1], "uv": [4, 4]},
						{"origin": [10, 22, 2], "size": [1, 1, 1], "uv": [4, 4]},
						{"origin": [10, 23, 2], "size": [1, 1, 1], "uv": [4, 4]},
						{"origin": [9, 23, 2], "size": [1, 1, 1], "uv": [4, 4]},
						{"origin": [9, 22, 2], "size": [1, 1, 1], "uv": [4, 4]},
						{"origin": [8, 22, 2], "size": [1, 1, 1], "uv": [4, 4]},
						{"origin": [8, 24, 2], "size": [1, 1, 1], "uv": [4, 4]},
						{"origin": [8, 25, 2], "size": [1, 1, 1], "uv": [4, 4]},
						{"origin": [7, 27, 2], "size": [1, 1, 1], "uv": [4, 4]},
						{"origin": [6, 28, 2], "size": [1, 1, 1], "uv": [4, 4]},
						{"origin": [6, 29, 2], "size": [1, 1, 1], "uv": [4, 4]},
						{"origin": [5, 30, 2], "size": [1, 1, 1], "uv": [4, 4]},
						{"origin": [4, 31, 2], "size": [1, 1, 1], "uv": [4, 4]},
						{"origin": [3, 30, 2], "size": [1, 1, 1], "uv": [4, 4]},
						{"origin": [9, 25, 2], "size": [1, 1, 1], "uv": [4, 4]},
						{"origin": [8, 21, 2], "size": [1, 1, 1], "uv": [4, 4]},
						{"origin": [8, 20, 2], "size": [1, 1, 1], "uv": [4, 4]},
						{"origin": [9, 21, 2], "size": [1, 1, 1], "uv": [4, 4]},
						{"origin": [10, 21, 2], "size": [1, 1, 1], "uv": [4, 4]},
						{"origin": [5, 12, 2], "size": [1, 1, 1], "uv": [4, 4]},
						{"origin": [6, 12, 2], "size": [1, 1, 1], "uv": [4, 4]},
						{"origin": [6, 13, 2], "size": [1, 1, 1], "uv": [4, 4]},
						{"origin": [7, 13, 2], "size": [1, 1, 1], "uv": [4, 4]},
						{"origin": [7, 14, 2], "size": [1, 1, 1], "uv": [4, 4]},
						{"origin": [8, 14, 2], "size": [1, 1, 1], "uv": [4, 4]},
						{"origin": [8, 15, 2], "size": [1, 1, 1], "uv": [4, 4]},
						{"origin": [9, 15, 2], "size": [1, 1, 1], "uv": [4, 4]},
						{"origin": [9, 16, 2], "size": [1, 1, 1], "uv": [4, 4]},
						{"origin": [10, 16, 2], "size": [1, 1, 1], "uv": [4, 4]},
						{"origin": [10, 17, 2], "size": [1, 1, 1], "uv": [4, 4]},
						{"origin": [11, 17, 2], "size": [1, 1, 1], "uv": [4, 4]},
						{"origin": [11, 18, 2], "size": [1, 1, 1], "uv": [4, 4]},
						{"origin": [12, 18, 2], "size": [1, 1, 1], "uv": [4, 4]},
						{"origin": [6, 10, 2], "size": [1, 1, 1], "uv": [4, 4]},
						{"origin": [7, 10, 2], "size": [1, 1, 1], "uv": [4, 4]},
						{"origin": [7, 9, 2], "size": [1, 1, 1], "uv": [4, 4]},
						{"origin": [7, 11, 2], "size": [1, 1, 1], "uv": [4, 4]},
						{"origin": [8, 11, 2], "size": [1, 1, 1], "uv": [4, 4]},
						{"origin": [8, 12, 2], "size": [1, 1, 1], "uv": [4, 4]},
						{"origin": [9, 12, 2], "size": [1, 1, 1], "uv": [4, 4]},
						{"origin": [9, 10, 2], "size": [1, 1, 1], "uv": [4, 4]},
						{"origin": [9, 11, 2], "size": [1, 1, 1], "uv": [4, 4]},
						{"origin": [10, 11, 2], "size": [1, 1, 1], "uv": [4, 4]},
						{"origin": [11, 7, 2], "size": [1, 1, 1], "uv": [4, 4]},
						{"origin": [11, 8, 2], "size": [1, 1, 1], "uv": [4, 4]},
						{"origin": [11, 9, 2], "size": [1, 1, 1], "uv": [4, 4]},
						{"origin": [10, 8, 2], "size": [1, 1, 1], "uv": [4, 4]},
						{"origin": [10, 7, 2], "size": [1, 1, 1], "uv": [4, 4]},
						{"origin": [10, 12, 2], "size": [1, 1, 1], "uv": [4, 4]},
						{"origin": [11, 12, 2], "size": [1, 1, 1], "uv": [4, 4]},
						{"origin": [11, 13, 2], "size": [1, 1, 1], "uv": [4, 4]},
						{"origin": [12, 13, 2], "size": [1, 1, 1], "uv": [4, 4]},
						{"origin": [12, 14, 2], "size": [1, 1, 1], "uv": [4, 4]},
						{"origin": [9, 13, 2], "size": [1, 1, 1], "uv": [4, 4]},
						{"origin": [10, 13, 2], "size": [1, 1, 1], "uv": [4, 4]},
						{"origin": [10, 14, 2], "size": [1, 1, 1], "uv": [4, 4]},
						{"origin": [11, 15, 2], "size": [1, 1, 1], "uv": [4, 4]},
						{"origin": [11, 14, 2], "size": [1, 1, 1], "uv": [4, 4]},
						{"origin": [12, 15, 2], "size": [1, 1, 1], "uv": [4, 4]},
						{"origin": [12, 16, 2], "size": [1, 1, 1], "uv": [4, 4]},
						{"origin": [4, 2, 2], "size": [1, 1, 1], "uv": [0, 0]},
						{"origin": [11, 2, 2], "size": [1, 1, 1], "uv": [0, 0]},
						{"origin": [11, 1, 2], "size": [1, 1, 1], "uv": [0, 0]},
						{"origin": [12, 2, 2], "size": [1, 1, 1], "uv": [0, 0]},
						{"origin": [12, 3, 2], "size": [1, 1, 1], "uv": [0, 0]},
						{"origin": [13, 4, 2], "size": [1, 1, 1], "uv": [0, 0]},
						{"origin": [12, 4, 2], "size": [1, 1, 1], "uv": [4, 6]},
						{"origin": [12, 5, 2], "size": [1, 1, 1], "uv": [4, 6]},
						{"origin": [13, 5, 2], "size": [1, 1, 1], "uv": [4, 6]},
						{"origin": [13, 6, 2], "size": [1, 1, 1], "uv": [4, 6]},
						{"origin": [13, 8, 2], "size": [1, 1, 1], "uv": [4, 6]},
						{"origin": [13, 9, 2], "size": [1, 1, 1], "uv": [4, 6]},
						{"origin": [13, 10, 2], "size": [1, 1, 1], "uv": [4, 6]},
						{"origin": [14, 10, 2], "size": [1, 1, 1], "uv": [4, 6]},
						{"origin": [14, 9, 2], "size": [1, 1, 1], "uv": [4, 6]},
						{"origin": [14, 11, 2], "size": [1, 1, 1], "uv": [4, 6]},
						{"origin": [14, 13, 2], "size": [1, 1, 1], "uv": [4, 6]},
						{"origin": [14, 14, 2], "size": [1, 1, 1], "uv": [4, 6]},
						{"origin": [14, 15, 2], "size": [1, 1, 1], "uv": [4, 6]},
						{"origin": [14, 16, 2], "size": [1, 1, 1], "uv": [4, 6]},
						{"origin": [14, 18, 2], "size": [1, 1, 1], "uv": [4, 6]},
						{"origin": [14, 19, 2], "size": [1, 1, 1], "uv": [4, 6]},
						{"origin": [13, 19, 2], "size": [1, 1, 1], "uv": [4, 6]},
						{"origin": [13, 18, 2], "size": [1, 1, 1], "uv": [4, 6]},
						{"origin": [13, 20, 2], "size": [1, 1, 1], "uv": [4, 6]},
						{"origin": [13, 21, 2], "size": [1, 1, 1], "uv": [4, 6]},
						{"origin": [12, 23, 2], "size": [1, 1, 1], "uv": [4, 6]},
						{"origin": [11, 24, 2], "size": [1, 1, 1], "uv": [4, 6]},
						{"origin": [10, 25, 2], "size": [1, 1, 1], "uv": [4, 6]},
						{"origin": [9, 26, 2], "size": [1, 1, 1], "uv": [4, 6]},
						{"origin": [8, 27, 2], "size": [1, 1, 1], "uv": [4, 6]},
						{"origin": [7, 28, 2], "size": [1, 1, 1], "uv": [4, 6]},
						{"origin": [12, 22, 2], "size": [1, 1, 1], "uv": [4, 6]},
						{"origin": [14, 6, 2], "size": [1, 1, 1], "uv": [4, 6]},
						{"origin": [14, 7, 2], "size": [1, 1, 1], "uv": [4, 6]},
						{"origin": [5, 3, 2], "size": [1, 1, 1], "uv": [0, 0]},
						{"origin": [6, 4, 2], "size": [1, 1, 1], "uv": [0, 0]},
						{"origin": [6, 5, 2], "size": [1, 1, 1], "uv": [0, 0]},
						{"origin": [7, 5, 2], "size": [1, 1, 1], "uv": [0, 6]},
						{"origin": [8, 6, 2], "size": [1, 1, 1], "uv": [0, 6]},
						{"origin": [11, 0, 2], "size": [1, 1, 1], "uv": [0, 6]},
						{"origin": [12, 1, 2], "size": [1, 1, 1], "uv": [0, 6]},
						{"origin": [13, 2, 2], "size": [1, 1, 1], "uv": [0, 6]},
						{"origin": [13, 3, 2], "size": [1, 1, 1], "uv": [0, 6]},
						{"origin": [14, 4, 2], "size": [1, 1, 1], "uv": [0, 6]},
						{"origin": [14, 5, 2], "size": [1, 1, 1], "uv": [0, 6]},
						{"origin": [15, 7, 2], "size": [1, 1, 1], "uv": [0, 6]},
						{"origin": [15, 6, 2], "size": [1, 1, 1], "uv": [0, 6]},
						{"origin": [15, 8, 2], "size": [1, 1, 1], "uv": [0, 6]},
						{"origin": [14, 8, 2], "size": [1, 1, 1], "uv": [0, 6]},
						{"origin": [13, 7, 2], "size": [1, 1, 1], "uv": [0, 6]},
						{"origin": [12, 6, 2], "size": [1, 1, 1], "uv": [0, 6]},
						{"origin": [15, 9, 2], "size": [1, 1, 1], "uv": [0, 6]},
						{"origin": [15, 10, 2], "size": [1, 1, 1], "uv": [0, 6]},
						{"origin": [15, 11, 2], "size": [1, 1, 1], "uv": [0, 6]},
						{"origin": [15, 12, 2], "size": [1, 1, 1], "uv": [0, 6]},
						{"origin": [14, 12, 2], "size": [1, 1, 1], "uv": [0, 6]},
						{"origin": [15, 13, 2], "size": [1, 1, 1], "uv": [0, 6]},
						{"origin": [15, 14, 2], "size": [1, 1, 1], "uv": [0, 6]},
						{"origin": [15, 15, 2], "size": [1, 1, 1], "uv": [0, 6]},
						{"origin": [14, 17, 2], "size": [1, 1, 1], "uv": [0, 6]},
						{"origin": [15, 15, 2], "size": [1, 1, 1], "uv": [0, 6]},
						{"origin": [7, 6, 2], "size": [1, 1, 1], "uv": [0, 0]},
						{"origin": [7, 7, 2], "size": [1, 1, 1], "uv": [0, 0]},
						{"origin": [8, 7, 2], "size": [1, 1, 1], "uv": [0, 0]},
						{"origin": [8, 8, 2], "size": [1, 1, 1], "uv": [0, 0]},
						{"origin": [8, 9, 2], "size": [1, 1, 1], "uv": [0, 0]},
						{"origin": [2, 20, 2], "size": [1, 1, 1], "uv": [4, 0]},
						{"origin": [3, 21, 2], "size": [1, 1, 1], "uv": [4, 0]},
						{"origin": [4, 23, 2], "size": [1, 1, 1], "uv": [4, 0]},
						{"origin": [4, 28, 2], "size": [1, 1, 1], "uv": [4, 0]}
					]
				},
				{
					"name": "Wings2",
					"parent": "body",
					"pivot": [0, 0, 5],
					"rotation": [0, 180, 0],
					"cubes": [
						{"origin": [0, 19, 7], "size": [1, 1, 1], "uv": [4, 0]},
						{"origin": [0, 13, 7], "size": [1, 1, 1], "uv": [4, 0]},
						{"origin": [1, 11, 7], "size": [1, 1, 1], "uv": [4, 0]},
						{"origin": [2, 9, 7], "size": [1, 1, 1], "uv": [4, 0]},
						{"origin": [3, 7, 7], "size": [1, 1, 1], "uv": [4, 0]},
						{"origin": [5, 4, 7], "size": [1, 1, 1], "uv": [4, 0]},
						{"origin": [6, 6, 7], "size": [1, 1, 1], "uv": [4, 0]},
						{"origin": [7, 8, 7], "size": [1, 1, 1], "uv": [4, 0]},
						{"origin": [8, 10, 7], "size": [1, 1, 1], "uv": [4, 0]},
						{"origin": [9, 4, 7], "size": [1, 1, 1], "uv": [4, 0]},
						{"origin": [10, 1, 7], "size": [1, 1, 1], "uv": [4, 0]},
						{"origin": [11, 3, 7], "size": [1, 1, 1], "uv": [4, 0]},
						{"origin": [11, 4, 7], "size": [1, 1, 1], "uv": [4, 0]},
						{"origin": [11, 5, 7], "size": [1, 1, 1], "uv": [4, 0]},
						{"origin": [11, 6, 7], "size": [1, 1, 1], "uv": [4, 0]},
						{"origin": [12, 7, 7], "size": [1, 1, 1], "uv": [4, 0]},
						{"origin": [12, 8, 7], "size": [1, 1, 1], "uv": [4, 0]},
						{"origin": [12, 9, 7], "size": [1, 1, 1], "uv": [4, 0]},
						{"origin": [12, 10, 7], "size": [1, 1, 1], "uv": [4, 0]},
						{"origin": [13, 11, 7], "size": [1, 1, 1], "uv": [4, 0]},
						{"origin": [13, 12, 7], "size": [1, 1, 1], "uv": [4, 0]},
						{"origin": [13, 13, 7], "size": [1, 1, 1], "uv": [4, 0]},
						{"origin": [13, 14, 7], "size": [1, 1, 1], "uv": [4, 0]},
						{"origin": [13, 15, 7], "size": [1, 1, 1], "uv": [4, 0]},
						{"origin": [13, 16, 7], "size": [1, 1, 1], "uv": [4, 0]},
						{"origin": [13, 17, 7], "size": [1, 1, 1], "uv": [4, 0]},
						{"origin": [12, 19, 7], "size": [1, 1, 1], "uv": [4, 0]},
						{"origin": [12, 20, 7], "size": [1, 1, 1], "uv": [4, 0]},
						{"origin": [12, 21, 7], "size": [1, 1, 1], "uv": [4, 0]},
						{"origin": [11, 23, 7], "size": [1, 1, 1], "uv": [4, 0]},
						{"origin": [10, 24, 7], "size": [1, 1, 1], "uv": [4, 0]},
						{"origin": [3, 3, 7], "size": [1, 1, 1], "uv": [0, 0]},
						{"origin": [3, 1, 7], "size": [1, 1, 1], "uv": [0, 0]},
						{"origin": [3, 2, 7], "size": [1, 1, 1], "uv": [0, 2]},
						{"origin": [4, 3, 7], "size": [1, 1, 1], "uv": [0, 2]},
						{"origin": [5, 5, 7], "size": [1, 1, 1], "uv": [0, 2]},
						{"origin": [5, 6, 7], "size": [1, 1, 1], "uv": [0, 2]},
						{"origin": [10, 6, 7], "size": [1, 1, 1], "uv": [0, 2]},
						{"origin": [9, 6, 7], "size": [1, 1, 1], "uv": [0, 2]},
						{"origin": [9, 5, 7], "size": [1, 1, 1], "uv": [0, 2]},
						{"origin": [9, 7, 7], "size": [1, 1, 1], "uv": [0, 2]},
						{"origin": [9, 8, 7], "size": [1, 1, 1], "uv": [0, 4]},
						{"origin": [9, 9, 7], "size": [1, 1, 1], "uv": [0, 4]},
						{"origin": [10, 4, 7], "size": [1, 1, 1], "uv": [0, 2]},
						{"origin": [10, 3, 7], "size": [1, 1, 1], "uv": [0, 2]},
						{"origin": [10, 2, 7], "size": [1, 1, 1], "uv": [0, 2]},
						{"origin": [10, 5, 7], "size": [1, 1, 1], "uv": [0, 2]},
						{"origin": [5, 7, 7], "size": [1, 1, 1], "uv": [0, 2]},
						{"origin": [5, 8, 7], "size": [1, 1, 1], "uv": [0, 2]},
						{"origin": [5, 10, 7], "size": [1, 1, 1], "uv": [0, 2]},
						{"origin": [4, 10, 7], "size": [1, 1, 1], "uv": [0, 2]},
						{"origin": [6, 11, 7], "size": [1, 1, 1], "uv": [0, 2]},
						{"origin": [7, 12, 7], "size": [1, 1, 1], "uv": [0, 2]},
						{"origin": [9, 14, 7], "size": [1, 1, 1], "uv": [0, 2]},
						{"origin": [10, 15, 7], "size": [1, 1, 1], "uv": [0, 2]},
						{"origin": [10, 9, 7], "size": [1, 1, 1], "uv": [0, 2]},
						{"origin": [10, 10, 7], "size": [1, 1, 1], "uv": [0, 2]},
						{"origin": [11, 16, 7], "size": [1, 1, 1], "uv": [0, 2]},
						{"origin": [11, 19, 7], "size": [1, 1, 1], "uv": [0, 2]},
						{"origin": [10, 18, 7], "size": [1, 1, 1], "uv": [0, 2]},
						{"origin": [9, 17, 7], "size": [1, 1, 1], "uv": [0, 2]},
						{"origin": [8, 16, 7], "size": [1, 1, 1], "uv": [0, 2]},
						{"origin": [6, 14, 7], "size": [1, 1, 1], "uv": [0, 2]},
						{"origin": [5, 13, 7], "size": [1, 1, 1], "uv": [0, 2]},
						{"origin": [4, 12, 7], "size": [1, 1, 1], "uv": [0, 2]},
						{"origin": [3, 12, 7], "size": [1, 1, 1], "uv": [0, 2]},
						{"origin": [2, 13, 7], "size": [1, 1, 1], "uv": [0, 2]},
						{"origin": [2, 14, 7], "size": [1, 1, 1], "uv": [0, 2]},
						{"origin": [3, 15, 7], "size": [1, 1, 1], "uv": [0, 2]},
						{"origin": [4, 16, 7], "size": [1, 1, 1], "uv": [0, 2]},
						{"origin": [5, 17, 7], "size": [1, 1, 1], "uv": [0, 2]},
						{"origin": [7, 19, 7], "size": [1, 1, 1], "uv": [0, 2]},
						{"origin": [7, 20, 7], "size": [1, 1, 1], "uv": [0, 2]},
						{"origin": [8, 23, 7], "size": [1, 1, 1], "uv": [0, 2]},
						{"origin": [9, 24, 7], "size": [1, 1, 1], "uv": [0, 2]},
						{"origin": [8, 26, 7], "size": [1, 1, 1], "uv": [0, 2]},
						{"origin": [7, 26, 7], "size": [1, 1, 1], "uv": [0, 2]},
						{"origin": [7, 25, 7], "size": [1, 1, 1], "uv": [0, 2]},
						{"origin": [6, 18, 7], "size": [1, 1, 1], "uv": [0, 2]},
						{"origin": [7, 15, 7], "size": [1, 1, 1], "uv": [0, 2]},
						{"origin": [12, 17, 7], "size": [1, 1, 1], "uv": [0, 2]},
						{"origin": [12, 12, 7], "size": [1, 1, 1], "uv": [0, 2]},
						{"origin": [12, 11, 7], "size": [1, 1, 1], "uv": [0, 2]},
						{"origin": [11, 11, 7], "size": [1, 1, 1], "uv": [0, 2]},
						{"origin": [11, 10, 7], "size": [1, 1, 1], "uv": [0, 2]},
						{"origin": [8, 13, 7], "size": [1, 1, 1], "uv": [0, 2]},
						{"origin": [6, 7, 7], "size": [1, 1, 1], "uv": [4, 4]},
						{"origin": [6, 8, 7], "size": [1, 1, 1], "uv": [4, 4]},
						{"origin": [6, 9, 7], "size": [1, 1, 1], "uv": [4, 4]},
						{"origin": [5, 9, 7], "size": [1, 1, 1], "uv": [4, 4]},
						{"origin": [4, 9, 7], "size": [1, 1, 1], "uv": [0, 4]},
						{"origin": [4, 8, 7], "size": [1, 1, 1], "uv": [4, 2]},
						{"origin": [4, 7, 7], "size": [1, 1, 1], "uv": [4, 2]},
						{"origin": [4, 6, 7], "size": [1, 1, 1], "uv": [4, 2]},
						{"origin": [4, 5, 7], "size": [1, 1, 1], "uv": [4, 2]},
						{"origin": [4, 4, 7], "size": [1, 1, 1], "uv": [4, 2]},
						{"origin": [3, 9, 7], "size": [1, 1, 1], "uv": [4, 2]},
						{"origin": [3, 10, 7], "size": [1, 1, 1], "uv": [4, 2]},
						{"origin": [2, 11, 7], "size": [1, 1, 1], "uv": [4, 2]},
						{"origin": [2, 12, 7], "size": [1, 1, 1], "uv": [4, 2]},
						{"origin": [1, 12, 7], "size": [1, 1, 1], "uv": [4, 2]},
						{"origin": [1, 13, 7], "size": [1, 1, 1], "uv": [4, 2]},
						{"origin": [1, 14, 7], "size": [1, 1, 1], "uv": [4, 2]},
						{"origin": [0, 14, 7], "size": [1, 1, 1], "uv": [4, 2]},
						{"origin": [0, 16, 7], "size": [1, 1, 1], "uv": [4, 2]},
						{"origin": [0, 17, 7], "size": [1, 1, 1], "uv": [4, 2]},
						{"origin": [1, 17, 7], "size": [1, 1, 1], "uv": [4, 2]},
						{"origin": [1, 18, 7], "size": [1, 1, 1], "uv": [4, 2]},
						{"origin": [2, 18, 7], "size": [1, 1, 1], "uv": [4, 2]},
						{"origin": [2, 19, 7], "size": [1, 1, 1], "uv": [4, 2]},
						{"origin": [3, 20, 7], "size": [1, 1, 1], "uv": [4, 2]},
						{"origin": [4, 20, 7], "size": [1, 1, 1], "uv": [4, 2]},
						{"origin": [4, 21, 7], "size": [1, 1, 1], "uv": [4, 2]},
						{"origin": [5, 21, 7], "size": [1, 1, 1], "uv": [4, 2]},
						{"origin": [5, 22, 7], "size": [1, 1, 1], "uv": [4, 2]},
						{"origin": [6, 22, 7], "size": [1, 1, 1], "uv": [4, 2]},
						{"origin": [6, 23, 7], "size": [1, 1, 1], "uv": [4, 2]},
						{"origin": [7, 23, 7], "size": [1, 1, 1], "uv": [4, 2]},
						{"origin": [6, 26, 7], "size": [1, 1, 1], "uv": [4, 2]},
						{"origin": [6, 27, 7], "size": [1, 1, 1], "uv": [4, 2]},
						{"origin": [5, 27, 7], "size": [1, 1, 1], "uv": [4, 2]},
						{"origin": [5, 26, 7], "size": [1, 1, 1], "uv": [4, 2]},
						{"origin": [5, 25, 7], "size": [1, 1, 1], "uv": [4, 2]},
						{"origin": [5, 28, 7], "size": [1, 1, 1], "uv": [4, 2]},
						{"origin": [5, 29, 7], "size": [1, 1, 1], "uv": [4, 2]},
						{"origin": [4, 29, 7], "size": [1, 1, 1], "uv": [4, 2]},
						{"origin": [4, 30, 7], "size": [1, 1, 1], "uv": [4, 2]},
						{"origin": [3, 31, 7], "size": [1, 1, 1], "uv": [4, 2]},
						{"origin": [7, 24, 7], "size": [1, 1, 1], "uv": [4, 2]},
						{"origin": [3, 19, 7], "size": [1, 1, 1], "uv": [4, 2]},
						{"origin": [1, 15, 7], "size": [1, 1, 1], "uv": [4, 2]},
						{"origin": [2, 15, 7], "size": [1, 1, 1], "uv": [4, 2]},
						{"origin": [2, 16, 7], "size": [1, 1, 1], "uv": [4, 2]},
						{"origin": [3, 16, 7], "size": [1, 1, 1], "uv": [4, 2]},
						{"origin": [3, 17, 7], "size": [1, 1, 1], "uv": [4, 2]},
						{"origin": [4, 17, 7], "size": [1, 1, 1], "uv": [4, 2]},
						{"origin": [4, 18, 7], "size": [1, 1, 1], "uv": [4, 2]},
						{"origin": [5, 18, 7], "size": [1, 1, 1], "uv": [4, 2]},
						{"origin": [5, 19, 7], "size": [1, 1, 1], "uv": [4, 2]},
						{"origin": [6, 19, 7], "size": [1, 1, 1], "uv": [4, 2]},
						{"origin": [7, 21, 7], "size": [1, 1, 1], "uv": [4, 2]},
						{"origin": [6, 20, 7], "size": [1, 1, 1], "uv": [4, 2]},
						{"origin": [3, 8, 7], "size": [1, 1, 1], "uv": [0, 4]},
						{"origin": [2, 10, 7], "size": [1, 1, 1], "uv": [0, 4]},
						{"origin": [3, 11, 7], "size": [1, 1, 1], "uv": [0, 4]},
						{"origin": [7, 22, 7], "size": [1, 1, 1], "uv": [0, 4]},
						{"origin": [6, 21, 7], "size": [1, 1, 1], "uv": [0, 4]},
						{"origin": [6, 24, 7], "size": [1, 1, 1], "uv": [0, 4]},
						{"origin": [5, 24, 7], "size": [1, 1, 1], "uv": [0, 4]},
						{"origin": [5, 23, 7], "size": [1, 1, 1], "uv": [0, 4]},
						{"origin": [4, 22, 7], "size": [1, 1, 1], "uv": [0, 4]},
						{"origin": [0, 18, 7], "size": [1, 1, 1], "uv": [0, 4]},
						{"origin": [1, 19, 7], "size": [1, 1, 1], "uv": [0, 4]},
						{"origin": [6, 25, 7], "size": [1, 1, 1], "uv": [0, 4]},
						{"origin": [5, 20, 7], "size": [1, 1, 1], "uv": [0, 4]},
						{"origin": [4, 19, 7], "size": [1, 1, 1], "uv": [0, 4]},
						{"origin": [3, 18, 7], "size": [1, 1, 1], "uv": [0, 4]},
						{"origin": [1, 16, 7], "size": [1, 1, 1], "uv": [0, 4]},
						{"origin": [0, 15, 7], "size": [1, 1, 1], "uv": [0, 4]},
						{"origin": [2, 17, 7], "size": [1, 1, 1], "uv": [0, 4]},
						{"origin": [5, 11, 7], "size": [1, 1, 1], "uv": [4, 4]},
						{"origin": [4, 11, 7], "size": [1, 1, 1], "uv": [4, 4]},
						{"origin": [4, 13, 7], "size": [1, 1, 1], "uv": [4, 4]},
						{"origin": [3, 13, 7], "size": [1, 1, 1], "uv": [4, 4]},
						{"origin": [3, 14, 7], "size": [1, 1, 1], "uv": [4, 4]},
						{"origin": [4, 14, 7], "size": [1, 1, 1], "uv": [4, 4]},
						{"origin": [5, 14, 7], "size": [1, 1, 1], "uv": [4, 4]},
						{"origin": [5, 15, 7], "size": [1, 1, 1], "uv": [4, 4]},
						{"origin": [4, 15, 7], "size": [1, 1, 1], "uv": [4, 4]},
						{"origin": [6, 15, 7], "size": [1, 1, 1], "uv": [4, 4]},
						{"origin": [6, 16, 7], "size": [1, 1, 1], "uv": [4, 4]},
						{"origin": [5, 16, 7], "size": [1, 1, 1], "uv": [4, 4]},
						{"origin": [7, 16, 7], "size": [1, 1, 1], "uv": [4, 4]},
						{"origin": [7, 17, 7], "size": [1, 1, 1], "uv": [4, 4]},
						{"origin": [6, 17, 7], "size": [1, 1, 1], "uv": [4, 4]},
						{"origin": [8, 17, 7], "size": [1, 1, 1], "uv": [4, 4]},
						{"origin": [8, 18, 7], "size": [1, 1, 1], "uv": [4, 4]},
						{"origin": [7, 18, 7], "size": [1, 1, 1], "uv": [4, 4]},
						{"origin": [9, 18, 7], "size": [1, 1, 1], "uv": [4, 4]},
						{"origin": [9, 19, 7], "size": [1, 1, 1], "uv": [4, 4]},
						{"origin": [8, 19, 7], "size": [1, 1, 1], "uv": [4, 4]},
						{"origin": [10, 19, 7], "size": [1, 1, 1], "uv": [4, 4]},
						{"origin": [10, 20, 7], "size": [1, 1, 1], "uv": [4, 4]},
						{"origin": [9, 20, 7], "size": [1, 1, 1], "uv": [4, 4]},
						{"origin": [11, 20, 7], "size": [1, 1, 1], "uv": [4, 4]},
						{"origin": [11, 21, 7], "size": [1, 1, 1], "uv": [4, 4]},
						{"origin": [11, 22, 7], "size": [1, 1, 1], "uv": [4, 4]},
						{"origin": [10, 22, 7], "size": [1, 1, 1], "uv": [4, 4]},
						{"origin": [10, 23, 7], "size": [1, 1, 1], "uv": [4, 4]},
						{"origin": [9, 23, 7], "size": [1, 1, 1], "uv": [4, 4]},
						{"origin": [9, 22, 7], "size": [1, 1, 1], "uv": [4, 4]},
						{"origin": [8, 22, 7], "size": [1, 1, 1], "uv": [4, 4]},
						{"origin": [8, 24, 7], "size": [1, 1, 1], "uv": [4, 4]},
						{"origin": [8, 25, 7], "size": [1, 1, 1], "uv": [4, 4]},
						{"origin": [7, 27, 7], "size": [1, 1, 1], "uv": [4, 4]},
						{"origin": [6, 28, 7], "size": [1, 1, 1], "uv": [4, 4]},
						{"origin": [6, 29, 7], "size": [1, 1, 1], "uv": [4, 4]},
						{"origin": [5, 30, 7], "size": [1, 1, 1], "uv": [4, 4]},
						{"origin": [4, 31, 7], "size": [1, 1, 1], "uv": [4, 4]},
						{"origin": [3, 30, 7], "size": [1, 1, 1], "uv": [4, 4]},
						{"origin": [9, 25, 7], "size": [1, 1, 1], "uv": [4, 4]},
						{"origin": [8, 21, 7], "size": [1, 1, 1], "uv": [4, 4]},
						{"origin": [8, 20, 7], "size": [1, 1, 1], "uv": [4, 4]},
						{"origin": [9, 21, 7], "size": [1, 1, 1], "uv": [4, 4]},
						{"origin": [10, 21, 7], "size": [1, 1, 1], "uv": [4, 4]},
						{"origin": [5, 12, 7], "size": [1, 1, 1], "uv": [4, 4]},
						{"origin": [6, 12, 7], "size": [1, 1, 1], "uv": [4, 4]},
						{"origin": [6, 13, 7], "size": [1, 1, 1], "uv": [4, 4]},
						{"origin": [7, 13, 7], "size": [1, 1, 1], "uv": [4, 4]},
						{"origin": [7, 14, 7], "size": [1, 1, 1], "uv": [4, 4]},
						{"origin": [8, 14, 7], "size": [1, 1, 1], "uv": [4, 4]},
						{"origin": [8, 15, 7], "size": [1, 1, 1], "uv": [4, 4]},
						{"origin": [9, 15, 7], "size": [1, 1, 1], "uv": [4, 4]},
						{"origin": [9, 16, 7], "size": [1, 1, 1], "uv": [4, 4]},
						{"origin": [10, 16, 7], "size": [1, 1, 1], "uv": [4, 4]},
						{"origin": [10, 17, 7], "size": [1, 1, 1], "uv": [4, 4]},
						{"origin": [11, 17, 7], "size": [1, 1, 1], "uv": [4, 4]},
						{"origin": [11, 18, 7], "size": [1, 1, 1], "uv": [4, 4]},
						{"origin": [12, 18, 7], "size": [1, 1, 1], "uv": [4, 4]},
						{"origin": [6, 10, 7], "size": [1, 1, 1], "uv": [4, 4]},
						{"origin": [7, 10, 7], "size": [1, 1, 1], "uv": [4, 4]},
						{"origin": [7, 9, 7], "size": [1, 1, 1], "uv": [4, 4]},
						{"origin": [7, 11, 7], "size": [1, 1, 1], "uv": [4, 4]},
						{"origin": [8, 11, 7], "size": [1, 1, 1], "uv": [4, 4]},
						{"origin": [8, 12, 7], "size": [1, 1, 1], "uv": [4, 4]},
						{"origin": [9, 12, 7], "size": [1, 1, 1], "uv": [4, 4]},
						{"origin": [9, 10, 7], "size": [1, 1, 1], "uv": [4, 4]},
						{"origin": [9, 11, 7], "size": [1, 1, 1], "uv": [4, 4]},
						{"origin": [10, 11, 7], "size": [1, 1, 1], "uv": [4, 4]},
						{"origin": [11, 7, 7], "size": [1, 1, 1], "uv": [4, 4]},
						{"origin": [11, 8, 7], "size": [1, 1, 1], "uv": [4, 4]},
						{"origin": [11, 9, 7], "size": [1, 1, 1], "uv": [4, 4]},
						{"origin": [10, 8, 7], "size": [1, 1, 1], "uv": [4, 4]},
						{"origin": [10, 7, 7], "size": [1, 1, 1], "uv": [4, 4]},
						{"origin": [10, 12, 7], "size": [1, 1, 1], "uv": [4, 4]},
						{"origin": [11, 12, 7], "size": [1, 1, 1], "uv": [4, 4]},
						{"origin": [11, 13, 7], "size": [1, 1, 1], "uv": [4, 4]},
						{"origin": [12, 13, 7], "size": [1, 1, 1], "uv": [4, 4]},
						{"origin": [12, 14, 7], "size": [1, 1, 1], "uv": [4, 4]},
						{"origin": [9, 13, 7], "size": [1, 1, 1], "uv": [4, 4]},
						{"origin": [10, 13, 7], "size": [1, 1, 1], "uv": [4, 4]},
						{"origin": [10, 14, 7], "size": [1, 1, 1], "uv": [4, 4]},
						{"origin": [11, 15, 7], "size": [1, 1, 1], "uv": [4, 4]},
						{"origin": [11, 14, 7], "size": [1, 1, 1], "uv": [4, 4]},
						{"origin": [12, 15, 7], "size": [1, 1, 1], "uv": [4, 4]},
						{"origin": [12, 16, 7], "size": [1, 1, 1], "uv": [4, 4]},
						{"origin": [4, 2, 7], "size": [1, 1, 1], "uv": [0, 0]},
						{"origin": [11, 2, 7], "size": [1, 1, 1], "uv": [0, 0]},
						{"origin": [11, 1, 7], "size": [1, 1, 1], "uv": [0, 0]},
						{"origin": [12, 2, 7], "size": [1, 1, 1], "uv": [0, 0]},
						{"origin": [12, 3, 7], "size": [1, 1, 1], "uv": [0, 0]},
						{"origin": [13, 4, 7], "size": [1, 1, 1], "uv": [0, 0]},
						{"origin": [12, 4, 7], "size": [1, 1, 1], "uv": [4, 6]},
						{"origin": [12, 5, 7], "size": [1, 1, 1], "uv": [4, 6]},
						{"origin": [13, 5, 7], "size": [1, 1, 1], "uv": [4, 6]},
						{"origin": [13, 6, 7], "size": [1, 1, 1], "uv": [4, 6]},
						{"origin": [13, 8, 7], "size": [1, 1, 1], "uv": [4, 6]},
						{"origin": [13, 9, 7], "size": [1, 1, 1], "uv": [4, 6]},
						{"origin": [13, 10, 7], "size": [1, 1, 1], "uv": [4, 6]},
						{"origin": [14, 10, 7], "size": [1, 1, 1], "uv": [4, 6]},
						{"origin": [14, 9, 7], "size": [1, 1, 1], "uv": [4, 6]},
						{"origin": [14, 11, 7], "size": [1, 1, 1], "uv": [4, 6]},
						{"origin": [14, 13, 7], "size": [1, 1, 1], "uv": [4, 6]},
						{"origin": [14, 14, 7], "size": [1, 1, 1], "uv": [4, 6]},
						{"origin": [14, 15, 7], "size": [1, 1, 1], "uv": [4, 6]},
						{"origin": [14, 16, 7], "size": [1, 1, 1], "uv": [4, 6]},
						{"origin": [14, 18, 7], "size": [1, 1, 1], "uv": [4, 6]},
						{"origin": [14, 19, 7], "size": [1, 1, 1], "uv": [4, 6]},
						{"origin": [13, 19, 7], "size": [1, 1, 1], "uv": [4, 6]},
						{"origin": [13, 18, 7], "size": [1, 1, 1], "uv": [4, 6]},
						{"origin": [13, 20, 7], "size": [1, 1, 1], "uv": [4, 6]},
						{"origin": [13, 21, 7], "size": [1, 1, 1], "uv": [4, 6]},
						{"origin": [12, 23, 7], "size": [1, 1, 1], "uv": [4, 6]},
						{"origin": [11, 24, 7], "size": [1, 1, 1], "uv": [4, 6]},
						{"origin": [10, 25, 7], "size": [1, 1, 1], "uv": [4, 6]},
						{"origin": [9, 26, 7], "size": [1, 1, 1], "uv": [4, 6]},
						{"origin": [8, 27, 7], "size": [1, 1, 1], "uv": [4, 6]},
						{"origin": [7, 28, 7], "size": [1, 1, 1], "uv": [4, 6]},
						{"origin": [12, 22, 7], "size": [1, 1, 1], "uv": [4, 6]},
						{"origin": [14, 6, 7], "size": [1, 1, 1], "uv": [4, 6]},
						{"origin": [14, 7, 7], "size": [1, 1, 1], "uv": [4, 6]},
						{"origin": [5, 3, 7], "size": [1, 1, 1], "uv": [0, 0]},
						{"origin": [6, 4, 7], "size": [1, 1, 1], "uv": [0, 0]},
						{"origin": [6, 5, 7], "size": [1, 1, 1], "uv": [0, 0]},
						{"origin": [7, 5, 7], "size": [1, 1, 1], "uv": [0, 6]},
						{"origin": [8, 6, 7], "size": [1, 1, 1], "uv": [0, 6]},
						{"origin": [11, 0, 7], "size": [1, 1, 1], "uv": [0, 6]},
						{"origin": [12, 1, 7], "size": [1, 1, 1], "uv": [0, 6]},
						{"origin": [13, 2, 7], "size": [1, 1, 1], "uv": [0, 6]},
						{"origin": [13, 3, 7], "size": [1, 1, 1], "uv": [0, 6]},
						{"origin": [14, 4, 7], "size": [1, 1, 1], "uv": [0, 6]},
						{"origin": [14, 5, 7], "size": [1, 1, 1], "uv": [0, 6]},
						{"origin": [15, 7, 7], "size": [1, 1, 1], "uv": [0, 6]},
						{"origin": [15, 6, 7], "size": [1, 1, 1], "uv": [0, 6]},
						{"origin": [15, 8, 7], "size": [1, 1, 1], "uv": [0, 6]},
						{"origin": [14, 8, 7], "size": [1, 1, 1], "uv": [0, 6]},
						{"origin": [13, 7, 7], "size": [1, 1, 1], "uv": [0, 6]},
						{"origin": [12, 6, 7], "size": [1, 1, 1], "uv": [0, 6]},
						{"origin": [15, 9, 7], "size": [1, 1, 1], "uv": [0, 6]},
						{"origin": [15, 10, 7], "size": [1, 1, 1], "uv": [0, 6]},
						{"origin": [15, 11, 7], "size": [1, 1, 1], "uv": [0, 6]},
						{"origin": [15, 12, 7], "size": [1, 1, 1], "uv": [0, 6]},
						{"origin": [14, 12, 7], "size": [1, 1, 1], "uv": [0, 6]},
						{"origin": [15, 13, 7], "size": [1, 1, 1], "uv": [0, 6]},
						{"origin": [15, 14, 7], "size": [1, 1, 1], "uv": [0, 6]},
						{"origin": [15, 15, 7], "size": [1, 1, 1], "uv": [0, 6]},
						{"origin": [14, 17, 7], "size": [1, 1, 1], "uv": [0, 6]},
						{"origin": [15, 15, 7], "size": [1, 1, 1], "uv": [0, 6]},
						{"origin": [7, 6, 7], "size": [1, 1, 1], "uv": [0, 0]},
						{"origin": [7, 7, 7], "size": [1, 1, 1], "uv": [0, 0]},
						{"origin": [8, 7, 7], "size": [1, 1, 1], "uv": [0, 0]},
						{"origin": [8, 8, 7], "size": [1, 1, 1], "uv": [0, 0]},
						{"origin": [8, 9, 7], "size": [1, 1, 1], "uv": [0, 0]},
						{"origin": [2, 20, 7], "size": [1, 1, 1], "uv": [4, 0]},
						{"origin": [3, 21, 7], "size": [1, 1, 1], "uv": [4, 0]},
						{"origin": [4, 23, 7], "size": [1, 1, 1], "uv": [4, 0]},
						{"origin": [4, 28, 7], "size": [1, 1, 1], "uv": [4, 0]}
					]
				},
				{
					"name": "head",
					"parent": "body",
					"pivot": [0, 24, 0],
					"cubes": [
						{"origin": [-4, 24, -4], "size": [8, 8, 8], "uv": [0, 0]}
					]
				},
				{
					"name": "hat",
					"parent": "head",
					"pivot": [0, 24, 0],
					"cubes": [
						{"origin": [-4, 24, -4], "size": [8, 8, 8], "inflate": 0.5, "uv": [32, 0]}
					]
				},
				{
					"name": "leftArm",
					"parent": "body",
					"pivot": [5, 22, 0],
					"cubes": [
						{"origin": [4, 12, -2], "size": [4, 12, 4], "uv": [32, 48]}
					]
				},
				{
					"name": "leftSleeve",
					"parent": "leftArm",
					"pivot": [5, 22, 0],
					"cubes": [
						{"origin": [4, 12, -2], "size": [4, 12, 4], "inflate": 0.25, "uv": [48, 48]}
					]
				},
				{
					"name": "leftItem",
					"parent": "leftArm",
					"pivot": [6, 15, 1]
				},
				{
					"name": "rightArm",
					"parent": "body",
					"pivot": [-5, 22, 0],
					"cubes": [
						{"origin": [-8, 12, -2], "size": [4, 12, 4], "uv": [40, 16]}
					]
				},
				{
					"name": "rightSleeve",
					"parent": "rightArm",
					"pivot": [-5, 22, 0],
					"cubes": [
						{"origin": [-8, 12, -2], "size": [4, 12, 4], "inflate": 0.25, "uv": [40, 32]}
					]
				},
				{
					"name": "rightItem",
					"parent": "rightArm",
					"pivot": [-6, 15, 1],
					"locators": {
						"lead_hold": [-6, 15, 1]
					}
				},
				{
					"name": "jacket",
					"parent": "body",
					"pivot": [0, 24, 0],
					"cubes": [
						{"origin": [-4, 12, -2], "size": [8, 12, 4], "inflate": 0.25, "uv": [16, 32]}
					]
				},
				{
					"name": "cape",
					"parent": "body",
					"pivot": [0, 2, -2],
					"rotation": [-50, 0, -180]
				},
				{
					"name": "leftLeg",
					"parent": "root",
					"pivot": [1.9, 12, 0],
					"cubes": [
						{"origin": [-0.1, 0, -2], "size": [4, 12, 4], "uv": [16, 48]}
					]
				},
				{
					"name": "leftPants",
					"parent": "leftLeg",
					"pivot": [1.9, 12, 0],
					"cubes": [
						{"origin": [-0.1, 0, -2], "size": [4, 12, 4], "inflate": 0.25, "uv": [0, 48]}
					]
				},
				{
					"name": "rightLeg",
					"parent": "root",
					"pivot": [-1.9, 12, 0],
					"cubes": [
						{"origin": [-3.9, 0, -2], "size": [4, 12, 4], "uv": [0, 16]}
					]
				},
				{
					"name": "rightPants",
					"parent": "rightLeg",
					"pivot": [-1.9, 12, 0],
					"cubes": [
						{"origin": [-3.9, 0, -2], "size": [4, 12, 4], "inflate": 0.25, "uv": [0, 32]}
					]
				}
			]
		}
	]
}