{
	"format_version": "1.12.0",
	"minecraft:geometry": [
		{
			"description": {
				"identifier": "geometry.kagune",
				"texture_width": 128,
				"texture_height": 128,
				"visible_bounds_width": 4,
				"visible_bounds_height": 4,
				"visible_bounds_offset": [0, 1, 0]
			},
			"bones": [
				{
					"name": "Head",
					"pivot": [0, 24, 0],
					"cubes": [
						{"origin": [-4, 24, -4], "size": [8, 8, 8], "uv": [0, 0]},
						{"origin": [-4, 24, -4], "size": [8, 8, 8], "inflate": 0.5, "uv": [32, 0]}
					]
				},
				{
					"name": "Body",
					"pivot": [0, 24, 0],
					"cubes": [
						{"origin": [-4, 12, -2], "size": [8, 12, 4], "uv": [16, 16]},
						{"origin": [-4, 12, -2], "size": [8, 12, 4], "inflate": 0.25, "uv": [16, 32]},
						{"origin": [-3, 13, 2], "size": [3, 3, 4], "uv": [25, 1]},
						{"origin": [0, 13, 2], "size": [3, 3, 4], "uv": [25, 1]},
						{"origin": [-8, 16, 2], "size": [3, 3, 4], "pivot": [-5, 3, 0], "rotation": [0, 0, 25], "uv": [25, 1]},
						{"origin": [4, 13, 2], "size": [3, 3, 4], "pivot": [7, 0, 0], "rotation": [0, 0, -25], "uv": [25, 1]},
						{"origin": [-7, 12, 2], "size": [3, 3, 4], "pivot": [-4, -1, 0], "rotation": [0, 0, 25], "uv": [25, 1]},
						{"origin": [5, 17, 2], "size": [3, 3, 4], "pivot": [8, 4, 0], "rotation": [0, 0, -25], "uv": [25, 1]},
						{"origin": [-4, 13, 5], "size": [3, 3, 4], "pivot": [-2, 0, 7], "rotation": [0, -35, 0], "uv": [25, 1]},
						{"origin": [1, 13, 4], "size": [3, 3, 4], "pivot": [3, 0, 6], "rotation": [0, 35, 0], "uv": [25, 1]},
						{"origin": [-9, 17, 5], "size": [3, 3, 4], "pivot": [-7, 4, 7], "rotation": [0, -35, 25], "uv": [25, 1]},
						{"origin": [3, 12, 5], "size": [3, 3, 4], "pivot": [5, -1, 7], "rotation": [0, -35, -25], "uv": [25, 1]},
						{"origin": [6, 17, 5], "size": [3, 3, 4], "pivot": [8, 4, 7], "rotation": [0, 35, -25], "uv": [25, 1]},
						{"origin": [-6, 12, 5], "size": [3, 3, 4], "pivot": [-4, -1, 7], "rotation": [0, 35, 25], "uv": [25, 1]},
						{"origin": [-7, 13, 7], "size": [3, 3, 4], "pivot": [-5, 0, 9], "rotation": [0, -65, 0], "uv": [25, 1]},
						{"origin": [3, 13, 6], "size": [3, 3, 4], "pivot": [5, 0, 8], "rotation": [0, 65, 0], "uv": [25, 1]},
						{"origin": [-11, 18, 7], "size": [3, 3, 4], "pivot": [-9, 5, 9], "rotation": [0, -65, 25], "uv": [25, 1]},
						{"origin": [1, 11, 8], "size": [3, 3, 4], "pivot": [3, -2, 10], "rotation": [0, -65, -25], "uv": [25, 1]},
						{"origin": [8, 18, 7], "size": [3, 3, 4], "pivot": [10, 5, 9], "rotation": [0, 65, -25], "uv": [25, 1]},
						{"origin": [-4, 11, 7], "size": [3, 3, 4], "pivot": [-2, -2, 9], "rotation": [0, 65, 25], "uv": [25, 1]},
						{"origin": [-10, 13, 8], "size": [3, 3, 5], "pivot": [-8, 0, 10], "rotation": [0, -90, 0], "uv": [24, 0]},
						{"origin": [7, 13, 8], "size": [3, 3, 5], "pivot": [9, 0, 10], "rotation": [0, -90, 0], "uv": [24, 0]},
						{"origin": [-14, 19.5, 8], "size": [3, 3, 5], "pivot": [-12, 6, 10], "rotation": [0, -90, 25], "uv": [24, 0]},
						{"origin": [-2, 9.5, 9], "size": [3, 3, 5], "pivot": [0, -4, 11], "rotation": [0, -90, -25], "uv": [24, 0]},
						{"origin": [11, 19.5, 8], "size": [3, 3, 5], "pivot": [13, 6, 10], "rotation": [0, 90, -25], "uv": [24, 0]},
						{"origin": [-1, 9.5, 8], "size": [3, 3, 5], "pivot": [1, -4, 10], "rotation": [0, 90, 25], "uv": [24, 0]},
						{"origin": [-14, 13, 8], "size": [3, 3, 5], "pivot": [-12, 0, 9.5], "rotation": [0, -115, 0], "uv": [24, 0]},
						{"origin": [10, 13, 7], "size": [3, 3, 5], "pivot": [12, 0, 8.5], "rotation": [0, 115, 0], "uv": [24, 0]},
						{"origin": [-17, 21, 8], "size": [3, 3, 5], "pivot": [-15, 8, 9.5], "rotation": [0, -115, 25], "uv": [24, 0]},
						{"origin": [-6, 8, 9], "size": [3, 3, 5], "pivot": [-4, -5, 10.5], "rotation": [0, -115, -25], "uv": [24, 0]},
						{"origin": [14, 21, 8], "size": [3, 3, 5], "pivot": [16, 8, 9.5], "rotation": [0, 115, -25], "uv": [24, 0]},
						{"origin": [2, 8, 8], "size": [3, 3, 5], "pivot": [4, -5, 9.5], "rotation": [0, 115, 25], "uv": [24, 0]},
						{"origin": [-17, 13, 6], "size": [3, 3, 5], "pivot": [-15.2, 0, 7.5], "rotation": [0, -150, 0], "uv": [24, 0]},
						{"origin": [14, 13, 5], "size": [3, 3, 5], "pivot": [15.8, 0, 6.5], "rotation": [0, 150, 0], "uv": [24, 0]},
						{"origin": [-19, 22, 6], "size": [3, 3, 5], "pivot": [-17.2, 9, 7.5], "rotation": [0, -150, 25], "uv": [24, 0]},
						{"origin": [-9, 6, 7], "size": [3, 3, 5], "pivot": [-7.2, -7, 8.5], "rotation": [0, -150, -25], "uv": [24, 0]},
						{"origin": [17, 22, 6], "size": [3, 3, 5], "pivot": [18.8, 9, 7.5], "rotation": [0, 150, -25], "uv": [24, 0]},
						{"origin": [5, 7, 6], "size": [3, 3, 5], "pivot": [6.8, -6, 7.5], "rotation": [0, 150, 25], "uv": [24, 0]},
						{"origin": [-19, 13, 2], "size": [3, 3, 5], "pivot": [-17.2, 0, 3.5], "rotation": [0, -167.5, 0], "uv": [24, 0]},
						{"origin": [16, 13, 2], "size": [3, 3, 5], "pivot": [17.8, 0, 3.5], "rotation": [0, 167.5, 0], "uv": [24, 0]},
						{"origin": [-21, 23, 2], "size": [3, 3, 5], "pivot": [-19.2, 10, 3.5], "rotation": [0, -167.5, 25], "uv": [24, 0]},
						{"origin": [-11, 5, 3], "size": [3, 3, 5], "pivot": [-9.2, -8, 4.5], "rotation": [0, -167.5, -25], "uv": [24, 0]},
						{"origin": [19, 23, 2], "size": [3, 3, 5], "pivot": [20.8, 10, 3.5], "rotation": [0, 167.5, -25], "uv": [24, 0]},
						{"origin": [7, 6, 2], "size": [3, 3, 5], "pivot": [8.8, -7, 3.5], "rotation": [0, 167.5, 25], "uv": [24, 0]},
						{"origin": [-20, 13, -2], "size": [3, 3, 5.5], "pivot": [-18.2, 0, -0.5], "rotation": [0, 180, 0], "uv": [24, 0]},
						{"origin": [17, 13, -2], "size": [3, 3, 5.5], "pivot": [18.8, 0, -0.5], "rotation": [0, 180, 0], "uv": [24, 0]},
						{"origin": [-24, 24, -2], "size": [3, 3, 5.5], "pivot": [-21, 11, -0.5], "rotation": [0, 180, 25], "uv": [24, 0]},
						{"origin": [-14, 4, -1], "size": [3, 3, 5.5], "pivot": [-11, -9, 0.5], "rotation": [0, 180, -25], "uv": [24, 0]},
						{"origin": [18, 23, -2], "size": [3, 3, 5.5], "pivot": [21, 10, -0.5], "rotation": [0, 180, -25], "uv": [24, 0]},
						{"origin": [6, 6, -2], "size": [3, 3, 5.5], "pivot": [9, -7, -0.5], "rotation": [0, 180, 25], "uv": [24, 0]},
						{"origin": [-20, 13, -7], "size": [3, 3, 4.5], "pivot": [-18, 0, -5.5], "rotation": [0, 160, 0], "uv": [25, 1]},
						{"origin": [16, 13, -7], "size": [3, 3, 4.5], "pivot": [18, 0, -5.5], "rotation": [0, -160, 0], "uv": [25, 1]},
						{"origin": [-22, 24, -7], "size": [3, 3, 4.5], "pivot": [-20, 11, -5.5], "rotation": [0, 160, 25], "uv": [25, 1]},
						{"origin": [-12, 4, -6], "size": [3, 3, 4.5], "pivot": [-10, -9, -4.5], "rotation": [0, 160, -25], "uv": [25, 1]},
						{"origin": [20, 24, -7], "size": [3, 3, 4.5], "pivot": [22, 11, -5.5], "rotation": [0, -160, -25], "uv": [25, 1]},
						{"origin": [8, 5, -7], "size": [3, 3, 4.5], "pivot": [10, -8, -5.5], "rotation": [0, -160, 25], "uv": [25, 1]},
						{"origin": [-19, 13.5, -13], "size": [2, 2, 3.5], "pivot": [-17, -1, -10.5], "rotation": [0, 160, 0], "uv": [54, 30]},
						{"origin": [14, 13.5, -13], "size": [2, 2, 3.5], "pivot": [16, -1, -10.5], "rotation": [0, -160, 0], "uv": [54, 30]},
						{"origin": [-21, 23.5, -13], "size": [2, 2, 3.5], "pivot": [-19, 9, -10.5], "rotation": [0, 160, 25], "uv": [54, 30]},
						{"origin": [-10, 5.5, -12], "size": [2, 2, 3.5], "pivot": [-8, -9, -9.5], "rotation": [0, 160, -25], "uv": [54, 30]},
						{"origin": [18, 23.5, -13], "size": [2, 2, 3.5], "pivot": [20, 9, -10.5], "rotation": [0, -160, -25], "uv": [54, 30]},
						{"origin": [5, 6.5, -13], "size": [2, 2, 3.5], "pivot": [7, -8, -10.5], "rotation": [0, -160, 25], "uv": [54, 30]}
					]
				},
				{
					"name": "RightArm",
					"pivot": [-5, 22, 0],
					"cubes": [
						{"origin": [-8, 12, -2], "size": [4, 12, 4], "uv": [40, 16]},
						{"origin": [-8, 12, -2], "size": [4, 12, 4], "inflate": 0.25, "uv": [40, 32]}
					]
				},
				{
					"name": "LeftArm",
					"pivot": [5, 22, 0],
					"cubes": [
						{"origin": [4, 12, -2], "size": [4, 12, 4], "uv": [32, 48]},
						{"origin": [4, 12, -2], "size": [4, 12, 4], "inflate": 0.25, "uv": [48, 48]}
					]
				},
				{
					"name": "RightLeg",
					"pivot": [-1.9, 12, 0],
					"cubes": [
						{"origin": [-3.9, 0, -2], "size": [4, 12, 4], "uv": [0, 16]},
						{"origin": [-3.9, 0, -2], "size": [4, 12, 4], "inflate": 0.25, "uv": [0, 32]}
					]
				},
				{
					"name": "LeftLeg",
					"pivot": [1.9, 12, 0],
					"cubes": [
						{"origin": [-0.1, 0, -2], "size": [4, 12, 4], "uv": [16, 48]},
						{"origin": [-0.1, 0, -2], "size": [4, 12, 4], "inflate": 0.25, "uv": [0, 48]}
					]
				}
			]
		}
	]
}