{
	"format_version": "1.12.0",
	"minecraft:geometry": [
		{
			"description": {
				"identifier": "geometry.mercy",
				"texture_width": 64,
				"texture_height": 64,
				"visible_bounds_width": 6,
				"visible_bounds_height": 4,
				"visible_bounds_offset": [0, 1, 0]
			},
			"bones": [
				{
					"name": "root",
					"pivot": [0, 0, 0]
				},
				{
					"name": "waist",
					"parent": "root",
					"pivot": [0, 12, 0]
				},
				{
					"name": "body",
					"parent": "waist",
					"pivot": [0, 24, 0],
					"cubes": [
						{"origin": [-4, 12, -2], "size": [8, 12, 4], "uv": [16, 16]}
					]
				},
				{
					"name": "Wings",
					"parent": "body",
					"pivot": [-5, 22, 0],
					"rotation": [0, -2.5, 0],
					"cubes": [
						{"origin": [2, 20, 2], "size": [1, 1, 1], "uv": [4, 0]},
						{"origin": [2, 19, 2], "size": [1, 1, 1], "uv": [4, 0]},
						{"origin": [1, 19, 2], "size": [1, 1, 1], "uv": [4, 0]},
						{"origin": [1, 14, 2], "size": [1, 1, 1], "uv": [0, 2]},
						{"origin": [1, 15, 2], "size": [1, 1, 1], "uv": [4, 2]},
						{"origin": [2, 16, 2], "size": [1, 1, 1], "uv": [4, 2]},
						{"origin": [3, 16, 2], "size": [1, 1, 1], "uv": [4, 2]},
						{"origin": [3, 17, 2], "size": [1, 1, 1], "uv": [4, 2]},
						{"origin": [4, 18, 2], "size": [1, 1, 1], "uv": [4, 6]},
						{"origin": [5, 18, 2], "size": [1, 1, 1], "uv": [4, 6]},
						{"origin": [6, 19, 2], "size": [1, 1, 1], "uv": [4, 6]},
						{"origin": [4, 17, 2], "size": [1, 1, 1], "uv": [4, 2]},
						{"origin": [6, 18, 2], "size": [1, 1, 1], "uv": [4, 2]},
						{"origin": [7, 19, 2], "size": [1, 1, 1], "uv": [4, 2]},
						{"origin": [11, 26, 2], "size": [1, 1, 1], "uv": [4, 2]},
						{"origin": [11, 27, 2], "size": [1, 1, 1], "uv": [4, 2]},
						{"origin": [10, 28, 2], "size": [1, 1, 1], "uv": [4, 2]},
						{"origin": [10, 29, 2], "size": [1, 1, 1], "uv": [4, 2]},
						{"origin": [9, 29, 2], "size": [1, 1, 1], "uv": [4, 2]},
						{"origin": [9, 30, 2], "size": [1, 1, 1], "uv": [4, 2]},
						{"origin": [9, 31, 2], "size": [1, 1, 1], "uv": [4, 2]},
						{"origin": [8, 31, 2], "size": [1, 1, 1], "uv": [4, 2]},
						{"origin": [8, 32, 2], "size": [1, 1, 1], "uv": [4, 2]},
						{"origin": [7, 33, 2], "size": [1, 1, 1], "uv": [4, 2]},
						{"origin": [7, 20, 2], "size": [1, 1, 1], "uv": [4, 2]},
						{"origin": [1, 16, 2], "size": [1, 1, 1], "uv": [4, 2]},
						{"origin": [1, 17, 2], "size": [1, 1, 1], "uv": [0, 4]},
						{"origin": [2, 18, 2], "size": [1, 1, 1], "uv": [0, 4]},
						{"origin": [2, 17, 2], "size": [1, 1, 1], "uv": [4, 4]},
						{"origin": [1, 18, 2], "size": [1, 1, 1], "uv": [4, 4]},
						{"origin": [3, 18, 2], "size": [1, 1, 1], "uv": [4, 4]},
						{"origin": [3, 19, 2], "size": [1, 1, 1], "uv": [0, 6]},
						{"origin": [4, 19, 2], "size": [1, 1, 1], "uv": [0, 6]},
						{"origin": [5, 19, 2], "size": [1, 1, 1], "uv": [4, 6]},
						{"origin": [4, 20, 2], "size": [1, 1, 1], "uv": [0, 6]},
						{"origin": [5, 20, 2], "size": [1, 1, 1], "uv": [0, 6]},
						{"origin": [6, 20, 2], "size": [1, 1, 1], "uv": [0, 6]},
						{"origin": [3, 15, 2], "size": [1, 1, 1], "uv": [0, 2]},
						{"origin": [4, 16, 2], "size": [1, 1, 1], "uv": [0, 2]},
						{"origin": [5, 17, 2], "size": [1, 1, 1], "uv": [0, 2]},
						{"origin": [6, 17, 2], "size": [1, 1, 1], "uv": [0, 2]},
						{"origin": [7, 18, 2], "size": [1, 1, 1], "uv": [0, 2]},
						{"origin": [7, 17, 2], "size": [1, 1, 1], "uv": [36, 2]},
						{"origin": [7, 16, 2], "size": [1, 1, 1], "uv": [36, 2]},
						{"origin": [8, 15, 2], "size": [1, 1, 1], "uv": [36, 2]},
						{"origin": [8, 14, 2], "size": [1, 1, 1], "uv": [36, 2]},
						{"origin": [9, 13, 2], "size": [1, 1, 1], "uv": [36, 2]},
						{"origin": [10, 12, 2], "size": [1, 1, 1], "uv": [36, 2]},
						{"origin": [11, 12, 2], "size": [1, 1, 1], "uv": [36, 2]},
						{"origin": [12, 11, 2], "size": [1, 1, 1], "uv": [36, 2]},
						{"origin": [12, 10, 2], "size": [1, 1, 1], "uv": [36, 2]},
						{"origin": [12, 9, 2], "size": [1, 1, 1], "uv": [36, 2]},
						{"origin": [13, 8, 2], "size": [1, 1, 1], "uv": [36, 2]},
						{"origin": [13, 7, 2], "size": [1, 1, 1], "uv": [36, 2]},
						{"origin": [14, 7, 2], "size": [1, 1, 1], "uv": [28, 4]},
						{"origin": [15, 7, 2], "size": [1, 1, 1], "uv": [28, 4]},
						{"origin": [15, 8, 2], "size": [1, 1, 1], "uv": [28, 4]},
						{"origin": [21, 8, 2], "size": [1, 1, 1], "uv": [28, 4]},
						{"origin": [20, 9, 2], "size": [1, 1, 1], "uv": [28, 4]},
						{"origin": [20, 10, 2], "size": [1, 1, 1], "uv": [28, 4]},
						{"origin": [19, 11, 2], "size": [1, 1, 1], "uv": [28, 4]},
						{"origin": [18, 13, 2], "size": [1, 1, 1], "uv": [28, 4]},
						{"origin": [18, 14, 2], "size": [1, 1, 1], "uv": [28, 4]},
						{"origin": [18, 15, 2], "size": [1, 1, 1], "uv": [28, 4]},
						{"origin": [22, 7, 2], "size": [1, 1, 1], "uv": [28, 4]},
						{"origin": [23, 7, 2], "size": [1, 1, 1], "uv": [28, 4]},
						{"origin": [24, 8, 2], "size": [1, 1, 1], "uv": [28, 4]},
						{"origin": [24, 9, 2], "size": [1, 1, 1], "uv": [28, 4]},
						{"origin": [28, 10, 2], "size": [1, 1, 1], "uv": [28, 4]},
						{"origin": [27, 11, 2], "size": [1, 1, 1], "uv": [28, 4]},
						{"origin": [26, 12, 2], "size": [1, 1, 1], "uv": [28, 4]},
						{"origin": [25, 13, 2], "size": [1, 1, 1], "uv": [28, 4]},
						{"origin": [25, 14, 2], "size": [1, 1, 1], "uv": [28, 4]},
						{"origin": [24, 15, 2], "size": [1, 1, 1], "uv": [28, 4]},
						{"origin": [24, 16, 2], "size": [1, 1, 1], "uv": [28, 4]},
						{"origin": [24, 17, 2], "size": [1, 1, 1], "uv": [28, 4]},
						{"origin": [29, 10, 2], "size": [1, 1, 1], "uv": [28, 4]},
						{"origin": [30, 11, 2], "size": [1, 1, 1], "uv": [28, 4]},
						{"origin": [30, 12, 2], "size": [1, 1, 1], "uv": [28, 4]},
						{"origin": [30, 13, 2], "size": [1, 1, 1], "uv": [28, 4]},
						{"origin": [30, 14, 2], "size": [1, 1, 1], "uv": [28, 4]},
						{"origin": [29, 15, 2], "size": [1, 1, 1], "uv": [28, 4]},
						{"origin": [29, 16, 2], "size": [1, 1, 1], "uv": [28, 4]},
						{"origin": [29, 17, 2], "size": [1, 1, 1], "uv": [28, 4]},
						{"origin": [28, 18, 2], "size": [1, 1, 1], "uv": [28, 4]},
						{"origin": [28, 19, 2], "size": [1, 1, 1], "uv": [28, 4]},
						{"origin": [24, 10, 2], "size": [1, 1, 1], "uv": [28, 4]},
						{"origin": [23, 11, 2], "size": [1, 1, 1], "uv": [28, 4]},
						{"origin": [23, 10, 2], "size": [1, 1, 1], "uv": [24, 4]},
						{"origin": [23, 9, 2], "size": [1, 1, 1], "uv": [24, 4]},
						{"origin": [22, 9, 2], "size": [1, 1, 1], "uv": [24, 4]},
						{"origin": [21, 9, 2], "size": [1, 1, 1], "uv": [24, 4]},
						{"origin": [21, 10, 2], "size": [1, 1, 1], "uv": [24, 4]},
						{"origin": [22, 10, 2], "size": [1, 1, 1], "uv": [24, 4]},
						{"origin": [22, 11, 2], "size": [1, 1, 1], "uv": [24, 4]},
						{"origin": [22, 12, 2], "size": [1, 1, 1], "uv": [24, 4]},
						{"origin": [22, 13, 2], "size": [1, 1, 1], "uv": [24, 4]},
						{"origin": [26, 13, 2], "size": [1, 1, 1], "uv": [24, 4]},
						{"origin": [27, 13, 2], "size": [1, 1, 1], "uv": [24, 4]},
						{"origin": [28, 13, 2], "size": [1, 1, 1], "uv": [24, 4]},
						{"origin": [29, 13, 2], "size": [1, 1, 1], "uv": [24, 4]},
						{"origin": [29, 14, 2], "size": [1, 1, 1], "uv": [24, 4]},
						{"origin": [28, 14, 2], "size": [1, 1, 1], "uv": [24, 4]},
						{"origin": [27, 14, 2], "size": [1, 1, 1], "uv": [24, 4]},
						{"origin": [26, 14, 2], "size": [1, 1, 1], "uv": [24, 4]},
						{"origin": [26, 15, 2], "size": [1, 1, 1], "uv": [24, 4]},
						{"origin": [25, 15, 2], "size": [1, 1, 1], "uv": [24, 4]},
						{"origin": [25, 16, 2], "size": [1, 1, 1], "uv": [24, 4]},
						{"origin": [25, 17, 2], "size": [1, 1, 1], "uv": [24, 4]},
						{"origin": [26, 17, 2], "size": [1, 1, 1], "uv": [24, 4]},
						{"origin": [27, 17, 2], "size": [1, 1, 1], "uv": [24, 4]},
						{"origin": [28, 17, 2], "size": [1, 1, 1], "uv": [24, 4]},
						{"origin": [28, 16, 2], "size": [1, 1, 1], "uv": [24, 4]},
						{"origin": [28, 15, 2], "size": [1, 1, 1], "uv": [24, 4]},
						{"origin": [27, 15, 2], "size": [1, 1, 1], "uv": [24, 4]},
						{"origin": [27, 16, 2], "size": [1, 1, 1], "uv": [24, 4]},
						{"origin": [26, 16, 2], "size": [1, 1, 1], "uv": [24, 4]},
						{"origin": [26, 18, 2], "size": [1, 1, 1], "uv": [24, 4]},
						{"origin": [28, 20, 2], "size": [1, 1, 1], "uv": [24, 4]},
						{"origin": [24, 18, 2], "size": [1, 1, 1], "uv": [24, 4]},
						{"origin": [24, 19, 2], "size": [1, 1, 1], "uv": [24, 4]},
						{"origin": [23, 19, 2], "size": [1, 1, 1], "uv": [24, 4]},
						{"origin": [25, 18, 2], "size": [1, 1, 1], "uv": [24, 4]},
						{"origin": [25, 19, 2], "size": [1, 1, 1], "uv": [24, 4]},
						{"origin": [25, 20, 2], "size": [1, 1, 1], "uv": [24, 4]},
						{"origin": [29, 12, 2], "size": [1, 1, 1], "uv": [24, 4]},
						{"origin": [29, 11, 2], "size": [1, 1, 1], "uv": [24, 4]},
						{"origin": [28, 11, 2], "size": [1, 1, 1], "uv": [24, 4]},
						{"origin": [28, 12, 2], "size": [1, 1, 1], "uv": [24, 4]},
						{"origin": [27, 12, 2], "size": [1, 1, 1], "uv": [24, 4]},
						{"origin": [21, 13, 2], "size": [1, 1, 1], "uv": [24, 4]},
						{"origin": [21, 12, 2], "size": [1, 1, 1], "uv": [24, 4]},
						{"origin": [21, 11, 2], "size": [1, 1, 1], "uv": [24, 4]},
						{"origin": [20, 11, 2], "size": [1, 1, 1], "uv": [24, 4]},
						{"origin": [20, 12, 2], "size": [1, 1, 1], "uv": [24, 4]},
						{"origin": [19, 12, 2], "size": [1, 1, 1], "uv": [32, 4]},
						{"origin": [19, 13, 2], "size": [1, 1, 1], "uv": [32, 4]},
						{"origin": [19, 14, 2], "size": [1, 1, 1], "uv": [24, 4]},
						{"origin": [19, 15, 2], "size": [1, 1, 1], "uv": [24, 4]},
						{"origin": [19, 16, 2], "size": [1, 1, 1], "uv": [24, 4]},
						{"origin": [20, 16, 2], "size": [1, 1, 1], "uv": [24, 4]},
						{"origin": [19, 17, 2], "size": [1, 1, 1], "uv": [24, 4]},
						{"origin": [18, 16, 2], "size": [1, 1, 1], "uv": [32, 4]},
						{"origin": [18, 17, 2], "size": [1, 1, 1], "uv": [24, 4]},
						{"origin": [18, 18, 2], "size": [1, 1, 1], "uv": [24, 4]},
						{"origin": [18, 19, 2], "size": [1, 1, 1], "uv": [24, 4]},
						{"origin": [20, 13, 2], "size": [1, 1, 1], "uv": [24, 4]},
						{"origin": [20, 14, 2], "size": [1, 1, 1], "uv": [24, 4]},
						{"origin": [20, 15, 2], "size": [1, 1, 1], "uv": [24, 4]},
						{"origin": [21, 14, 2], "size": [1, 1, 1], "uv": [32, 4]},
						{"origin": [21, 15, 2], "size": [1, 1, 1], "uv": [32, 4]},
						{"origin": [21, 16, 2], "size": [1, 1, 1], "uv": [24, 4]},
						{"origin": [21, 17, 2], "size": [1, 1, 1], "uv": [24, 4]},
						{"origin": [21, 18, 2], "size": [1, 1, 1], "uv": [24, 4]},
						{"origin": [23, 12, 2], "size": [1, 1, 1], "uv": [28, 4]},
						{"origin": [23, 13, 2], "size": [1, 1, 1], "uv": [28, 4]},
						{"origin": [22, 14, 2], "size": [1, 1, 1], "uv": [28, 4]},
						{"origin": [22, 15, 2], "size": [1, 1, 1], "uv": [28, 4]},
						{"origin": [22, 16, 2], "size": [1, 1, 1], "uv": [28, 4]},
						{"origin": [22, 17, 2], "size": [1, 1, 1], "uv": [28, 4]},
						{"origin": [22, 18, 2], "size": [1, 1, 1], "uv": [28, 4]},
						{"origin": [15, 9, 2], "size": [1, 1, 1], "uv": [28, 4]},
						{"origin": [15, 10, 2], "size": [1, 1, 1], "uv": [28, 4]},
						{"origin": [15, 11, 2], "size": [1, 1, 1], "uv": [28, 4]},
						{"origin": [15, 12, 2], "size": [1, 1, 1], "uv": [28, 4]},
						{"origin": [15, 13, 2], "size": [1, 1, 1], "uv": [28, 4]},
						{"origin": [15, 14, 2], "size": [1, 1, 1], "uv": [28, 4]},
						{"origin": [14, 8, 2], "size": [1, 1, 1], "uv": [28, 4]},
						{"origin": [14, 9, 2], "size": [1, 1, 1], "uv": [24, 4]},
						{"origin": [14, 10, 2], "size": [1, 1, 1], "uv": [24, 4]},
						{"origin": [14, 11, 2], "size": [1, 1, 1], "uv": [24, 4]},
						{"origin": [14, 12, 2], "size": [1, 1, 1], "uv": [24, 4]},
						{"origin": [22, 8, 2], "size": [1, 1, 1], "uv": [24, 4]},
						{"origin": [23, 8, 2], "size": [1, 1, 1], "uv": [24, 4]},
						{"origin": [14, 13, 2], "size": [1, 1, 1], "uv": [24, 4]},
						{"origin": [14, 14, 2], "size": [1, 1, 1], "uv": [24, 4]},
						{"origin": [14, 15, 2], "size": [1, 1, 1], "uv": [24, 4]},
						{"origin": [15, 15, 2], "size": [1, 1, 1], "uv": [24, 4]},
						{"origin": [16, 15, 2], "size": [1, 1, 1], "uv": [24, 4]},
						{"origin": [16, 16, 2], "size": [1, 1, 1], "uv": [32, 4]},
						{"origin": [16, 17, 2], "size": [1, 1, 1], "uv": [32, 4]},
						{"origin": [20, 17, 2], "size": [1, 1, 1], "uv": [32, 4]},
						{"origin": [27, 18, 2], "size": [1, 1, 1], "uv": [32, 4]},
						{"origin": [27, 19, 2], "size": [1, 1, 1], "uv": [32, 4]},
						{"origin": [27, 20, 2], "size": [1, 1, 1], "uv": [32, 4]},
						{"origin": [27, 21, 2], "size": [1, 1, 1], "uv": [24, 4]},
						{"origin": [27, 22, 2], "size": [1, 1, 1], "uv": [24, 4]},
						{"origin": [26, 22, 2], "size": [1, 1, 1], "uv": [32, 4]},
						{"origin": [24, 22, 2], "size": [1, 1, 1], "uv": [24, 4]},
						{"origin": [25, 22, 2], "size": [1, 1, 1], "uv": [32, 4]},
						{"origin": [25, 23, 2], "size": [1, 1, 1], "uv": [32, 4]},
						{"origin": [26, 24, 2], "size": [1, 1, 1], "uv": [32, 4]},
						{"origin": [26, 23, 2], "size": [1, 1, 1], "uv": [32, 4]},
						{"origin": [23, 22, 2], "size": [1, 1, 1], "uv": [32, 4]},
						{"origin": [23, 23, 2], "size": [1, 1, 1], "uv": [32, 4]},
						{"origin": [23, 24, 2], "size": [1, 1, 1], "uv": [32, 4]},
						{"origin": [22, 24, 2], "size": [1, 1, 1], "uv": [32, 4]},
						{"origin": [22, 25, 2], "size": [1, 1, 1], "uv": [32, 4]},
						{"origin": [23, 21, 2], "size": [1, 1, 1], "uv": [24, 4]},
						{"origin": [23, 20, 2], "size": [1, 1, 1], "uv": [32, 4]},
						{"origin": [24, 20, 2], "size": [1, 1, 1], "uv": [32, 4]},
						{"origin": [24, 21, 2], "size": [1, 1, 1], "uv": [32, 4]},
						{"origin": [25, 21, 2], "size": [1, 1, 1], "uv": [32, 4]},
						{"origin": [26, 21, 2], "size": [1, 1, 1], "uv": [32, 4]},
						{"origin": [26, 20, 2], "size": [1, 1, 1], "uv": [32, 4]},
						{"origin": [26, 19, 2], "size": [1, 1, 1], "uv": [32, 4]},
						{"origin": [20, 18, 2], "size": [1, 1, 1], "uv": [32, 4]},
						{"origin": [20, 19, 2], "size": [1, 1, 1], "uv": [32, 4]},
						{"origin": [20, 20, 2], "size": [1, 1, 1], "uv": [32, 4]},
						{"origin": [20, 21, 2], "size": [1, 1, 1], "uv": [32, 4]},
						{"origin": [21, 21, 2], "size": [1, 1, 1], "uv": [32, 4]},
						{"origin": [21, 22, 2], "size": [1, 1, 1], "uv": [32, 4]},
						{"origin": [21, 23, 2], "size": [1, 1, 1], "uv": [32, 4]},
						{"origin": [21, 20, 2], "size": [1, 1, 1], "uv": [32, 4]},
						{"origin": [21, 19, 2], "size": [1, 1, 1], "uv": [32, 4]},
						{"origin": [19, 19, 2], "size": [1, 1, 1], "uv": [32, 4]},
						{"origin": [19, 18, 2], "size": [1, 1, 1], "uv": [32, 4]},
						{"origin": [19, 20, 2], "size": [1, 1, 1], "uv": [32, 4]},
						{"origin": [18, 20, 2], "size": [1, 1, 1], "uv": [32, 4]},
						{"origin": [18, 21, 2], "size": [1, 1, 1], "uv": [32, 4]},
						{"origin": [18, 22, 2], "size": [1, 1, 1], "uv": [32, 4]},
						{"origin": [19, 21, 2], "size": [1, 1, 1], "uv": [32, 4]},
						{"origin": [19, 22, 2], "size": [1, 1, 1], "uv": [32, 4]},
						{"origin": [18, 23, 2], "size": [1, 1, 1], "uv": [32, 4]},
						{"origin": [18, 24, 2], "size": [1, 1, 1], "uv": [32, 4]},
						{"origin": [16, 18, 2], "size": [1, 1, 1], "uv": [24, 4]},
						{"origin": [16, 19, 2], "size": [1, 1, 1], "uv": [24, 4]},
						{"origin": [15, 18, 2], "size": [1, 1, 1], "uv": [24, 4]},
						{"origin": [13, 18, 2], "size": [1, 1, 1], "uv": [24, 4]},
						{"origin": [15, 17, 2], "size": [1, 1, 1], "uv": [24, 4]},
						{"origin": [14, 18, 2], "size": [1, 1, 1], "uv": [32, 4]},
						{"origin": [14, 19, 2], "size": [1, 1, 1], "uv": [32, 4]},
						{"origin": [15, 19, 2], "size": [1, 1, 1], "uv": [32, 4]},
						{"origin": [15, 20, 2], "size": [1, 1, 1], "uv": [32, 4]},
						{"origin": [15, 21, 2], "size": [1, 1, 1], "uv": [24, 4]},
						{"origin": [15, 22, 2], "size": [1, 1, 1], "uv": [24, 4]},
						{"origin": [16, 23, 2], "size": [1, 1, 1], "uv": [32, 4]},
						{"origin": [16, 24, 2], "size": [1, 1, 1], "uv": [36, 4]},
						{"origin": [16, 25, 2], "size": [1, 1, 1], "uv": [36, 4]},
						{"origin": [18, 25, 2], "size": [1, 1, 1], "uv": [36, 4]},
						{"origin": [18, 26, 2], "size": [1, 1, 1], "uv": [36, 4]},
						{"origin": [18, 27, 2], "size": [1, 1, 1], "uv": [36, 4]},
						{"origin": [18, 28, 2], "size": [1, 1, 1], "uv": [36, 4]},
						{"origin": [18, 29, 2], "size": [1, 1, 1], "uv": [36, 4]},
						{"origin": [19, 28, 2], "size": [1, 1, 1], "uv": [36, 4]},
						{"origin": [19, 27, 2], "size": [1, 1, 1], "uv": [32, 4]},
						{"origin": [19, 26, 2], "size": [1, 1, 1], "uv": [36, 4]},
						{"origin": [19, 29, 2], "size": [1, 1, 1], "uv": [36, 4]},
						{"origin": [19, 25, 2], "size": [1, 1, 1], "uv": [36, 4]},
						{"origin": [19, 24, 2], "size": [1, 1, 1], "uv": [36, 4]},
						{"origin": [19, 23, 2], "size": [1, 1, 1], "uv": [36, 4]},
						{"origin": [20, 22, 2], "size": [1, 1, 1], "uv": [36, 4]},
						{"origin": [20, 24, 2], "size": [1, 1, 1], "uv": [36, 4]},
						{"origin": [20, 25, 2], "size": [1, 1, 1], "uv": [32, 4]},
						{"origin": [20, 26, 2], "size": [1, 1, 1], "uv": [32, 4]},
						{"origin": [20, 27, 2], "size": [1, 1, 1], "uv": [36, 4]},
						{"origin": [24, 27, 2], "size": [1, 1, 1], "uv": [32, 4]},
						{"origin": [24, 26, 2], "size": [1, 1, 1], "uv": [36, 4]},
						{"origin": [24, 25, 2], "size": [1, 1, 1], "uv": [36, 4]},
						{"origin": [24, 24, 2], "size": [1, 1, 1], "uv": [36, 4]},
						{"origin": [24, 23, 2], "size": [1, 1, 1], "uv": [36, 4]},
						{"origin": [25, 24, 2], "size": [1, 1, 1], "uv": [36, 4]},
						{"origin": [25, 25, 2], "size": [1, 1, 1], "uv": [36, 4]},
						{"origin": [25, 26, 2], "size": [1, 1, 1], "uv": [32, 4]},
						{"origin": [23, 26, 2], "size": [1, 1, 1], "uv": [36, 4]},
						{"origin": [23, 25, 2], "size": [1, 1, 1], "uv": [36, 4]},
						{"origin": [23, 27, 2], "size": [1, 1, 1], "uv": [36, 4]},
						{"origin": [23, 28, 2], "size": [1, 1, 1], "uv": [36, 4]},
						{"origin": [22, 28, 2], "size": [1, 1, 1], "uv": [36, 4]},
						{"origin": [22, 27, 2], "size": [1, 1, 1], "uv": [36, 4]},
						{"origin": [22, 26, 2], "size": [1, 1, 1], "uv": [36, 4]},
						{"origin": [22, 29, 2], "size": [1, 1, 1], "uv": [36, 4]},
						{"origin": [21, 29, 2], "size": [1, 1, 1], "uv": [32, 4]},
						{"origin": [21, 28, 2], "size": [1, 1, 1], "uv": [32, 4]},
						{"origin": [20, 23, 2], "size": [1, 1, 1], "uv": [36, 4]},
						{"origin": [16, 26, 2], "size": [1, 1, 1], "uv": [36, 4]},
						{"origin": [16, 27, 2], "size": [1, 1, 1], "uv": [36, 4]},
						{"origin": [16, 28, 2], "size": [1, 1, 1], "uv": [32, 4]},
						{"origin": [16, 29, 2], "size": [1, 1, 1], "uv": [32, 4]},
						{"origin": [15, 28, 2], "size": [1, 1, 1], "uv": [32, 4]},
						{"origin": [15, 27, 2], "size": [1, 1, 1], "uv": [32, 4]},
						{"origin": [15, 25, 2], "size": [1, 1, 1], "uv": [36, 4]},
						{"origin": [14, 25, 2], "size": [1, 1, 1], "uv": [36, 4]},
						{"origin": [13, 25, 2], "size": [1, 1, 1], "uv": [32, 4]},
						{"origin": [13, 26, 2], "size": [1, 1, 1], "uv": [36, 4]},
						{"origin": [14, 26, 2], "size": [1, 1, 1], "uv": [36, 4]},
						{"origin": [13, 27, 2], "size": [1, 1, 1], "uv": [36, 4]},
						{"origin": [14, 27, 2], "size": [1, 1, 1], "uv": [36, 4]},
						{"origin": [14, 28, 2], "size": [1, 1, 1], "uv": [36, 4]},
						{"origin": [15, 26, 2], "size": [1, 1, 1], "uv": [36, 4]},
						{"origin": [14, 24, 2], "size": [1, 1, 1], "uv": [32, 4]},
						{"origin": [15, 23, 2], "size": [1, 1, 1], "uv": [32, 4]},
						{"origin": [15, 24, 2], "size": [1, 1, 1], "uv": [32, 4]},
						{"origin": [16, 22, 2], "size": [1, 1, 1], "uv": [32, 4]},
						{"origin": [16, 21, 2], "size": [1, 1, 1], "uv": [32, 4]},
						{"origin": [16, 20, 2], "size": [1, 1, 1], "uv": [32, 4]},
						{"origin": [14, 20, 2], "size": [1, 1, 1], "uv": [24, 4]},
						{"origin": [14, 17, 2], "size": [1, 1, 1], "uv": [24, 4]},
						{"origin": [13, 17, 2], "size": [1, 1, 1], "uv": [24, 4]},
						{"origin": [13, 16, 2], "size": [1, 1, 1], "uv": [24, 4]},
						{"origin": [9, 16, 2], "size": [1, 1, 1], "uv": [24, 4]},
						{"origin": [9, 15, 2], "size": [1, 1, 1], "uv": [24, 4]},
						{"origin": [10, 16, 2], "size": [1, 1, 1], "uv": [24, 4]},
						{"origin": [10, 17, 2], "size": [1, 1, 1], "uv": [24, 4]},
						{"origin": [9, 17, 2], "size": [1, 1, 1], "uv": [24, 4]},
						{"origin": [8, 18, 2], "size": [1, 1, 1], "uv": [24, 4]},
						{"origin": [8, 17, 2], "size": [1, 1, 1], "uv": [24, 4]},
						{"origin": [13, 15, 2], "size": [1, 1, 1], "uv": [32, 4]},
						{"origin": [14, 16, 2], "size": [1, 1, 1], "uv": [24, 4]},
						{"origin": [15, 16, 2], "size": [1, 1, 1], "uv": [24, 4]},
						{"origin": [12, 17, 2], "size": [1, 1, 1], "uv": [24, 4]},
						{"origin": [13, 14, 2], "size": [1, 1, 1], "uv": [32, 4]},
						{"origin": [13, 13, 2], "size": [1, 1, 1], "uv": [24, 4]},
						{"origin": [13, 12, 2], "size": [1, 1, 1], "uv": [24, 4]},
						{"origin": [13, 11, 2], "size": [1, 1, 1], "uv": [24, 4]},
						{"origin": [13, 9, 2], "size": [1, 1, 1], "uv": [28, 4]},
						{"origin": [13, 10, 2], "size": [1, 1, 1], "uv": [28, 4]},
						{"origin": [12, 12, 2], "size": [1, 1, 1], "uv": [28, 4]},
						{"origin": [12, 13, 2], "size": [1, 1, 1], "uv": [28, 4]},
						{"origin": [10, 13, 2], "size": [1, 1, 1], "uv": [28, 4]},
						{"origin": [10, 14, 2], "size": [1, 1, 1], "uv": [28, 4]},
						{"origin": [10, 15, 2], "size": [1, 1, 1], "uv": [28, 4]},
						{"origin": [9, 14, 2], "size": [1, 1, 1], "uv": [28, 4]},
						{"origin": [8, 16, 2], "size": [1, 1, 1], "uv": [28, 4]},
						{"origin": [12, 14, 2], "size": [1, 1, 1], "uv": [28, 4]},
						{"origin": [12, 15, 2], "size": [1, 1, 1], "uv": [28, 4]},
						{"origin": [12, 16, 2], "size": [1, 1, 1], "uv": [28, 4]},
						{"origin": [14, 6, 2], "size": [1, 1, 1], "uv": [36, 2]},
						{"origin": [15, 6, 2], "size": [1, 1, 1], "uv": [36, 2]},
						{"origin": [16, 7, 2], "size": [1, 1, 1], "uv": [36, 2]},
						{"origin": [16, 8, 2], "size": [1, 1, 1], "uv": [36, 2]},
						{"origin": [16, 9, 2], "size": [1, 1, 1], "uv": [36, 2]},
						{"origin": [16, 10, 2], "size": [1, 1, 1], "uv": [36, 2]},
						{"origin": [16, 11, 2], "size": [1, 1, 1], "uv": [36, 2]},
						{"origin": [16, 12, 2], "size": [1, 1, 1], "uv": [36, 2]},
						{"origin": [18, 12, 2], "size": [1, 1, 1], "uv": [36, 2]},
						{"origin": [18, 11, 2], "size": [1, 1, 1], "uv": [36, 2]},
						{"origin": [19, 10, 2], "size": [1, 1, 1], "uv": [36, 2]},
						{"origin": [19, 9, 2], "size": [1, 1, 1], "uv": [36, 2]},
						{"origin": [20, 8, 2], "size": [1, 1, 1], "uv": [36, 2]},
						{"origin": [21, 7, 2], "size": [1, 1, 1], "uv": [36, 2]},
						{"origin": [22, 6, 2], "size": [1, 1, 1], "uv": [36, 2]},
						{"origin": [23, 6, 2], "size": [1, 1, 1], "uv": [36, 2]},
						{"origin": [24, 7, 2], "size": [1, 1, 1], "uv": [36, 2]},
						{"origin": [25, 8, 2], "size": [1, 1, 1], "uv": [36, 2]},
						{"origin": [25, 9, 2], "size": [1, 1, 1], "uv": [36, 2]},
						{"origin": [25, 10, 2], "size": [1, 1, 1], "uv": [36, 2]},
						{"origin": [24, 11, 2], "size": [1, 1, 1], "uv": [36, 2]},
						{"origin": [24, 12, 2], "size": [1, 1, 1], "uv": [36, 2]},
						{"origin": [25, 12, 2], "size": [1, 1, 1], "uv": [36, 2]},
						{"origin": [26, 11, 2], "size": [1, 1, 1], "uv": [36, 2]},
						{"origin": [27, 10, 2], "size": [1, 1, 1], "uv": [36, 2]},
						{"origin": [28, 9, 2], "size": [1, 1, 1], "uv": [36, 2]},
						{"origin": [29, 9, 2], "size": [1, 1, 1], "uv": [36, 2]},
						{"origin": [30, 10, 2], "size": [1, 1, 1], "uv": [36, 2]},
						{"origin": [31, 11, 2], "size": [1, 1, 1], "uv": [36, 2]},
						{"origin": [31, 12, 2], "size": [1, 1, 1], "uv": [36, 2]},
						{"origin": [31, 13, 2], "size": [1, 1, 1], "uv": [36, 2]},
						{"origin": [31, 14, 2], "size": [1, 1, 1], "uv": [36, 2]},
						{"origin": [30, 15, 2], "size": [1, 1, 1], "uv": [36, 2]},
						{"origin": [30, 16, 2], "size": [1, 1, 1], "uv": [36, 2]},
						{"origin": [30, 17, 2], "size": [1, 1, 1], "uv": [36, 2]},
						{"origin": [29, 18, 2], "size": [1, 1, 1], "uv": [36, 2]},
						{"origin": [29, 19, 2], "size": [1, 1, 1], "uv": [36, 2]},
						{"origin": [29, 20, 2], "size": [1, 1, 1], "uv": [36, 2]},
						{"origin": [28, 21, 2], "size": [1, 1, 1], "uv": [36, 2]},
						{"origin": [28, 22, 2], "size": [1, 1, 1], "uv": [36, 2]},
						{"origin": [27, 23, 2], "size": [1, 1, 1], "uv": [36, 2]},
						{"origin": [27, 24, 2], "size": [1, 1, 1], "uv": [36, 2]},
						{"origin": [26, 26, 2], "size": [1, 1, 1], "uv": [36, 2]},
						{"origin": [25, 27, 2], "size": [1, 1, 1], "uv": [36, 2]},
						{"origin": [26, 25, 2], "size": [1, 1, 1], "uv": [36, 2]},
						{"origin": [24, 13, 2], "size": [1, 1, 1], "uv": [36, 2]},
						{"origin": [24, 14, 2], "size": [1, 1, 1], "uv": [36, 2]},
						{"origin": [23, 14, 2], "size": [1, 1, 1], "uv": [36, 2]},
						{"origin": [23, 15, 2], "size": [1, 1, 1], "uv": [36, 2]},
						{"origin": [23, 16, 2], "size": [1, 1, 1], "uv": [36, 2]},
						{"origin": [23, 17, 2], "size": [1, 1, 1], "uv": [36, 2]},
						{"origin": [23, 18, 2], "size": [1, 1, 1], "uv": [36, 2]},
						{"origin": [22, 19, 2], "size": [1, 1, 1], "uv": [36, 2]},
						{"origin": [22, 20, 2], "size": [1, 1, 1], "uv": [36, 2]},
						{"origin": [22, 21, 2], "size": [1, 1, 1], "uv": [36, 2]},
						{"origin": [22, 22, 2], "size": [1, 1, 1], "uv": [36, 2]},
						{"origin": [22, 23, 2], "size": [1, 1, 1], "uv": [36, 2]},
						{"origin": [21, 24, 2], "size": [1, 1, 1], "uv": [36, 2]},
						{"origin": [21, 25, 2], "size": [1, 1, 1], "uv": [36, 2]},
						{"origin": [21, 26, 2], "size": [1, 1, 1], "uv": [36, 2]},
						{"origin": [21, 27, 2], "size": [1, 1, 1], "uv": [36, 2]},
						{"origin": [20, 28, 2], "size": [1, 1, 1], "uv": [36, 2]},
						{"origin": [20, 34, 2], "size": [1, 1, 1], "uv": [36, 2]},
						{"origin": [10, 33, 2], "size": [1, 1, 1], "uv": [36, 2]},
						{"origin": [21, 34, 2], "size": [1, 1, 1], "uv": [36, 2]},
						{"origin": [20, 29, 2], "size": [1, 1, 1], "uv": [36, 2]},
						{"origin": [17, 13, 2], "size": [1, 1, 1], "uv": [36, 2]},
						{"origin": [17, 14, 2], "size": [1, 1, 1], "uv": [36, 2]},
						{"origin": [17, 15, 2], "size": [1, 1, 1], "uv": [36, 2]},
						{"origin": [17, 16, 2], "size": [1, 1, 1], "uv": [36, 2]},
						{"origin": [17, 17, 2], "size": [1, 1, 1], "uv": [36, 2]},
						{"origin": [17, 18, 2], "size": [1, 1, 1], "uv": [36, 2]},
						{"origin": [17, 19, 2], "size": [1, 1, 1], "uv": [36, 2]},
						{"origin": [17, 20, 2], "size": [1, 1, 1], "uv": [36, 2]},
						{"origin": [17, 21, 2], "size": [1, 1, 1], "uv": [36, 2]},
						{"origin": [17, 22, 2], "size": [1, 1, 1], "uv": [36, 2]},
						{"origin": [17, 23, 2], "size": [1, 1, 1], "uv": [36, 2]},
						{"origin": [17, 24, 2], "size": [1, 1, 1], "uv": [36, 2]},
						{"origin": [17, 25, 2], "size": [1, 1, 1], "uv": [36, 2]},
						{"origin": [17, 26, 2], "size": [1, 1, 1], "uv": [36, 2]},
						{"origin": [17, 27, 2], "size": [1, 1, 1], "uv": [36, 2]},
						{"origin": [17, 28, 2], "size": [1, 1, 1], "uv": [36, 2]},
						{"origin": [17, 29, 2], "size": [1, 1, 1], "uv": [36, 2]},
						{"origin": [17, 27, 2], "size": [1, 1, 1], "uv": [36, 2]},
						{"origin": [16, 13, 2], "size": [1, 1, 1], "uv": [36, 2]},
						{"origin": [16, 14, 2], "size": [1, 1, 1], "uv": [36, 2]},
						{"origin": [11, 13, 2], "size": [1, 1, 1], "uv": [36, 2]},
						{"origin": [11, 14, 2], "size": [1, 1, 1], "uv": [36, 2]},
						{"origin": [11, 15, 2], "size": [1, 1, 1], "uv": [36, 2]},
						{"origin": [11, 17, 2], "size": [1, 1, 1], "uv": [36, 2]},
						{"origin": [11, 16, 2], "size": [1, 1, 1], "uv": [36, 2]},
						{"origin": [9, 26, 2], "size": [1, 1, 1], "uv": [0, 2]},
						{"origin": [9, 27, 2], "size": [1, 1, 1], "uv": [0, 2]},
						{"origin": [12, 27, 2], "size": [1, 1, 1], "uv": [0, 2]},
						{"origin": [13, 28, 2], "size": [1, 1, 1], "uv": [0, 2]},
						{"origin": [14, 29, 2], "size": [1, 1, 1], "uv": [0, 2]},
						{"origin": [15, 29, 2], "size": [1, 1, 1], "uv": [0, 2]},
						{"origin": [16, 30, 2], "size": [1, 1, 1], "uv": [0, 2]},
						{"origin": [15, 30, 2], "size": [1, 1, 1], "uv": [28, 6]},
						{"origin": [14, 30, 2], "size": [1, 1, 1], "uv": [28, 6]},
						{"origin": [14, 31, 2], "size": [1, 1, 1], "uv": [28, 6]},
						{"origin": [14, 32, 2], "size": [1, 1, 1], "uv": [4, 2]},
						{"origin": [15, 32, 2], "size": [1, 1, 1], "uv": [28, 6]},
						{"origin": [15, 31, 2], "size": [1, 1, 1], "uv": [4, 2]},
						{"origin": [13, 31, 2], "size": [1, 1, 1], "uv": [4, 2]},
						{"origin": [12, 29, 2], "size": [1, 1, 1], "uv": [4, 2]},
						{"origin": [16, 31, 2], "size": [1, 1, 1], "uv": [28, 6]},
						{"origin": [17, 31, 2], "size": [1, 1, 1], "uv": [4, 2]},
						{"origin": [18, 31, 2], "size": [1, 1, 1], "uv": [4, 2]},
						{"origin": [19, 31, 2], "size": [1, 1, 1], "uv": [28, 6]},
						{"origin": [20, 31, 2], "size": [1, 1, 1], "uv": [28, 6]},
						{"origin": [21, 31, 2], "size": [1, 1, 1], "uv": [28, 6]},
						{"origin": [22, 31, 2], "size": [1, 1, 1], "uv": [4, 2]},
						{"origin": [23, 30, 2], "size": [1, 1, 1], "uv": [28, 6]},
						{"origin": [24, 30, 2], "size": [1, 1, 1], "uv": [28, 6]},
						{"origin": [24, 29, 2], "size": [1, 1, 1], "uv": [4, 2]},
						{"origin": [21, 32, 2], "size": [1, 1, 1], "uv": [28, 6]},
						{"origin": [20, 32, 2], "size": [1, 1, 1], "uv": [4, 2]},
						{"origin": [13, 30, 2], "size": [1, 1, 1], "uv": [28, 6]},
						{"origin": [12, 30, 2], "size": [1, 1, 1], "uv": [28, 6]},
						{"origin": [9, 33, 2], "size": [1, 1, 1], "uv": [28, 6]},
						{"origin": [12, 28, 2], "size": [1, 1, 1], "uv": [28, 6]},
						{"origin": [13, 29, 2], "size": [1, 1, 1], "uv": [28, 6]},
						{"origin": [11, 30, 2], "size": [1, 1, 1], "uv": [28, 6]},
						{"origin": [17, 30, 2], "size": [1, 1, 1], "uv": [0, 2]},
						{"origin": [18, 30, 2], "size": [1, 1, 1], "uv": [0, 2]},
						{"origin": [19, 30, 2], "size": [1, 1, 1], "uv": [0, 2]},
						{"origin": [20, 30, 2], "size": [1, 1, 1], "uv": [0, 2]},
						{"origin": [21, 30, 2], "size": [1, 1, 1], "uv": [0, 2]},
						{"origin": [22, 30, 2], "size": [1, 1, 1], "uv": [0, 2]},
						{"origin": [23, 29, 2], "size": [1, 1, 1], "uv": [0, 2]},
						{"origin": [24, 28, 2], "size": [1, 1, 1], "uv": [0, 2]},
						{"origin": [25, 28, 2], "size": [1, 1, 1], "uv": [0, 2]},
						{"origin": [26, 27, 2], "size": [1, 1, 1], "uv": [0, 2]},
						{"origin": [26, 28, 2], "size": [1, 1, 1], "uv": [24, 6]},
						{"origin": [26, 29, 2], "size": [1, 1, 1], "uv": [24, 6]},
						{"origin": [26, 30, 2], "size": [1, 1, 1], "uv": [24, 6]},
						{"origin": [25, 31, 2], "size": [1, 1, 1], "uv": [24, 6]},
						{"origin": [24, 32, 2], "size": [1, 1, 1], "uv": [24, 6]},
						{"origin": [23, 32, 2], "size": [1, 1, 1], "uv": [24, 6]},
						{"origin": [22, 33, 2], "size": [1, 1, 1], "uv": [24, 6]},
						{"origin": [12, 26, 2], "size": [1, 1, 1], "uv": [0, 2]},
						{"origin": [11, 28, 2], "size": [1, 1, 1], "uv": [0, 2]},
						{"origin": [11, 29, 2], "size": [1, 1, 1], "uv": [0, 2]},
						{"origin": [10, 30, 2], "size": [1, 1, 1], "uv": [0, 2]},
						{"origin": [10, 31, 2], "size": [1, 1, 1], "uv": [0, 2]},
						{"origin": [9, 32, 2], "size": [1, 1, 1], "uv": [0, 2]},
						{"origin": [8, 33, 2], "size": [1, 1, 1], "uv": [0, 2]},
						{"origin": [8, 34, 2], "size": [1, 1, 1], "uv": [0, 2]},
						{"origin": [9, 34, 2], "size": [1, 1, 1], "uv": [0, 2]},
						{"origin": [10, 34, 2], "size": [1, 1, 1], "uv": [0, 2]},
						{"origin": [11, 34, 2], "size": [1, 1, 1], "uv": [0, 0]},
						{"origin": [11, 33, 2], "size": [1, 1, 1], "uv": [32, 6]},
						{"origin": [12, 33, 2], "size": [1, 1, 1], "uv": [32, 6]},
						{"origin": [13, 34, 2], "size": [1, 1, 1], "uv": [32, 6]},
						{"origin": [14, 34, 2], "size": [1, 1, 1], "uv": [32, 6]},
						{"origin": [15, 34, 2], "size": [1, 1, 1], "uv": [32, 6]},
						{"origin": [16, 34, 2], "size": [1, 1, 1], "uv": [32, 6]},
						{"origin": [17, 34, 2], "size": [1, 1, 1], "uv": [32, 6]},
						{"origin": [18, 34, 2], "size": [1, 1, 1], "uv": [32, 6]},
						{"origin": [19, 34, 2], "size": [1, 1, 1], "uv": [32, 6]},
						{"origin": [12, 34, 2], "size": [1, 1, 1], "uv": [0, 0]},
						{"origin": [13, 35, 2], "size": [1, 1, 1], "uv": [0, 0]},
						{"origin": [14, 35, 2], "size": [1, 1, 1], "uv": [0, 0]},
						{"origin": [15, 35, 2], "size": [1, 1, 1], "uv": [0, 0]},
						{"origin": [16, 35, 2], "size": [1, 1, 1], "uv": [0, 0]},
						{"origin": [17, 35, 2], "size": [1, 1, 1], "uv": [0, 0]},
						{"origin": [18, 35, 2], "size": [1, 1, 1], "uv": [0, 0]},
						{"origin": [19, 35, 2], "size": [1, 1, 1], "uv": [0, 0]},
						{"origin": [2, 15, 2], "size": [1, 1, 1], "uv": [0, 2]},
						{"origin": [3, 20, 2], "size": [1, 1, 1], "uv": [4, 0]},
						{"origin": [4, 21, 2], "size": [1, 1, 1], "uv": [4, 0]},
						{"origin": [5, 21, 2], "size": [1, 1, 1], "uv": [4, 0]},
						{"origin": [6, 21, 2], "size": [1, 1, 1], "uv": [4, 0]},
						{"origin": [1, 20, 2], "size": [1, 1, 1], "uv": [0, 0]},
						{"origin": [2, 21, 2], "size": [1, 1, 1], "uv": [0, 0]},
						{"origin": [3, 21, 2], "size": [1, 1, 1], "uv": [0, 0]},
						{"origin": [4, 22, 2], "size": [1, 1, 1], "uv": [0, 0]},
						{"origin": [5, 22, 2], "size": [1, 1, 1], "uv": [0, 0]},
						{"origin": [6, 22, 2], "size": [1, 1, 1], "uv": [0, 0]},
						{"origin": [7, 22, 2], "size": [1, 1, 1], "uv": [24, 0]},
						{"origin": [7, 21, 2], "size": [1, 1, 1], "uv": [28, 0]},
						{"origin": [8, 20, 2], "size": [1, 1, 1], "uv": [28, 0]},
						{"origin": [8, 19, 2], "size": [1, 1, 1], "uv": [28, 0]},
						{"origin": [9, 18, 2], "size": [1, 1, 1], "uv": [28, 0]},
						{"origin": [9, 19, 2], "size": [1, 1, 1], "uv": [36, 0]},
						{"origin": [9, 20, 2], "size": [1, 1, 1], "uv": [32, 2]},
						{"origin": [12, 19, 2], "size": [1, 1, 1], "uv": [36, 0]},
						{"origin": [13, 21, 2], "size": [1, 1, 1], "uv": [36, 0]},
						{"origin": [13, 22, 2], "size": [1, 1, 1], "uv": [36, 0]},
						{"origin": [13, 23, 2], "size": [1, 1, 1], "uv": [36, 0]},
						{"origin": [12, 24, 2], "size": [1, 1, 1], "uv": [36, 0]},
						{"origin": [9, 24, 2], "size": [1, 1, 1], "uv": [36, 0]},
						{"origin": [10, 24, 2], "size": [1, 1, 1], "uv": [36, 0]},
						{"origin": [8, 23, 2], "size": [1, 1, 1], "uv": [28, 2]},
						{"origin": [9, 22, 2], "size": [1, 1, 1], "uv": [28, 2]},
						{"origin": [9, 21, 2], "size": [1, 1, 1], "uv": [28, 2]},
						{"origin": [10, 20, 2], "size": [1, 1, 1], "uv": [28, 2]},
						{"origin": [8, 21, 2], "size": [1, 1, 1], "uv": [36, 0]},
						{"origin": [10, 18, 2], "size": [1, 1, 1], "uv": [28, 0]},
						{"origin": [10, 19, 2], "size": [1, 1, 1], "uv": [24, 2]},
						{"origin": [11, 19, 2], "size": [1, 1, 1], "uv": [24, 2]},
						{"origin": [12, 20, 2], "size": [1, 1, 1], "uv": [24, 2]},
						{"origin": [11, 21, 2], "size": [1, 1, 1], "uv": [24, 2]},
						{"origin": [11, 20, 2], "size": [1, 1, 1], "uv": [32, 2]},
						{"origin": [12, 21, 2], "size": [1, 1, 1], "uv": [32, 2]},
						{"origin": [12, 22, 2], "size": [1, 1, 1], "uv": [32, 2]},
						{"origin": [11, 22, 2], "size": [1, 1, 1], "uv": [24, 2]},
						{"origin": [11, 23, 2], "size": [1, 1, 1], "uv": [24, 2]},
						{"origin": [11, 24, 2], "size": [1, 1, 1], "uv": [24, 2]},
						{"origin": [12, 23, 2], "size": [1, 1, 1], "uv": [24, 2]},
						{"origin": [10, 23, 2], "size": [1, 1, 1], "uv": [24, 2]},
						{"origin": [9, 23, 2], "size": [1, 1, 1], "uv": [24, 2]},
						{"origin": [8, 22, 2], "size": [1, 1, 1], "uv": [24, 2]},
						{"origin": [11, 18, 2], "size": [1, 1, 1], "uv": [32, 0]},
						{"origin": [12, 18, 2], "size": [1, 1, 1], "uv": [32, 0]},
						{"origin": [13, 19, 2], "size": [1, 1, 1], "uv": [32, 0]},
						{"origin": [13, 20, 2], "size": [1, 1, 1], "uv": [32, 0]},
						{"origin": [14, 21, 2], "size": [1, 1, 1], "uv": [32, 0]},
						{"origin": [14, 22, 2], "size": [1, 1, 1], "uv": [32, 0]},
						{"origin": [14, 23, 2], "size": [1, 1, 1], "uv": [32, 0]},
						{"origin": [13, 24, 2], "size": [1, 1, 1], "uv": [32, 0]},
						{"origin": [12, 25, 2], "size": [1, 1, 1], "uv": [32, 0]},
						{"origin": [11, 25, 2], "size": [1, 1, 1], "uv": [32, 0]},
						{"origin": [10, 25, 2], "size": [1, 1, 1], "uv": [32, 0]},
						{"origin": [9, 25, 2], "size": [1, 1, 1], "uv": [32, 0]},
						{"origin": [7, 23, 2], "size": [1, 1, 1], "uv": [24, 0]},
						{"origin": [10, 22, 2], "size": [1, 1, 1], "uv": [32, 2]},
						{"origin": [10, 21, 2], "size": [1, 1, 1], "uv": [32, 2]},
						{"origin": [8, 24, 2], "size": [1, 1, 1], "uv": [24, 0]},
						{"origin": [8, 25, 2], "size": [1, 1, 1], "uv": [0, 0]},
						{"origin": [7, 26, 2], "size": [1, 1, 1], "uv": [0, 0]},
						{"origin": [8, 26, 2], "size": [1, 1, 1], "uv": [4, 0]},
						{"origin": [8, 27, 2], "size": [1, 1, 1], "uv": [0, 6]},
						{"origin": [8, 28, 2], "size": [1, 1, 1], "uv": [0, 6]},
						{"origin": [7, 27, 2], "size": [1, 1, 1], "uv": [0, 0]},
						{"origin": [7, 28, 2], "size": [1, 1, 1], "uv": [0, 0]},
						{"origin": [7, 29, 2], "size": [1, 1, 1], "uv": [0, 0]},
						{"origin": [7, 30, 2], "size": [1, 1, 1], "uv": [0, 4]},
						{"origin": [6, 31, 2], "size": [1, 1, 1], "uv": [0, 4]},
						{"origin": [6, 32, 2], "size": [1, 1, 1], "uv": [0, 4]},
						{"origin": [6, 33, 2], "size": [1, 1, 1], "uv": [0, 4]},
						{"origin": [8, 29, 2], "size": [1, 1, 1], "uv": [0, 4]},
						{"origin": [8, 30, 2], "size": [1, 1, 1], "uv": [0, 4]},
						{"origin": [7, 31, 2], "size": [1, 1, 1], "uv": [0, 4]},
						{"origin": [7, 32, 2], "size": [1, 1, 1], "uv": [0, 4]},
						{"origin": [7, 34, 2], "size": [1, 1, 1], "uv": [0, 4]},
						{"origin": [9, 28, 2], "size": [1, 1, 1], "uv": [0, 4]},
						{"origin": [10, 27, 2], "size": [1, 1, 1], "uv": [0, 4]},
						{"origin": [11, 32, 2], "size": [1, 1, 1], "uv": [0, 4]},
						{"origin": [13, 33, 2], "size": [1, 1, 1], "uv": [0, 4]},
						{"origin": [23, 31, 2], "size": [1, 1, 1], "uv": [36, 6]},
						{"origin": [22, 32, 2], "size": [1, 1, 1], "uv": [36, 6]},
						{"origin": [21, 33, 2], "size": [1, 1, 1], "uv": [0, 16]},
						{"origin": [20, 33, 2], "size": [1, 1, 1], "uv": [0, 16]},
						{"origin": [19, 33, 2], "size": [1, 1, 1], "uv": [36, 6]},
						{"origin": [18, 32, 2], "size": [1, 1, 1], "uv": [36, 6]},
						{"origin": [19, 32, 2], "size": [1, 1, 1], "uv": [0, 16]},
						{"origin": [18, 33, 2], "size": [1, 1, 1], "uv": [36, 6]},
						{"origin": [17, 33, 2], "size": [1, 1, 1], "uv": [36, 6]},
						{"origin": [17, 32, 2], "size": [1, 1, 1], "uv": [0, 16]},
						{"origin": [16, 32, 2], "size": [1, 1, 1], "uv": [36, 6]},
						{"origin": [16, 33, 2], "size": [1, 1, 1], "uv": [0, 16]},
						{"origin": [15, 33, 2], "size": [1, 1, 1], "uv": [36, 6]},
						{"origin": [14, 33, 2], "size": [1, 1, 1], "uv": [36, 6]},
						{"origin": [13, 32, 2], "size": [1, 1, 1], "uv": [36, 6]},
						{"origin": [12, 32, 2], "size": [1, 1, 1], "uv": [36, 6]},
						{"origin": [12, 31, 2], "size": [1, 1, 1], "uv": [0, 16]},
						{"origin": [11, 31, 2], "size": [1, 1, 1], "uv": [36, 6]},
						{"origin": [10, 32, 2], "size": [1, 1, 1], "uv": [36, 6]},
						{"origin": [12, 31, 2], "size": [1, 1, 1], "uv": [36, 6]},
						{"origin": [24, 31, 2], "size": [1, 1, 1], "uv": [36, 6]},
						{"origin": [25, 30, 2], "size": [1, 1, 1], "uv": [36, 6]},
						{"origin": [25, 29, 2], "size": [1, 1, 1], "uv": [36, 6]},
						{"origin": [10, 26, 2], "size": [1, 1, 1], "uv": [0, 4]}
					]
				},
				{
					"name": "Wings2",
					"parent": "body",
					"pivot": [5, 22, 5],
					"rotation": [0, -177.5, 0],
					"cubes": [
						{"origin": [12, 20, 7], "size": [1, 1, 1], "uv": [4, 0]},
						{"origin": [12, 19, 7], "size": [1, 1, 1], "uv": [4, 0]},
						{"origin": [11, 19, 7], "size": [1, 1, 1], "uv": [4, 0]},
						{"origin": [11, 14, 7], "size": [1, 1, 1], "uv": [0, 2]},
						{"origin": [11, 15, 7], "size": [1, 1, 1], "uv": [4, 2]},
						{"origin": [12, 16, 7], "size": [1, 1, 1], "uv": [4, 2]},
						{"origin": [13, 16, 7], "size": [1, 1, 1], "uv": [4, 2]},
						{"origin": [13, 17, 7], "size": [1, 1, 1], "uv": [4, 2]},
						{"origin": [14, 18, 7], "size": [1, 1, 1], "uv": [4, 6]},
						{"origin": [15, 18, 7], "size": [1, 1, 1], "uv": [4, 6]},
						{"origin": [16, 19, 7], "size": [1, 1, 1], "uv": [4, 6]},
						{"origin": [14, 17, 7], "size": [1, 1, 1], "uv": [4, 2]},
						{"origin": [16, 18, 7], "size": [1, 1, 1], "uv": [4, 2]},
						{"origin": [17, 19, 7], "size": [1, 1, 1], "uv": [4, 2]},
						{"origin": [21, 26, 7], "size": [1, 1, 1], "uv": [4, 2]},
						{"origin": [21, 27, 7], "size": [1, 1, 1], "uv": [4, 2]},
						{"origin": [20, 28, 7], "size": [1, 1, 1], "uv": [4, 2]},
						{"origin": [20, 29, 7], "size": [1, 1, 1], "uv": [4, 2]},
						{"origin": [19, 29, 7], "size": [1, 1, 1], "uv": [4, 2]},
						{"origin": [19, 30, 7], "size": [1, 1, 1], "uv": [4, 2]},
						{"origin": [19, 31, 7], "size": [1, 1, 1], "uv": [4, 2]},
						{"origin": [18, 31, 7], "size": [1, 1, 1], "uv": [4, 2]},
						{"origin": [18, 32, 7], "size": [1, 1, 1], "uv": [4, 2]},
						{"origin": [17, 33, 7], "size": [1, 1, 1], "uv": [4, 2]},
						{"origin": [17, 20, 7], "size": [1, 1, 1], "uv": [4, 2]},
						{"origin": [11, 16, 7], "size": [1, 1, 1], "uv": [4, 2]},
						{"origin": [11, 17, 7], "size": [1, 1, 1], "uv": [0, 4]},
						{"origin": [12, 18, 7], "size": [1, 1, 1], "uv": [0, 4]},
						{"origin": [12, 17, 7], "size": [1, 1, 1], "uv": [4, 4]},
						{"origin": [11, 18, 7], "size": [1, 1, 1], "uv": [4, 4]},
						{"origin": [13, 18, 7], "size": [1, 1, 1], "uv": [4, 4]},
						{"origin": [13, 19, 7], "size": [1, 1, 1], "uv": [0, 6]},
						{"origin": [14, 19, 7], "size": [1, 1, 1], "uv": [0, 6]},
						{"origin": [15, 19, 7], "size": [1, 1, 1], "uv": [4, 6]},
						{"origin": [14, 20, 7], "size": [1, 1, 1], "uv": [0, 6]},
						{"origin": [15, 20, 7], "size": [1, 1, 1], "uv": [0, 6]},
						{"origin": [16, 20, 7], "size": [1, 1, 1], "uv": [0, 6]},
						{"origin": [13, 15, 7], "size": [1, 1, 1], "uv": [0, 2]},
						{"origin": [14, 16, 7], "size": [1, 1, 1], "uv": [0, 2]},
						{"origin": [15, 17, 7], "size": [1, 1, 1], "uv": [0, 2]},
						{"origin": [16, 17, 7], "size": [1, 1, 1], "uv": [0, 2]},
						{"origin": [17, 18, 7], "size": [1, 1, 1], "uv": [0, 2]},
						{"origin": [17, 17, 7], "size": [1, 1, 1], "uv": [36, 2]},
						{"origin": [17, 16, 7], "size": [1, 1, 1], "uv": [36, 2]},
						{"origin": [18, 15, 7], "size": [1, 1, 1], "uv": [36, 2]},
						{"origin": [18, 14, 7], "size": [1, 1, 1], "uv": [36, 2]},
						{"origin": [19, 13, 7], "size": [1, 1, 1], "uv": [36, 2]},
						{"origin": [20, 12, 7], "size": [1, 1, 1], "uv": [36, 2]},
						{"origin": [21, 12, 7], "size": [1, 1, 1], "uv": [36, 2]},
						{"origin": [22, 11, 7], "size": [1, 1, 1], "uv": [36, 2]},
						{"origin": [22, 10, 7], "size": [1, 1, 1], "uv": [36, 2]},
						{"origin": [22, 9, 7], "size": [1, 1, 1], "uv": [36, 2]},
						{"origin": [23, 8, 7], "size": [1, 1, 1], "uv": [36, 2]},
						{"origin": [23, 7, 7], "size": [1, 1, 1], "uv": [36, 2]},
						{"origin": [24, 7, 7], "size": [1, 1, 1], "uv": [28, 4]},
						{"origin": [25, 7, 7], "size": [1, 1, 1], "uv": [28, 4]},
						{"origin": [25, 8, 7], "size": [1, 1, 1], "uv": [28, 4]},
						{"origin": [31, 8, 7], "size": [1, 1, 1], "uv": [28, 4]},
						{"origin": [30, 9, 7], "size": [1, 1, 1], "uv": [28, 4]},
						{"origin": [30, 10, 7], "size": [1, 1, 1], "uv": [28, 4]},
						{"origin": [29, 11, 7], "size": [1, 1, 1], "uv": [28, 4]},
						{"origin": [28, 13, 7], "size": [1, 1, 1], "uv": [28, 4]},
						{"origin": [28, 14, 7], "size": [1, 1, 1], "uv": [28, 4]},
						{"origin": [28, 15, 7], "size": [1, 1, 1], "uv": [28, 4]},
						{"origin": [32, 7, 7], "size": [1, 1, 1], "uv": [28, 4]},
						{"origin": [33, 7, 7], "size": [1, 1, 1], "uv": [28, 4]},
						{"origin": [34, 8, 7], "size": [1, 1, 1], "uv": [28, 4]},
						{"origin": [34, 9, 7], "size": [1, 1, 1], "uv": [28, 4]},
						{"origin": [38, 10, 7], "size": [1, 1, 1], "uv": [28, 4]},
						{"origin": [37, 11, 7], "size": [1, 1, 1], "uv": [28, 4]},
						{"origin": [36, 12, 7], "size": [1, 1, 1], "uv": [28, 4]},
						{"origin": [35, 13, 7], "size": [1, 1, 1], "uv": [28, 4]},
						{"origin": [35, 14, 7], "size": [1, 1, 1], "uv": [28, 4]},
						{"origin": [34, 15, 7], "size": [1, 1, 1], "uv": [28, 4]},
						{"origin": [34, 16, 7], "size": [1, 1, 1], "uv": [28, 4]},
						{"origin": [34, 17, 7], "size": [1, 1, 1], "uv": [28, 4]},
						{"origin": [39, 10, 7], "size": [1, 1, 1], "uv": [28, 4]},
						{"origin": [40, 11, 7], "size": [1, 1, 1], "uv": [28, 4]},
						{"origin": [40, 12, 7], "size": [1, 1, 1], "uv": [28, 4]},
						{"origin": [40, 13, 7], "size": [1, 1, 1], "uv": [28, 4]},
						{"origin": [40, 14, 7], "size": [1, 1, 1], "uv": [28, 4]},
						{"origin": [39, 15, 7], "size": [1, 1, 1], "uv": [28, 4]},
						{"origin": [39, 16, 7], "size": [1, 1, 1], "uv": [28, 4]},
						{"origin": [39, 17, 7], "size": [1, 1, 1], "uv": [28, 4]},
						{"origin": [38, 18, 7], "size": [1, 1, 1], "uv": [28, 4]},
						{"origin": [38, 19, 7], "size": [1, 1, 1], "uv": [28, 4]},
						{"origin": [34, 10, 7], "size": [1, 1, 1], "uv": [28, 4]},
						{"origin": [33, 11, 7], "size": [1, 1, 1], "uv": [28, 4]},
						{"origin": [33, 10, 7], "size": [1, 1, 1], "uv": [24, 4]},
						{"origin": [33, 9, 7], "size": [1, 1, 1], "uv": [24, 4]},
						{"origin": [32, 9, 7], "size": [1, 1, 1], "uv": [24, 4]},
						{"origin": [31, 9, 7], "size": [1, 1, 1], "uv": [24, 4]},
						{"origin": [31, 10, 7], "size": [1, 1, 1], "uv": [24, 4]},
						{"origin": [32, 10, 7], "size": [1, 1, 1], "uv": [24, 4]},
						{"origin": [32, 11, 7], "size": [1, 1, 1], "uv": [24, 4]},
						{"origin": [32, 12, 7], "size": [1, 1, 1], "uv": [24, 4]},
						{"origin": [32, 13, 7], "size": [1, 1, 1], "uv": [24, 4]},
						{"origin": [36, 13, 7], "size": [1, 1, 1], "uv": [24, 4]},
						{"origin": [37, 13, 7], "size": [1, 1, 1], "uv": [24, 4]},
						{"origin": [38, 13, 7], "size": [1, 1, 1], "uv": [24, 4]},
						{"origin": [39, 13, 7], "size": [1, 1, 1], "uv": [24, 4]},
						{"origin": [39, 14, 7], "size": [1, 1, 1], "uv": [24, 4]},
						{"origin": [38, 14, 7], "size": [1, 1, 1], "uv": [24, 4]},
						{"origin": [37, 14, 7], "size": [1, 1, 1], "uv": [24, 4]},
						{"origin": [36, 14, 7], "size": [1, 1, 1], "uv": [24, 4]},
						{"origin": [36, 15, 7], "size": [1, 1, 1], "uv": [24, 4]},
						{"origin": [35, 15, 7], "size": [1, 1, 1], "uv": [24, 4]},
						{"origin": [35, 16, 7], "size": [1, 1, 1], "uv": [24, 4]},
						{"origin": [35, 17, 7], "size": [1, 1, 1], "uv": [24, 4]},
						{"origin": [36, 17, 7], "size": [1, 1, 1], "uv": [24, 4]},
						{"origin": [37, 17, 7], "size": [1, 1, 1], "uv": [24, 4]},
						{"origin": [38, 17, 7], "size": [1, 1, 1], "uv": [24, 4]},
						{"origin": [38, 16, 7], "size": [1, 1, 1], "uv": [24, 4]},
						{"origin": [38, 15, 7], "size": [1, 1, 1], "uv": [24, 4]},
						{"origin": [37, 15, 7], "size": [1, 1, 1], "uv": [24, 4]},
						{"origin": [37, 16, 7], "size": [1, 1, 1], "uv": [24, 4]},
						{"origin": [36, 16, 7], "size": [1, 1, 1], "uv": [24, 4]},
						{"origin": [36, 18, 7], "size": [1, 1, 1], "uv": [24, 4]},
						{"origin": [38, 20, 7], "size": [1, 1, 1], "uv": [24, 4]},
						{"origin": [34, 18, 7], "size": [1, 1, 1], "uv": [24, 4]},
						{"origin": [34, 19, 7], "size": [1, 1, 1], "uv": [24, 4]},
						{"origin": [33, 19, 7], "size": [1, 1, 1], "uv": [24, 4]},
						{"origin": [35, 18, 7], "size": [1, 1, 1], "uv": [24, 4]},
						{"origin": [35, 19, 7], "size": [1, 1, 1], "uv": [24, 4]},
						{"origin": [35, 20, 7], "size": [1, 1, 1], "uv": [24, 4]},
						{"origin": [39, 12, 7], "size": [1, 1, 1], "uv": [24, 4]},
						{"origin": [39, 11, 7], "size": [1, 1, 1], "uv": [24, 4]},
						{"origin": [38, 11, 7], "size": [1, 1, 1], "uv": [24, 4]},
						{"origin": [38, 12, 7], "size": [1, 1, 1], "uv": [24, 4]},
						{"origin": [37, 12, 7], "size": [1, 1, 1], "uv": [24, 4]},
						{"origin": [31, 13, 7], "size": [1, 1, 1], "uv": [24, 4]},
						{"origin": [31, 12, 7], "size": [1, 1, 1], "uv": [24, 4]},
						{"origin": [31, 11, 7], "size": [1, 1, 1], "uv": [24, 4]},
						{"origin": [30, 11, 7], "size": [1, 1, 1], "uv": [24, 4]},
						{"origin": [30, 12, 7], "size": [1, 1, 1], "uv": [24, 4]},
						{"origin": [29, 12, 7], "size": [1, 1, 1], "uv": [32, 4]},
						{"origin": [29, 13, 7], "size": [1, 1, 1], "uv": [32, 4]},
						{"origin": [29, 14, 7], "size": [1, 1, 1], "uv": [24, 4]},
						{"origin": [29, 15, 7], "size": [1, 1, 1], "uv": [24, 4]},
						{"origin": [29, 16, 7], "size": [1, 1, 1], "uv": [24, 4]},
						{"origin": [30, 16, 7], "size": [1, 1, 1], "uv": [24, 4]},
						{"origin": [29, 17, 7], "size": [1, 1, 1], "uv": [24, 4]},
						{"origin": [28, 16, 7], "size": [1, 1, 1], "uv": [32, 4]},
						{"origin": [28, 17, 7], "size": [1, 1, 1], "uv": [24, 4]},
						{"origin": [28, 18, 7], "size": [1, 1, 1], "uv": [24, 4]},
						{"origin": [28, 19, 7], "size": [1, 1, 1], "uv": [24, 4]},
						{"origin": [30, 13, 7], "size": [1, 1, 1], "uv": [24, 4]},
						{"origin": [30, 14, 7], "size": [1, 1, 1], "uv": [24, 4]},
						{"origin": [30, 15, 7], "size": [1, 1, 1], "uv": [24, 4]},
						{"origin": [31, 14, 7], "size": [1, 1, 1], "uv": [32, 4]},
						{"origin": [31, 15, 7], "size": [1, 1, 1], "uv": [32, 4]},
						{"origin": [31, 16, 7], "size": [1, 1, 1], "uv": [24, 4]},
						{"origin": [31, 17, 7], "size": [1, 1, 1], "uv": [24, 4]},
						{"origin": [31, 18, 7], "size": [1, 1, 1], "uv": [24, 4]},
						{"origin": [33, 12, 7], "size": [1, 1, 1], "uv": [28, 4]},
						{"origin": [33, 13, 7], "size": [1, 1, 1], "uv": [28, 4]},
						{"origin": [32, 14, 7], "size": [1, 1, 1], "uv": [28, 4]},
						{"origin": [32, 15, 7], "size": [1, 1, 1], "uv": [28, 4]},
						{"origin": [32, 16, 7], "size": [1, 1, 1], "uv": [28, 4]},
						{"origin": [32, 17, 7], "size": [1, 1, 1], "uv": [28, 4]},
						{"origin": [32, 18, 7], "size": [1, 1, 1], "uv": [28, 4]},
						{"origin": [25, 9, 7], "size": [1, 1, 1], "uv": [28, 4]},
						{"origin": [25, 10, 7], "size": [1, 1, 1], "uv": [28, 4]},
						{"origin": [25, 11, 7], "size": [1, 1, 1], "uv": [28, 4]},
						{"origin": [25, 12, 7], "size": [1, 1, 1], "uv": [28, 4]},
						{"origin": [25, 13, 7], "size": [1, 1, 1], "uv": [28, 4]},
						{"origin": [25, 14, 7], "size": [1, 1, 1], "uv": [28, 4]},
						{"origin": [24, 8, 7], "size": [1, 1, 1], "uv": [28, 4]},
						{"origin": [24, 9, 7], "size": [1, 1, 1], "uv": [24, 4]},
						{"origin": [24, 10, 7], "size": [1, 1, 1], "uv": [24, 4]},
						{"origin": [24, 11, 7], "size": [1, 1, 1], "uv": [24, 4]},
						{"origin": [24, 12, 7], "size": [1, 1, 1], "uv": [24, 4]},
						{"origin": [32, 8, 7], "size": [1, 1, 1], "uv": [24, 4]},
						{"origin": [33, 8, 7], "size": [1, 1, 1], "uv": [24, 4]},
						{"origin": [24, 13, 7], "size": [1, 1, 1], "uv": [24, 4]},
						{"origin": [24, 14, 7], "size": [1, 1, 1], "uv": [24, 4]},
						{"origin": [24, 15, 7], "size": [1, 1, 1], "uv": [24, 4]},
						{"origin": [25, 15, 7], "size": [1, 1, 1], "uv": [24, 4]},
						{"origin": [26, 15, 7], "size": [1, 1, 1], "uv": [24, 4]},
						{"origin": [26, 16, 7], "size": [1, 1, 1], "uv": [32, 4]},
						{"origin": [26, 17, 7], "size": [1, 1, 1], "uv": [32, 4]},
						{"origin": [30, 17, 7], "size": [1, 1, 1], "uv": [32, 4]},
						{"origin": [37, 18, 7], "size": [1, 1, 1], "uv": [32, 4]},
						{"origin": [37, 19, 7], "size": [1, 1, 1], "uv": [32, 4]},
						{"origin": [37, 20, 7], "size": [1, 1, 1], "uv": [32, 4]},
						{"origin": [37, 21, 7], "size": [1, 1, 1], "uv": [24, 4]},
						{"origin": [37, 22, 7], "size": [1, 1, 1], "uv": [24, 4]},
						{"origin": [36, 22, 7], "size": [1, 1, 1], "uv": [32, 4]},
						{"origin": [34, 22, 7], "size": [1, 1, 1], "uv": [24, 4]},
						{"origin": [35, 22, 7], "size": [1, 1, 1], "uv": [32, 4]},
						{"origin": [35, 23, 7], "size": [1, 1, 1], "uv": [32, 4]},
						{"origin": [36, 24, 7], "size": [1, 1, 1], "uv": [32, 4]},
						{"origin": [36, 23, 7], "size": [1, 1, 1], "uv": [32, 4]},
						{"origin": [33, 22, 7], "size": [1, 1, 1], "uv": [32, 4]},
						{"origin": [33, 23, 7], "size": [1, 1, 1], "uv": [32, 4]},
						{"origin": [33, 24, 7], "size": [1, 1, 1], "uv": [32, 4]},
						{"origin": [32, 24, 7], "size": [1, 1, 1], "uv": [32, 4]},
						{"origin": [32, 25, 7], "size": [1, 1, 1], "uv": [32, 4]},
						{"origin": [33, 21, 7], "size": [1, 1, 1], "uv": [24, 4]},
						{"origin": [33, 20, 7], "size": [1, 1, 1], "uv": [32, 4]},
						{"origin": [34, 20, 7], "size": [1, 1, 1], "uv": [32, 4]},
						{"origin": [34, 21, 7], "size": [1, 1, 1], "uv": [32, 4]},
						{"origin": [35, 21, 7], "size": [1, 1, 1], "uv": [32, 4]},
						{"origin": [36, 21, 7], "size": [1, 1, 1], "uv": [32, 4]},
						{"origin": [36, 20, 7], "size": [1, 1, 1], "uv": [32, 4]},
						{"origin": [36, 19, 7], "size": [1, 1, 1], "uv": [32, 4]},
						{"origin": [30, 18, 7], "size": [1, 1, 1], "uv": [32, 4]},
						{"origin": [30, 19, 7], "size": [1, 1, 1], "uv": [32, 4]},
						{"origin": [30, 20, 7], "size": [1, 1, 1], "uv": [32, 4]},
						{"origin": [30, 21, 7], "size": [1, 1, 1], "uv": [32, 4]},
						{"origin": [31, 21, 7], "size": [1, 1, 1], "uv": [32, 4]},
						{"origin": [31, 22, 7], "size": [1, 1, 1], "uv": [32, 4]},
						{"origin": [31, 23, 7], "size": [1, 1, 1], "uv": [32, 4]},
						{"origin": [31, 20, 7], "size": [1, 1, 1], "uv": [32, 4]},
						{"origin": [31, 19, 7], "size": [1, 1, 1], "uv": [32, 4]},
						{"origin": [29, 19, 7], "size": [1, 1, 1], "uv": [32, 4]},
						{"origin": [29, 18, 7], "size": [1, 1, 1], "uv": [32, 4]},
						{"origin": [29, 20, 7], "size": [1, 1, 1], "uv": [32, 4]},
						{"origin": [28, 20, 7], "size": [1, 1, 1], "uv": [32, 4]},
						{"origin": [28, 21, 7], "size": [1, 1, 1], "uv": [32, 4]},
						{"origin": [28, 22, 7], "size": [1, 1, 1], "uv": [32, 4]},
						{"origin": [29, 21, 7], "size": [1, 1, 1], "uv": [32, 4]},
						{"origin": [29, 22, 7], "size": [1, 1, 1], "uv": [32, 4]},
						{"origin": [28, 23, 7], "size": [1, 1, 1], "uv": [32, 4]},
						{"origin": [28, 24, 7], "size": [1, 1, 1], "uv": [32, 4]},
						{"origin": [26, 18, 7], "size": [1, 1, 1], "uv": [24, 4]},
						{"origin": [26, 19, 7], "size": [1, 1, 1], "uv": [24, 4]},
						{"origin": [25, 18, 7], "size": [1, 1, 1], "uv": [24, 4]},
						{"origin": [23, 18, 7], "size": [1, 1, 1], "uv": [24, 4]},
						{"origin": [25, 17, 7], "size": [1, 1, 1], "uv": [24, 4]},
						{"origin": [24, 18, 7], "size": [1, 1, 1], "uv": [32, 4]},
						{"origin": [24, 19, 7], "size": [1, 1, 1], "uv": [32, 4]},
						{"origin": [25, 19, 7], "size": [1, 1, 1], "uv": [32, 4]},
						{"origin": [25, 20, 7], "size": [1, 1, 1], "uv": [32, 4]},
						{"origin": [25, 21, 7], "size": [1, 1, 1], "uv": [24, 4]},
						{"origin": [25, 22, 7], "size": [1, 1, 1], "uv": [24, 4]},
						{"origin": [26, 23, 7], "size": [1, 1, 1], "uv": [32, 4]},
						{"origin": [26, 24, 7], "size": [1, 1, 1], "uv": [36, 4]},
						{"origin": [26, 25, 7], "size": [1, 1, 1], "uv": [36, 4]},
						{"origin": [28, 25, 7], "size": [1, 1, 1], "uv": [36, 4]},
						{"origin": [28, 26, 7], "size": [1, 1, 1], "uv": [36, 4]},
						{"origin": [28, 27, 7], "size": [1, 1, 1], "uv": [36, 4]},
						{"origin": [28, 28, 7], "size": [1, 1, 1], "uv": [36, 4]},
						{"origin": [28, 29, 7], "size": [1, 1, 1], "uv": [36, 4]},
						{"origin": [29, 28, 7], "size": [1, 1, 1], "uv": [36, 4]},
						{"origin": [29, 27, 7], "size": [1, 1, 1], "uv": [32, 4]},
						{"origin": [29, 26, 7], "size": [1, 1, 1], "uv": [36, 4]},
						{"origin": [29, 29, 7], "size": [1, 1, 1], "uv": [36, 4]},
						{"origin": [29, 25, 7], "size": [1, 1, 1], "uv": [36, 4]},
						{"origin": [29, 24, 7], "size": [1, 1, 1], "uv": [36, 4]},
						{"origin": [29, 23, 7], "size": [1, 1, 1], "uv": [36, 4]},
						{"origin": [30, 22, 7], "size": [1, 1, 1], "uv": [36, 4]},
						{"origin": [30, 24, 7], "size": [1, 1, 1], "uv": [36, 4]},
						{"origin": [30, 25, 7], "size": [1, 1, 1], "uv": [32, 4]},
						{"origin": [30, 26, 7], "size": [1, 1, 1], "uv": [32, 4]},
						{"origin": [30, 27, 7], "size": [1, 1, 1], "uv": [36, 4]},
						{"origin": [34, 27, 7], "size": [1, 1, 1], "uv": [32, 4]},
						{"origin": [34, 26, 7], "size": [1, 1, 1], "uv": [36, 4]},
						{"origin": [34, 25, 7], "size": [1, 1, 1], "uv": [36, 4]},
						{"origin": [34, 24, 7], "size": [1, 1, 1], "uv": [36, 4]},
						{"origin": [34, 23, 7], "size": [1, 1, 1], "uv": [36, 4]},
						{"origin": [35, 24, 7], "size": [1, 1, 1], "uv": [36, 4]},
						{"origin": [35, 25, 7], "size": [1, 1, 1], "uv": [36, 4]},
						{"origin": [35, 26, 7], "size": [1, 1, 1], "uv": [32, 4]},
						{"origin": [33, 26, 7], "size": [1, 1, 1], "uv": [36, 4]},
						{"origin": [33, 25, 7], "size": [1, 1, 1], "uv": [36, 4]},
						{"origin": [33, 27, 7], "size": [1, 1, 1], "uv": [36, 4]},
						{"origin": [33, 28, 7], "size": [1, 1, 1], "uv": [36, 4]},
						{"origin": [32, 28, 7], "size": [1, 1, 1], "uv": [36, 4]},
						{"origin": [32, 27, 7], "size": [1, 1, 1], "uv": [36, 4]},
						{"origin": [32, 26, 7], "size": [1, 1, 1], "uv": [36, 4]},
						{"origin": [32, 29, 7], "size": [1, 1, 1], "uv": [36, 4]},
						{"origin": [31, 29, 7], "size": [1, 1, 1], "uv": [32, 4]},
						{"origin": [31, 28, 7], "size": [1, 1, 1], "uv": [32, 4]},
						{"origin": [30, 23, 7], "size": [1, 1, 1], "uv": [36, 4]},
						{"origin": [26, 26, 7], "size": [1, 1, 1], "uv": [36, 4]},
						{"origin": [26, 27, 7], "size": [1, 1, 1], "uv": [36, 4]},
						{"origin": [26, 28, 7], "size": [1, 1, 1], "uv": [32, 4]},
						{"origin": [26, 29, 7], "size": [1, 1, 1], "uv": [32, 4]},
						{"origin": [25, 28, 7], "size": [1, 1, 1], "uv": [32, 4]},
						{"origin": [25, 27, 7], "size": [1, 1, 1], "uv": [32, 4]},
						{"origin": [25, 25, 7], "size": [1, 1, 1], "uv": [36, 4]},
						{"origin": [24, 25, 7], "size": [1, 1, 1], "uv": [36, 4]},
						{"origin": [23, 25, 7], "size": [1, 1, 1], "uv": [32, 4]},
						{"origin": [23, 26, 7], "size": [1, 1, 1], "uv": [36, 4]},
						{"origin": [24, 26, 7], "size": [1, 1, 1], "uv": [36, 4]},
						{"origin": [23, 27, 7], "size": [1, 1, 1], "uv": [36, 4]},
						{"origin": [24, 27, 7], "size": [1, 1, 1], "uv": [36, 4]},
						{"origin": [24, 28, 7], "size": [1, 1, 1], "uv": [36, 4]},
						{"origin": [25, 26, 7], "size": [1, 1, 1], "uv": [36, 4]},
						{"origin": [24, 24, 7], "size": [1, 1, 1], "uv": [32, 4]},
						{"origin": [25, 23, 7], "size": [1, 1, 1], "uv": [32, 4]},
						{"origin": [25, 24, 7], "size": [1, 1, 1], "uv": [32, 4]},
						{"origin": [26, 22, 7], "size": [1, 1, 1], "uv": [32, 4]},
						{"origin": [26, 21, 7], "size": [1, 1, 1], "uv": [32, 4]},
						{"origin": [26, 20, 7], "size": [1, 1, 1], "uv": [32, 4]},
						{"origin": [24, 20, 7], "size": [1, 1, 1], "uv": [24, 4]},
						{"origin": [24, 17, 7], "size": [1, 1, 1], "uv": [24, 4]},
						{"origin": [23, 17, 7], "size": [1, 1, 1], "uv": [24, 4]},
						{"origin": [23, 16, 7], "size": [1, 1, 1], "uv": [24, 4]},
						{"origin": [19, 16, 7], "size": [1, 1, 1], "uv": [24, 4]},
						{"origin": [19, 15, 7], "size": [1, 1, 1], "uv": [24, 4]},
						{"origin": [20, 16, 7], "size": [1, 1, 1], "uv": [24, 4]},
						{"origin": [20, 17, 7], "size": [1, 1, 1], "uv": [24, 4]},
						{"origin": [19, 17, 7], "size": [1, 1, 1], "uv": [24, 4]},
						{"origin": [18, 18, 7], "size": [1, 1, 1], "uv": [24, 4]},
						{"origin": [18, 17, 7], "size": [1, 1, 1], "uv": [24, 4]},
						{"origin": [23, 15, 7], "size": [1, 1, 1], "uv": [32, 4]},
						{"origin": [24, 16, 7], "size": [1, 1, 1], "uv": [24, 4]},
						{"origin": [25, 16, 7], "size": [1, 1, 1], "uv": [24, 4]},
						{"origin": [22, 17, 7], "size": [1, 1, 1], "uv": [24, 4]},
						{"origin": [23, 14, 7], "size": [1, 1, 1], "uv": [32, 4]},
						{"origin": [23, 13, 7], "size": [1, 1, 1], "uv": [24, 4]},
						{"origin": [23, 12, 7], "size": [1, 1, 1], "uv": [24, 4]},
						{"origin": [23, 11, 7], "size": [1, 1, 1], "uv": [24, 4]},
						{"origin": [23, 9, 7], "size": [1, 1, 1], "uv": [28, 4]},
						{"origin": [23, 10, 7], "size": [1, 1, 1], "uv": [28, 4]},
						{"origin": [22, 12, 7], "size": [1, 1, 1], "uv": [28, 4]},
						{"origin": [22, 13, 7], "size": [1, 1, 1], "uv": [28, 4]},
						{"origin": [20, 13, 7], "size": [1, 1, 1], "uv": [28, 4]},
						{"origin": [20, 14, 7], "size": [1, 1, 1], "uv": [28, 4]},
						{"origin": [20, 15, 7], "size": [1, 1, 1], "uv": [28, 4]},
						{"origin": [19, 14, 7], "size": [1, 1, 1], "uv": [28, 4]},
						{"origin": [18, 16, 7], "size": [1, 1, 1], "uv": [28, 4]},
						{"origin": [22, 14, 7], "size": [1, 1, 1], "uv": [28, 4]},
						{"origin": [22, 15, 7], "size": [1, 1, 1], "uv": [28, 4]},
						{"origin": [22, 16, 7], "size": [1, 1, 1], "uv": [28, 4]},
						{"origin": [24, 6, 7], "size": [1, 1, 1], "uv": [36, 2]},
						{"origin": [25, 6, 7], "size": [1, 1, 1], "uv": [36, 2]},
						{"origin": [26, 7, 7], "size": [1, 1, 1], "uv": [36, 2]},
						{"origin": [26, 8, 7], "size": [1, 1, 1], "uv": [36, 2]},
						{"origin": [26, 9, 7], "size": [1, 1, 1], "uv": [36, 2]},
						{"origin": [26, 10, 7], "size": [1, 1, 1], "uv": [36, 2]},
						{"origin": [26, 11, 7], "size": [1, 1, 1], "uv": [36, 2]},
						{"origin": [26, 12, 7], "size": [1, 1, 1], "uv": [36, 2]},
						{"origin": [28, 12, 7], "size": [1, 1, 1], "uv": [36, 2]},
						{"origin": [28, 11, 7], "size": [1, 1, 1], "uv": [36, 2]},
						{"origin": [29, 10, 7], "size": [1, 1, 1], "uv": [36, 2]},
						{"origin": [29, 9, 7], "size": [1, 1, 1], "uv": [36, 2]},
						{"origin": [30, 8, 7], "size": [1, 1, 1], "uv": [36, 2]},
						{"origin": [31, 7, 7], "size": [1, 1, 1], "uv": [36, 2]},
						{"origin": [32, 6, 7], "size": [1, 1, 1], "uv": [36, 2]},
						{"origin": [33, 6, 7], "size": [1, 1, 1], "uv": [36, 2]},
						{"origin": [34, 7, 7], "size": [1, 1, 1], "uv": [36, 2]},
						{"origin": [35, 8, 7], "size": [1, 1, 1], "uv": [36, 2]},
						{"origin": [35, 9, 7], "size": [1, 1, 1], "uv": [36, 2]},
						{"origin": [35, 10, 7], "size": [1, 1, 1], "uv": [36, 2]},
						{"origin": [34, 11, 7], "size": [1, 1, 1], "uv": [36, 2]},
						{"origin": [34, 12, 7], "size": [1, 1, 1], "uv": [36, 2]},
						{"origin": [35, 12, 7], "size": [1, 1, 1], "uv": [36, 2]},
						{"origin": [36, 11, 7], "size": [1, 1, 1], "uv": [36, 2]},
						{"origin": [37, 10, 7], "size": [1, 1, 1], "uv": [36, 2]},
						{"origin": [38, 9, 7], "size": [1, 1, 1], "uv": [36, 2]},
						{"origin": [39, 9, 7], "size": [1, 1, 1], "uv": [36, 2]},
						{"origin": [40, 10, 7], "size": [1, 1, 1], "uv": [36, 2]},
						{"origin": [41, 11, 7], "size": [1, 1, 1], "uv": [36, 2]},
						{"origin": [41, 12, 7], "size": [1, 1, 1], "uv": [36, 2]},
						{"origin": [41, 13, 7], "size": [1, 1, 1], "uv": [36, 2]},
						{"origin": [41, 14, 7], "size": [1, 1, 1], "uv": [36, 2]},
						{"origin": [40, 15, 7], "size": [1, 1, 1], "uv": [36, 2]},
						{"origin": [40, 16, 7], "size": [1, 1, 1], "uv": [36, 2]},
						{"origin": [40, 17, 7], "size": [1, 1, 1], "uv": [36, 2]},
						{"origin": [39, 18, 7], "size": [1, 1, 1], "uv": [36, 2]},
						{"origin": [39, 19, 7], "size": [1, 1, 1], "uv": [36, 2]},
						{"origin": [39, 20, 7], "size": [1, 1, 1], "uv": [36, 2]},
						{"origin": [38, 21, 7], "size": [1, 1, 1], "uv": [36, 2]},
						{"origin": [38, 22, 7], "size": [1, 1, 1], "uv": [36, 2]},
						{"origin": [37, 23, 7], "size": [1, 1, 1], "uv": [36, 2]},
						{"origin": [37, 24, 7], "size": [1, 1, 1], "uv": [36, 2]},
						{"origin": [36, 26, 7], "size": [1, 1, 1], "uv": [36, 2]},
						{"origin": [35, 27, 7], "size": [1, 1, 1], "uv": [36, 2]},
						{"origin": [36, 25, 7], "size": [1, 1, 1], "uv": [36, 2]},
						{"origin": [34, 13, 7], "size": [1, 1, 1], "uv": [36, 2]},
						{"origin": [34, 14, 7], "size": [1, 1, 1], "uv": [36, 2]},
						{"origin": [33, 14, 7], "size": [1, 1, 1], "uv": [36, 2]},
						{"origin": [33, 15, 7], "size": [1, 1, 1], "uv": [36, 2]},
						{"origin": [33, 16, 7], "size": [1, 1, 1], "uv": [36, 2]},
						{"origin": [33, 17, 7], "size": [1, 1, 1], "uv": [36, 2]},
						{"origin": [33, 18, 7], "size": [1, 1, 1], "uv": [36, 2]},
						{"origin": [32, 19, 7], "size": [1, 1, 1], "uv": [36, 2]},
						{"origin": [32, 20, 7], "size": [1, 1, 1], "uv": [36, 2]},
						{"origin": [32, 21, 7], "size": [1, 1, 1], "uv": [36, 2]},
						{"origin": [32, 22, 7], "size": [1, 1, 1], "uv": [36, 2]},
						{"origin": [32, 23, 7], "size": [1, 1, 1], "uv": [36, 2]},
						{"origin": [31, 24, 7], "size": [1, 1, 1], "uv": [36, 2]},
						{"origin": [31, 25, 7], "size": [1, 1, 1], "uv": [36, 2]},
						{"origin": [31, 26, 7], "size": [1, 1, 1], "uv": [36, 2]},
						{"origin": [31, 27, 7], "size": [1, 1, 1], "uv": [36, 2]},
						{"origin": [30, 28, 7], "size": [1, 1, 1], "uv": [36, 2]},
						{"origin": [30, 34, 7], "size": [1, 1, 1], "uv": [36, 2]},
						{"origin": [20, 33, 7], "size": [1, 1, 1], "uv": [36, 2]},
						{"origin": [31, 34, 7], "size": [1, 1, 1], "uv": [36, 2]},
						{"origin": [30, 29, 7], "size": [1, 1, 1], "uv": [36, 2]},
						{"origin": [27, 13, 7], "size": [1, 1, 1], "uv": [36, 2]},
						{"origin": [27, 14, 7], "size": [1, 1, 1], "uv": [36, 2]},
						{"origin": [27, 15, 7], "size": [1, 1, 1], "uv": [36, 2]},
						{"origin": [27, 16, 7], "size": [1, 1, 1], "uv": [36, 2]},
						{"origin": [27, 17, 7], "size": [1, 1, 1], "uv": [36, 2]},
						{"origin": [27, 18, 7], "size": [1, 1, 1], "uv": [36, 2]},
						{"origin": [27, 19, 7], "size": [1, 1, 1], "uv": [36, 2]},
						{"origin": [27, 20, 7], "size": [1, 1, 1], "uv": [36, 2]},
						{"origin": [27, 21, 7], "size": [1, 1, 1], "uv": [36, 2]},
						{"origin": [27, 22, 7], "size": [1, 1, 1], "uv": [36, 2]},
						{"origin": [27, 23, 7], "size": [1, 1, 1], "uv": [36, 2]},
						{"origin": [27, 24, 7], "size": [1, 1, 1], "uv": [36, 2]},
						{"origin": [27, 25, 7], "size": [1, 1, 1], "uv": [36, 2]},
						{"origin": [27, 26, 7], "size": [1, 1, 1], "uv": [36, 2]},
						{"origin": [27, 27, 7], "size": [1, 1, 1], "uv": [36, 2]},
						{"origin": [27, 28, 7], "size": [1, 1, 1], "uv": [36, 2]},
						{"origin": [27, 29, 7], "size": [1, 1, 1], "uv": [36, 2]},
						{"origin": [27, 27, 7], "size": [1, 1, 1], "uv": [36, 2]},
						{"origin": [26, 13, 7], "size": [1, 1, 1], "uv": [36, 2]},
						{"origin": [26, 14, 7], "size": [1, 1, 1], "uv": [36, 2]},
						{"origin": [21, 13, 7], "size": [1, 1, 1], "uv": [36, 2]},
						{"origin": [21, 14, 7], "size": [1, 1, 1], "uv": [36, 2]},
						{"origin": [21, 15, 7], "size": [1, 1, 1], "uv": [36, 2]},
						{"origin": [21, 17, 7], "size": [1, 1, 1], "uv": [36, 2]},
						{"origin": [21, 16, 7], "size": [1, 1, 1], "uv": [36, 2]},
						{"origin": [19, 26, 7], "size": [1, 1, 1], "uv": [0, 2]},
						{"origin": [19, 27, 7], "size": [1, 1, 1], "uv": [0, 2]},
						{"origin": [22, 27, 7], "size": [1, 1, 1], "uv": [0, 2]},
						{"origin": [23, 28, 7], "size": [1, 1, 1], "uv": [0, 2]},
						{"origin": [24, 29, 7], "size": [1, 1, 1], "uv": [0, 2]},
						{"origin": [25, 29, 7], "size": [1, 1, 1], "uv": [0, 2]},
						{"origin": [26, 30, 7], "size": [1, 1, 1], "uv": [0, 2]},
						{"origin": [25, 30, 7], "size": [1, 1, 1], "uv": [28, 6]},
						{"origin": [24, 30, 7], "size": [1, 1, 1], "uv": [28, 6]},
						{"origin": [24, 31, 7], "size": [1, 1, 1], "uv": [28, 6]},
						{"origin": [24, 32, 7], "size": [1, 1, 1], "uv": [4, 2]},
						{"origin": [25, 32, 7], "size": [1, 1, 1], "uv": [28, 6]},
						{"origin": [25, 31, 7], "size": [1, 1, 1], "uv": [4, 2]},
						{"origin": [23, 31, 7], "size": [1, 1, 1], "uv": [4, 2]},
						{"origin": [22, 29, 7], "size": [1, 1, 1], "uv": [4, 2]},
						{"origin": [26, 31, 7], "size": [1, 1, 1], "uv": [28, 6]},
						{"origin": [27, 31, 7], "size": [1, 1, 1], "uv": [4, 2]},
						{"origin": [28, 31, 7], "size": [1, 1, 1], "uv": [4, 2]},
						{"origin": [29, 31, 7], "size": [1, 1, 1], "uv": [28, 6]},
						{"origin": [30, 31, 7], "size": [1, 1, 1], "uv": [28, 6]},
						{"origin": [31, 31, 7], "size": [1, 1, 1], "uv": [28, 6]},
						{"origin": [32, 31, 7], "size": [1, 1, 1], "uv": [4, 2]},
						{"origin": [33, 30, 7], "size": [1, 1, 1], "uv": [28, 6]},
						{"origin": [34, 30, 7], "size": [1, 1, 1], "uv": [28, 6]},
						{"origin": [34, 29, 7], "size": [1, 1, 1], "uv": [4, 2]},
						{"origin": [31, 32, 7], "size": [1, 1, 1], "uv": [28, 6]},
						{"origin": [30, 32, 7], "size": [1, 1, 1], "uv": [4, 2]},
						{"origin": [23, 30, 7], "size": [1, 1, 1], "uv": [28, 6]},
						{"origin": [22, 30, 7], "size": [1, 1, 1], "uv": [28, 6]},
						{"origin": [19, 33, 7], "size": [1, 1, 1], "uv": [28, 6]},
						{"origin": [22, 28, 7], "size": [1, 1, 1], "uv": [28, 6]},
						{"origin": [23, 29, 7], "size": [1, 1, 1], "uv": [28, 6]},
						{"origin": [21, 30, 7], "size": [1, 1, 1], "uv": [28, 6]},
						{"origin": [27, 30, 7], "size": [1, 1, 1], "uv": [0, 2]},
						{"origin": [28, 30, 7], "size": [1, 1, 1], "uv": [0, 2]},
						{"origin": [29, 30, 7], "size": [1, 1, 1], "uv": [0, 2]},
						{"origin": [30, 30, 7], "size": [1, 1, 1], "uv": [0, 2]},
						{"origin": [31, 30, 7], "size": [1, 1, 1], "uv": [0, 2]},
						{"origin": [32, 30, 7], "size": [1, 1, 1], "uv": [0, 2]},
						{"origin": [33, 29, 7], "size": [1, 1, 1], "uv": [0, 2]},
						{"origin": [34, 28, 7], "size": [1, 1, 1], "uv": [0, 2]},
						{"origin": [35, 28, 7], "size": [1, 1, 1], "uv": [0, 2]},
						{"origin": [36, 27, 7], "size": [1, 1, 1], "uv": [0, 2]},
						{"origin": [36, 28, 7], "size": [1, 1, 1], "uv": [24, 6]},
						{"origin": [36, 29, 7], "size": [1, 1, 1], "uv": [24, 6]},
						{"origin": [36, 30, 7], "size": [1, 1, 1], "uv": [24, 6]},
						{"origin": [35, 31, 7], "size": [1, 1, 1], "uv": [24, 6]},
						{"origin": [34, 32, 7], "size": [1, 1, 1], "uv": [24, 6]},
						{"origin": [33, 32, 7], "size": [1, 1, 1], "uv": [24, 6]},
						{"origin": [32, 33, 7], "size": [1, 1, 1], "uv": [24, 6]},
						{"origin": [22, 26, 7], "size": [1, 1, 1], "uv": [0, 2]},
						{"origin": [21, 28, 7], "size": [1, 1, 1], "uv": [0, 2]},
						{"origin": [21, 29, 7], "size": [1, 1, 1], "uv": [0, 2]},
						{"origin": [20, 30, 7], "size": [1, 1, 1], "uv": [0, 2]},
						{"origin": [20, 31, 7], "size": [1, 1, 1], "uv": [0, 2]},
						{"origin": [19, 32, 7], "size": [1, 1, 1], "uv": [0, 2]},
						{"origin": [18, 33, 7], "size": [1, 1, 1], "uv": [0, 2]},
						{"origin": [18, 34, 7], "size": [1, 1, 1], "uv": [0, 2]},
						{"origin": [19, 34, 7], "size": [1, 1, 1], "uv": [0, 2]},
						{"origin": [20, 34, 7], "size": [1, 1, 1], "uv": [0, 2]},
						{"origin": [21, 34, 7], "size": [1, 1, 1], "uv": [0, 0]},
						{"origin": [21, 33, 7], "size": [1, 1, 1], "uv": [32, 6]},
						{"origin": [22, 33, 7], "size": [1, 1, 1], "uv": [32, 6]},
						{"origin": [23, 34, 7], "size": [1, 1, 1], "uv": [32, 6]},
						{"origin": [24, 34, 7], "size": [1, 1, 1], "uv": [32, 6]},
						{"origin": [25, 34, 7], "size": [1, 1, 1], "uv": [32, 6]},
						{"origin": [26, 34, 7], "size": [1, 1, 1], "uv": [32, 6]},
						{"origin": [27, 34, 7], "size": [1, 1, 1], "uv": [32, 6]},
						{"origin": [28, 34, 7], "size": [1, 1, 1], "uv": [32, 6]},
						{"origin": [29, 34, 7], "size": [1, 1, 1], "uv": [32, 6]},
						{"origin": [22, 34, 7], "size": [1, 1, 1], "uv": [0, 0]},
						{"origin": [23, 35, 7], "size": [1, 1, 1], "uv": [0, 0]},
						{"origin": [24, 35, 7], "size": [1, 1, 1], "uv": [0, 0]},
						{"origin": [25, 35, 7], "size": [1, 1, 1], "uv": [0, 0]},
						{"origin": [26, 35, 7], "size": [1, 1, 1], "uv": [0, 0]},
						{"origin": [27, 35, 7], "size": [1, 1, 1], "uv": [0, 0]},
						{"origin": [28, 35, 7], "size": [1, 1, 1], "uv": [0, 0]},
						{"origin": [29, 35, 7], "size": [1, 1, 1], "uv": [0, 0]},
						{"origin": [12, 15, 7], "size": [1, 1, 1], "uv": [0, 2]},
						{"origin": [13, 20, 7], "size": [1, 1, 1], "uv": [4, 0]},
						{"origin": [14, 21, 7], "size": [1, 1, 1], "uv": [4, 0]},
						{"origin": [15, 21, 7], "size": [1, 1, 1], "uv": [4, 0]},
						{"origin": [16, 21, 7], "size": [1, 1, 1], "uv": [4, 0]},
						{"origin": [11, 20, 7], "size": [1, 1, 1], "uv": [0, 0]},
						{"origin": [12, 21, 7], "size": [1, 1, 1], "uv": [0, 0]},
						{"origin": [13, 21, 7], "size": [1, 1, 1], "uv": [0, 0]},
						{"origin": [14, 22, 7], "size": [1, 1, 1], "uv": [0, 0]},
						{"origin": [15, 22, 7], "size": [1, 1, 1], "uv": [0, 0]},
						{"origin": [16, 22, 7], "size": [1, 1, 1], "uv": [0, 0]},
						{"origin": [17, 22, 7], "size": [1, 1, 1], "uv": [24, 0]},
						{"origin": [17, 21, 7], "size": [1, 1, 1], "uv": [28, 0]},
						{"origin": [18, 20, 7], "size": [1, 1, 1], "uv": [28, 0]},
						{"origin": [18, 19, 7], "size": [1, 1, 1], "uv": [28, 0]},
						{"origin": [19, 18, 7], "size": [1, 1, 1], "uv": [28, 0]},
						{"origin": [19, 19, 7], "size": [1, 1, 1], "uv": [36, 0]},
						{"origin": [19, 20, 7], "size": [1, 1, 1], "uv": [32, 2]},
						{"origin": [22, 19, 7], "size": [1, 1, 1], "uv": [36, 0]},
						{"origin": [23, 21, 7], "size": [1, 1, 1], "uv": [36, 0]},
						{"origin": [23, 22, 7], "size": [1, 1, 1], "uv": [36, 0]},
						{"origin": [23, 23, 7], "size": [1, 1, 1], "uv": [36, 0]},
						{"origin": [22, 24, 7], "size": [1, 1, 1], "uv": [36, 0]},
						{"origin": [19, 24, 7], "size": [1, 1, 1], "uv": [36, 0]},
						{"origin": [20, 24, 7], "size": [1, 1, 1], "uv": [36, 0]},
						{"origin": [18, 23, 7], "size": [1, 1, 1], "uv": [28, 2]},
						{"origin": [19, 22, 7], "size": [1, 1, 1], "uv": [28, 2]},
						{"origin": [19, 21, 7], "size": [1, 1, 1], "uv": [28, 2]},
						{"origin": [20, 20, 7], "size": [1, 1, 1], "uv": [28, 2]},
						{"origin": [18, 21, 7], "size": [1, 1, 1], "uv": [36, 0]},
						{"origin": [20, 18, 7], "size": [1, 1, 1], "uv": [28, 0]},
						{"origin": [20, 19, 7], "size": [1, 1, 1], "uv": [24, 2]},
						{"origin": [21, 19, 7], "size": [1, 1, 1], "uv": [24, 2]},
						{"origin": [22, 20, 7], "size": [1, 1, 1], "uv": [24, 2]},
						{"origin": [21, 21, 7], "size": [1, 1, 1], "uv": [24, 2]},
						{"origin": [21, 20, 7], "size": [1, 1, 1], "uv": [32, 2]},
						{"origin": [22, 21, 7], "size": [1, 1, 1], "uv": [32, 2]},
						{"origin": [22, 22, 7], "size": [1, 1, 1], "uv": [32, 2]},
						{"origin": [21, 22, 7], "size": [1, 1, 1], "uv": [24, 2]},
						{"origin": [21, 23, 7], "size": [1, 1, 1], "uv": [24, 2]},
						{"origin": [21, 24, 7], "size": [1, 1, 1], "uv": [24, 2]},
						{"origin": [22, 23, 7], "size": [1, 1, 1], "uv": [24, 2]},
						{"origin": [20, 23, 7], "size": [1, 1, 1], "uv": [24, 2]},
						{"origin": [19, 23, 7], "size": [1, 1, 1], "uv": [24, 2]},
						{"origin": [18, 22, 7], "size": [1, 1, 1], "uv": [24, 2]},
						{"origin": [21, 18, 7], "size": [1, 1, 1], "uv": [32, 0]},
						{"origin": [22, 18, 7], "size": [1, 1, 1], "uv": [32, 0]},
						{"origin": [23, 19, 7], "size": [1, 1, 1], "uv": [32, 0]},
						{"origin": [23, 20, 7], "size": [1, 1, 1], "uv": [32, 0]},
						{"origin": [24, 21, 7], "size": [1, 1, 1], "uv": [32, 0]},
						{"origin": [24, 22, 7], "size": [1, 1, 1], "uv": [32, 0]},
						{"origin": [24, 23, 7], "size": [1, 1, 1], "uv": [32, 0]},
						{"origin": [23, 24, 7], "size": [1, 1, 1], "uv": [32, 0]},
						{"origin": [22, 25, 7], "size": [1, 1, 1], "uv": [32, 0]},
						{"origin": [21, 25, 7], "size": [1, 1, 1], "uv": [32, 0]},
						{"origin": [20, 25, 7], "size": [1, 1, 1], "uv": [32, 0]},
						{"origin": [19, 25, 7], "size": [1, 1, 1], "uv": [32, 0]},
						{"origin": [17, 23, 7], "size": [1, 1, 1], "uv": [24, 0]},
						{"origin": [20, 22, 7], "size": [1, 1, 1], "uv": [32, 2]},
						{"origin": [20, 21, 7], "size": [1, 1, 1], "uv": [32, 2]},
						{"origin": [18, 24, 7], "size": [1, 1, 1], "uv": [24, 0]},
						{"origin": [18, 25, 7], "size": [1, 1, 1], "uv": [0, 0]},
						{"origin": [17, 26, 7], "size": [1, 1, 1], "uv": [0, 0]},
						{"origin": [18, 26, 7], "size": [1, 1, 1], "uv": [4, 0]},
						{"origin": [18, 27, 7], "size": [1, 1, 1], "uv": [0, 6]},
						{"origin": [18, 28, 7], "size": [1, 1, 1], "uv": [0, 6]},
						{"origin": [17, 27, 7], "size": [1, 1, 1], "uv": [0, 0]},
						{"origin": [17, 28, 7], "size": [1, 1, 1], "uv": [0, 0]},
						{"origin": [17, 29, 7], "size": [1, 1, 1], "uv": [0, 0]},
						{"origin": [17, 30, 7], "size": [1, 1, 1], "uv": [0, 4]},
						{"origin": [16, 31, 7], "size": [1, 1, 1], "uv": [0, 4]},
						{"origin": [16, 32, 7], "size": [1, 1, 1], "uv": [0, 4]},
						{"origin": [16, 33, 7], "size": [1, 1, 1], "uv": [0, 4]},
						{"origin": [18, 29, 7], "size": [1, 1, 1], "uv": [0, 4]},
						{"origin": [18, 30, 7], "size": [1, 1, 1], "uv": [0, 4]},
						{"origin": [17, 31, 7], "size": [1, 1, 1], "uv": [0, 4]},
						{"origin": [17, 32, 7], "size": [1, 1, 1], "uv": [0, 4]},
						{"origin": [17, 34, 7], "size": [1, 1, 1], "uv": [0, 4]},
						{"origin": [19, 28, 7], "size": [1, 1, 1], "uv": [0, 4]},
						{"origin": [20, 27, 7], "size": [1, 1, 1], "uv": [0, 4]},
						{"origin": [21, 32, 7], "size": [1, 1, 1], "uv": [0, 4]},
						{"origin": [23, 33, 7], "size": [1, 1, 1], "uv": [0, 4]},
						{"origin": [33, 31, 7], "size": [1, 1, 1], "uv": [36, 6]},
						{"origin": [32, 32, 7], "size": [1, 1, 1], "uv": [36, 6]},
						{"origin": [31, 33, 7], "size": [1, 1, 1], "uv": [0, 16]},
						{"origin": [30, 33, 7], "size": [1, 1, 1], "uv": [0, 16]},
						{"origin": [29, 33, 7], "size": [1, 1, 1], "uv": [36, 6]},
						{"origin": [28, 32, 7], "size": [1, 1, 1], "uv": [36, 6]},
						{"origin": [29, 32, 7], "size": [1, 1, 1], "uv": [0, 16]},
						{"origin": [28, 33, 7], "size": [1, 1, 1], "uv": [36, 6]},
						{"origin": [27, 33, 7], "size": [1, 1, 1], "uv": [36, 6]},
						{"origin": [27, 32, 7], "size": [1, 1, 1], "uv": [0, 16]},
						{"origin": [26, 32, 7], "size": [1, 1, 1], "uv": [36, 6]},
						{"origin": [26, 33, 7], "size": [1, 1, 1], "uv": [0, 16]},
						{"origin": [25, 33, 7], "size": [1, 1, 1], "uv": [36, 6]},
						{"origin": [24, 33, 7], "size": [1, 1, 1], "uv": [36, 6]},
						{"origin": [23, 32, 7], "size": [1, 1, 1], "uv": [36, 6]},
						{"origin": [22, 32, 7], "size": [1, 1, 1], "uv": [36, 6]},
						{"origin": [22, 31, 7], "size": [1, 1, 1], "uv": [0, 16]},
						{"origin": [21, 31, 7], "size": [1, 1, 1], "uv": [36, 6]},
						{"origin": [20, 32, 7], "size": [1, 1, 1], "uv": [36, 6]},
						{"origin": [22, 31, 7], "size": [1, 1, 1], "uv": [36, 6]},
						{"origin": [34, 31, 7], "size": [1, 1, 1], "uv": [36, 6]},
						{"origin": [35, 30, 7], "size": [1, 1, 1], "uv": [36, 6]},
						{"origin": [35, 29, 7], "size": [1, 1, 1], "uv": [36, 6]},
						{"origin": [20, 26, 7], "size": [1, 1, 1], "uv": [0, 4]}
					]
				},
				{
					"name": "head",
					"parent": "body",
					"pivot": [0, 24, 0],
					"cubes": [
						{"origin": [-4, 24, -4], "size": [8, 8, 8], "uv": [0, 0]}
					]
				},
				{
					"name": "hat",
					"parent": "head",
					"pivot": [0, 24, 0],
					"cubes": [
						{"origin": [-4, 24, -4], "size": [8, 8, 8], "inflate": 0.5, "uv": [32, 0]}
					]
				},
				{
					"name": "leftArm",
					"parent": "body",
					"pivot": [5, 22, 0],
					"cubes": [
						{"origin": [4, 12, -2], "size": [4, 12, 4], "uv": [32, 48]}
					]
				},
				{
					"name": "leftSleeve",
					"parent": "leftArm",
					"pivot": [5, 22, 0],
					"cubes": [
						{"origin": [4, 12, -2], "size": [4, 12, 4], "inflate": 0.25, "uv": [48, 48]}
					]
				},
				{
					"name": "leftItem",
					"parent": "leftArm",
					"pivot": [6, 15, 1]
				},
				{
					"name": "rightArm",
					"parent": "body",
					"pivot": [-5, 22, 0],
					"cubes": [
						{"origin": [-8, 12, -2], "size": [4, 12, 4], "uv": [40, 16]}
					]
				},
				{
					"name": "rightSleeve",
					"parent": "rightArm",
					"pivot": [-5, 22, 0],
					"cubes": [
						{"origin": [-8, 12, -2], "size": [4, 12, 4], "inflate": 0.25, "uv": [40, 32]}
					]
				},
				{
					"name": "rightItem",
					"parent": "rightArm",
					"pivot": [-6, 15, 1],
					"locators": {
						"lead_hold": [-6, 15, 1]
					}
				},
				{
					"name": "jacket",
					"parent": "body",
					"pivot": [0, 24, 0],
					"cubes": [
						{"origin": [-4, 12, -2], "size": [8, 12, 4], "inflate": 0.25, "uv": [16, 32]}
					]
				},
				{
					"name": "cape",
					"parent": "body",
					"pivot": [0, 2, -2],
					"rotation": [-50, 0, -180]
				},
				{
					"name": "leftLeg",
					"parent": "root",
					"pivot": [1.9, 12, 0],
					"cubes": [
						{"origin": [-0.1, 0, -2], "size": [4, 12, 4], "uv": [16, 48]}
					]
				},
				{
					"name": "leftPants",
					"parent": "leftLeg",
					"pivot": [1.9, 12, 0],
					"cubes": [
						{"origin": [-0.1, 0, -2], "size": [4, 12, 4], "inflate": 0.25, "uv": [0, 48]}
					]
				},
				{
					"name": "rightLeg",
					"parent": "root",
					"pivot": [-1.9, 12, 0],
					"cubes": [
						{"origin": [-3.9, 0, -2], "size": [4, 12, 4], "uv": [0, 16]}
					]
				},
				{
					"name": "rightPants",
					"parent": "rightLeg",
					"pivot": [-1.9, 12, 0],
					"cubes": [
						{"origin": [-3.9, 0, -2], "size": [4, 12, 4], "inflate": 0.25, "uv": [0, 32]}
					]
				}
			]
		}
	]
}