{
	"format_version": "1.12.0",
	"minecraft:geometry": [
		{
			"description": {
				"identifier": "geometry.razor",
				"texture_width": 64,
				"texture_height": 64,
				"visible_bounds_width": 5,
				"visible_bounds_height": 3,
				"visible_bounds_offset": [0, 1.5, 0]
			},
			"bones": [
				{
					"name": "root",
					"pivot": [0, 0, 0],
					"cubes": [
						{"origin": [-1, 0, 0], "size": [1, 1, 1], "uv": [0, 0]}
					]
				},
				{
					"name": "waist",
					"parent": "root",
					"pivot": [0, 12, 0]
				},
				{
					"name": "body",
					"parent": "waist",
					"pivot": [0, 24, 0],
					"cubes": [
						{"origin": [-4, 12, -2], "size": [8, 12, 4], "uv": [16, 16]}
					]
				},
				{
					"name": "Wings",
					"parent": "body",
					"pivot": [0, 24, 0],
					"rotation": [0, -5, 0],
					"cubes": [
						{"origin": [1, 18, 2], "size": [1, 1, 1], "uv": [0, 0]},
						{"origin": [2, 19, 2], "size": [1, 1, 1], "uv": [0, 0]},
						{"origin": [3, 19, 2], "size": [1, 1, 1], "uv": [0, 2]},
						{"origin": [3, 20, 2], "size": [1, 1, 1], "uv": [4, 2]},
						{"origin": [4, 21, 2], "size": [1, 1, 1], "uv": [4, 2]},
						{"origin": [4, 20, 2], "size": [1, 1, 1], "uv": [4, 2]},
						{"origin": [5, 22, 2], "size": [1, 1, 1], "uv": [4, 2]},
						{"origin": [6, 21, 2], "size": [1, 1, 1], "uv": [4, 2]},
						{"origin": [6, 23, 2], "size": [1, 1, 1], "uv": [4, 2]},
						{"origin": [6, 22, 2], "size": [1, 1, 1], "uv": [4, 4]},
						{"origin": [5, 21, 2], "size": [1, 1, 1], "uv": [4, 4]},
						{"origin": [9, 21, 2], "size": [1, 1, 1], "uv": [4, 4]},
						{"origin": [9, 20, 2], "size": [1, 1, 1], "uv": [4, 4]},
						{"origin": [10, 20, 2], "size": [1, 1, 1], "uv": [4, 4]},
						{"origin": [10, 19, 2], "size": [1, 1, 1], "uv": [4, 4]},
						{"origin": [10, 18, 2], "size": [1, 1, 1], "uv": [4, 4]},
						{"origin": [10, 17, 2], "size": [1, 1, 1], "uv": [4, 4]},
						{"origin": [10, 16, 2], "size": [1, 1, 1], "uv": [4, 4]},
						{"origin": [11, 16, 2], "size": [1, 1, 1], "uv": [4, 4]},
						{"origin": [11, 14, 2], "size": [1, 1, 1], "uv": [4, 4]},
						{"origin": [11, 13, 2], "size": [1, 1, 1], "uv": [4, 4]},
						{"origin": [11, 15, 2], "size": [1, 1, 1], "uv": [4, 4]},
						{"origin": [10, 15, 2], "size": [1, 1, 1], "uv": [4, 4]},
						{"origin": [9, 19, 2], "size": [1, 1, 1], "uv": [4, 4]},
						{"origin": [9, 18, 2], "size": [1, 1, 1], "uv": [4, 4]},
						{"origin": [9, 17, 2], "size": [1, 1, 1], "uv": [4, 4]},
						{"origin": [7, 22, 2], "size": [1, 1, 1], "uv": [4, 2]},
						{"origin": [8, 21, 2], "size": [1, 1, 1], "uv": [4, 2]},
						{"origin": [10, 21, 2], "size": [1, 1, 1], "uv": [4, 2]},
						{"origin": [10, 22, 2], "size": [1, 1, 1], "uv": [4, 2]},
						{"origin": [8, 20, 2], "size": [1, 1, 1], "uv": [4, 2]},
						{"origin": [8, 19, 2], "size": [1, 1, 1], "uv": [4, 2]},
						{"origin": [11, 19, 2], "size": [1, 1, 1], "uv": [4, 2]},
						{"origin": [11, 18, 2], "size": [1, 1, 1], "uv": [4, 2]},
						{"origin": [11, 17, 2], "size": [1, 1, 1], "uv": [4, 2]},
						{"origin": [12, 12, 2], "size": [1, 1, 1], "uv": [4, 2]},
						{"origin": [12, 13, 2], "size": [1, 1, 1], "uv": [4, 2]},
						{"origin": [9, 16, 2], "size": [1, 1, 1], "uv": [4, 2]},
						{"origin": [10, 14, 2], "size": [1, 1, 1], "uv": [4, 2]},
						{"origin": [7, 23, 2], "size": [1, 1, 1], "uv": [4, 2]},
						{"origin": [7, 24, 2], "size": [1, 1, 1], "uv": [0, 4]},
						{"origin": [7, 13, 2], "size": [1, 1, 1], "uv": [0, 4]},
						{"origin": [7, 14, 2], "size": [1, 1, 1], "uv": [0, 4]},
						{"origin": [7, 15, 2], "size": [1, 1, 1], "uv": [0, 4]},
						{"origin": [7, 17, 2], "size": [1, 1, 1], "uv": [0, 4]},
						{"origin": [7, 16, 2], "size": [1, 1, 1], "uv": [0, 4]},
						{"origin": [7, 18, 2], "size": [1, 1, 1], "uv": [0, 4]},
						{"origin": [8, 18, 2], "size": [1, 1, 1], "uv": [0, 4]},
						{"origin": [8, 17, 2], "size": [1, 1, 1], "uv": [0, 4]},
						{"origin": [8, 16, 2], "size": [1, 1, 1], "uv": [0, 4]},
						{"origin": [8, 15, 2], "size": [1, 1, 1], "uv": [0, 4]},
						{"origin": [9, 15, 2], "size": [1, 1, 1], "uv": [0, 4]},
						{"origin": [8, 14, 2], "size": [1, 1, 1], "uv": [0, 4]},
						{"origin": [9, 14, 2], "size": [1, 1, 1], "uv": [0, 4]},
						{"origin": [7, 19, 2], "size": [1, 1, 1], "uv": [0, 4]},
						{"origin": [7, 20, 2], "size": [1, 1, 1], "uv": [0, 4]},
						{"origin": [6, 20, 2], "size": [1, 1, 1], "uv": [0, 4]},
						{"origin": [5, 20, 2], "size": [1, 1, 1], "uv": [0, 4]},
						{"origin": [5, 18, 2], "size": [1, 1, 1], "uv": [0, 4]},
						{"origin": [5, 19, 2], "size": [1, 1, 1], "uv": [0, 4]},
						{"origin": [4, 19, 2], "size": [1, 1, 1], "uv": [0, 4]},
						{"origin": [6, 19, 2], "size": [1, 1, 1], "uv": [0, 4]},
						{"origin": [6, 17, 2], "size": [1, 1, 1], "uv": [0, 4]},
						{"origin": [6, 16, 2], "size": [1, 1, 1], "uv": [0, 4]},
						{"origin": [6, 18, 2], "size": [1, 1, 1], "uv": [0, 4]},
						{"origin": [7, 21, 2], "size": [1, 1, 1], "uv": [0, 4]},
						{"origin": [8, 22, 2], "size": [1, 1, 1], "uv": [0, 4]},
						{"origin": [9, 22, 2], "size": [1, 1, 1], "uv": [0, 4]},
						{"origin": [9, 23, 2], "size": [1, 1, 1], "uv": [0, 4]},
						{"origin": [10, 23, 2], "size": [1, 1, 1], "uv": [0, 4]},
						{"origin": [11, 23, 2], "size": [1, 1, 1], "uv": [0, 4]},
						{"origin": [12, 24, 2], "size": [1, 1, 1], "uv": [0, 4]},
						{"origin": [11, 22, 2], "size": [1, 1, 1], "uv": [0, 4]},
						{"origin": [11, 21, 2], "size": [1, 1, 1], "uv": [0, 4]},
						{"origin": [11, 20, 2], "size": [1, 1, 1], "uv": [0, 4]},
						{"origin": [12, 20, 2], "size": [1, 1, 1], "uv": [0, 4]},
						{"origin": [12, 19, 2], "size": [1, 1, 1], "uv": [0, 4]},
						{"origin": [12, 18, 2], "size": [1, 1, 1], "uv": [0, 4]},
						{"origin": [12, 17, 2], "size": [1, 1, 1], "uv": [0, 4]},
						{"origin": [12, 16, 2], "size": [1, 1, 1], "uv": [0, 4]},
						{"origin": [12, 15, 2], "size": [1, 1, 1], "uv": [0, 4]},
						{"origin": [12, 14, 2], "size": [1, 1, 1], "uv": [0, 4]},
						{"origin": [13, 14, 2], "size": [1, 1, 1], "uv": [0, 4]},
						{"origin": [13, 13, 2], "size": [1, 1, 1], "uv": [0, 4]},
						{"origin": [13, 12, 2], "size": [1, 1, 1], "uv": [0, 4]},
						{"origin": [13, 23, 2], "size": [1, 1, 1], "uv": [0, 4]},
						{"origin": [14, 22, 2], "size": [1, 1, 1], "uv": [0, 4]},
						{"origin": [15, 21, 2], "size": [1, 1, 1], "uv": [0, 4]},
						{"origin": [15, 20, 2], "size": [1, 1, 1], "uv": [0, 4]},
						{"origin": [16, 20, 2], "size": [1, 1, 1], "uv": [0, 4]},
						{"origin": [16, 19, 2], "size": [1, 1, 1], "uv": [0, 4]},
						{"origin": [17, 19, 2], "size": [1, 1, 1], "uv": [0, 4]},
						{"origin": [17, 18, 2], "size": [1, 1, 1], "uv": [0, 4]},
						{"origin": [18, 18, 2], "size": [1, 1, 1], "uv": [0, 4]},
						{"origin": [18, 17, 2], "size": [1, 1, 1], "uv": [0, 4]},
						{"origin": [19, 17, 2], "size": [1, 1, 1], "uv": [0, 4]},
						{"origin": [19, 16, 2], "size": [1, 1, 1], "uv": [0, 4]},
						{"origin": [20, 16, 2], "size": [1, 1, 1], "uv": [0, 4]},
						{"origin": [20, 15, 2], "size": [1, 1, 1], "uv": [0, 4]},
						{"origin": [21, 15, 2], "size": [1, 1, 1], "uv": [0, 4]},
						{"origin": [22, 14, 2], "size": [1, 1, 1], "uv": [0, 4]},
						{"origin": [23, 13, 2], "size": [1, 1, 1], "uv": [0, 4]},
						{"origin": [25, 13, 2], "size": [1, 1, 1], "uv": [0, 4]},
						{"origin": [25, 12, 2], "size": [1, 1, 1], "uv": [0, 4]},
						{"origin": [26, 12, 2], "size": [1, 1, 1], "uv": [0, 4]},
						{"origin": [27, 11, 2], "size": [1, 1, 1], "uv": [0, 4]},
						{"origin": [28, 10, 2], "size": [1, 1, 1], "uv": [0, 4]},
						{"origin": [24, 13, 2], "size": [1, 1, 1], "uv": [0, 4]},
						{"origin": [24, 14, 2], "size": [1, 1, 1], "uv": [0, 4]},
						{"origin": [22, 16, 2], "size": [1, 1, 1], "uv": [0, 4]},
						{"origin": [22, 17, 2], "size": [1, 1, 1], "uv": [0, 4]},
						{"origin": [21, 17, 2], "size": [1, 1, 1], "uv": [0, 4]},
						{"origin": [21, 18, 2], "size": [1, 1, 1], "uv": [0, 4]},
						{"origin": [23, 16, 2], "size": [1, 1, 1], "uv": [0, 4]},
						{"origin": [23, 15, 2], "size": [1, 1, 1], "uv": [0, 4]},
						{"origin": [10, 24, 2], "size": [1, 1, 1], "uv": [0, 4]},
						{"origin": [11, 25, 2], "size": [1, 1, 1], "uv": [0, 4]},
						{"origin": [8, 13, 2], "size": [1, 1, 1], "uv": [0, 4]},
						{"origin": [9, 13, 2], "size": [1, 1, 1], "uv": [0, 4]},
						{"origin": [10, 13, 2], "size": [1, 1, 1], "uv": [0, 4]},
						{"origin": [10, 12, 2], "size": [1, 1, 1], "uv": [0, 4]},
						{"origin": [11, 12, 2], "size": [1, 1, 1], "uv": [0, 4]},
						{"origin": [13, 11, 2], "size": [1, 1, 1], "uv": [0, 4]},
						{"origin": [13, 10, 2], "size": [1, 1, 1], "uv": [0, 4]},
						{"origin": [12, 11, 2], "size": [1, 1, 1], "uv": [0, 4]},
						{"origin": [8, 25, 2], "size": [1, 1, 1], "uv": [0, 4]},
						{"origin": [9, 26, 2], "size": [1, 1, 1], "uv": [0, 4]},
						{"origin": [10, 27, 2], "size": [1, 1, 1], "uv": [0, 4]},
						{"origin": [11, 27, 2], "size": [1, 1, 1], "uv": [0, 4]},
						{"origin": [12, 27, 2], "size": [1, 1, 1], "uv": [0, 4]},
						{"origin": [13, 26, 2], "size": [1, 1, 1], "uv": [0, 4]},
						{"origin": [14, 26, 2], "size": [1, 1, 1], "uv": [0, 4]},
						{"origin": [15, 25, 2], "size": [1, 1, 1], "uv": [0, 4]},
						{"origin": [15, 24, 2], "size": [1, 1, 1], "uv": [0, 4]},
						{"origin": [16, 24, 2], "size": [1, 1, 1], "uv": [0, 4]},
						{"origin": [16, 23, 2], "size": [1, 1, 1], "uv": [0, 4]},
						{"origin": [17, 22, 2], "size": [1, 1, 1], "uv": [0, 4]},
						{"origin": [18, 21, 2], "size": [1, 1, 1], "uv": [0, 4]},
						{"origin": [18, 20, 2], "size": [1, 1, 1], "uv": [4, 2]},
						{"origin": [19, 20, 2], "size": [1, 1, 1], "uv": [0, 4]},
						{"origin": [20, 19, 2], "size": [1, 1, 1], "uv": [0, 4]},
						{"origin": [19, 19, 2], "size": [1, 1, 1], "uv": [4, 2]},
						{"origin": [20, 18, 2], "size": [1, 1, 1], "uv": [4, 2]},
						{"origin": [20, 17, 2], "size": [1, 1, 1], "uv": [4, 2]},
						{"origin": [21, 16, 2], "size": [1, 1, 1], "uv": [4, 2]},
						{"origin": [22, 15, 2], "size": [1, 1, 1], "uv": [4, 2]},
						{"origin": [23, 14, 2], "size": [1, 1, 1], "uv": [4, 2]},
						{"origin": [12, 28, 2], "size": [1, 1, 1], "uv": [0, 4]},
						{"origin": [8, 26, 2], "size": [1, 1, 1], "uv": [0, 0]},
						{"origin": [9, 27, 2], "size": [1, 1, 1], "uv": [0, 0]},
						{"origin": [10, 28, 2], "size": [1, 1, 1], "uv": [0, 0]},
						{"origin": [13, 28, 2], "size": [1, 1, 1], "uv": [0, 0]},
						{"origin": [14, 27, 2], "size": [1, 1, 1], "uv": [0, 0]},
						{"origin": [14, 9, 2], "size": [1, 1, 1], "uv": [0, 0]},
						{"origin": [14, 10, 2], "size": [1, 1, 1], "uv": [0, 0]},
						{"origin": [14, 11, 2], "size": [1, 1, 1], "uv": [0, 0]},
						{"origin": [15, 12, 2], "size": [1, 1, 1], "uv": [0, 0]},
						{"origin": [15, 13, 2], "size": [1, 1, 1], "uv": [0, 0]},
						{"origin": [16, 14, 2], "size": [1, 1, 1], "uv": [0, 0]},
						{"origin": [19, 14, 2], "size": [1, 1, 1], "uv": [0, 0]},
						{"origin": [21, 13, 2], "size": [1, 1, 1], "uv": [0, 0]},
						{"origin": [23, 12, 2], "size": [1, 1, 1], "uv": [0, 0]},
						{"origin": [25, 11, 2], "size": [1, 1, 1], "uv": [0, 0]},
						{"origin": [27, 10, 2], "size": [1, 1, 1], "uv": [0, 0]},
						{"origin": [15, 26, 2], "size": [1, 1, 1], "uv": [0, 0]},
						{"origin": [16, 25, 2], "size": [1, 1, 1], "uv": [0, 0]},
						{"origin": [17, 24, 2], "size": [1, 1, 1], "uv": [0, 0]},
						{"origin": [18, 23, 2], "size": [1, 1, 1], "uv": [0, 0]},
						{"origin": [19, 22, 2], "size": [1, 1, 1], "uv": [0, 0]},
						{"origin": [20, 21, 2], "size": [1, 1, 1], "uv": [0, 0]},
						{"origin": [21, 20, 2], "size": [1, 1, 1], "uv": [0, 0]},
						{"origin": [21, 19, 2], "size": [1, 1, 1], "uv": [0, 0]},
						{"origin": [22, 18, 2], "size": [1, 1, 1], "uv": [0, 0]},
						{"origin": [23, 17, 2], "size": [1, 1, 1], "uv": [0, 0]},
						{"origin": [24, 16, 2], "size": [1, 1, 1], "uv": [0, 0]},
						{"origin": [25, 15, 2], "size": [1, 1, 1], "uv": [0, 0]},
						{"origin": [26, 14, 2], "size": [1, 1, 1], "uv": [0, 0]},
						{"origin": [27, 13, 2], "size": [1, 1, 1], "uv": [0, 0]},
						{"origin": [28, 12, 2], "size": [1, 1, 1], "uv": [0, 0]},
						{"origin": [29, 10, 2], "size": [1, 1, 1], "uv": [0, 0]},
						{"origin": [29, 11, 2], "size": [1, 1, 1], "uv": [0, 0]},
						{"origin": [29, 9, 2], "size": [1, 1, 1], "uv": [0, 0]},
						{"origin": [11, 28, 2], "size": [1, 1, 1], "uv": [0, 6]},
						{"origin": [11, 29, 2], "size": [1, 1, 1], "uv": [0, 6]},
						{"origin": [10, 30, 2], "size": [1, 1, 1], "uv": [0, 6]},
						{"origin": [8, 24, 2], "size": [1, 1, 1], "uv": [4, 2]},
						{"origin": [8, 23, 2], "size": [1, 1, 1], "uv": [4, 2]},
						{"origin": [9, 25, 2], "size": [1, 1, 1], "uv": [4, 2]},
						{"origin": [9, 24, 2], "size": [1, 1, 1], "uv": [4, 2]},
						{"origin": [10, 26, 2], "size": [1, 1, 1], "uv": [4, 2]},
						{"origin": [10, 25, 2], "size": [1, 1, 1], "uv": [4, 2]},
						{"origin": [11, 26, 2], "size": [1, 1, 1], "uv": [4, 2]},
						{"origin": [12, 26, 2], "size": [1, 1, 1], "uv": [4, 2]},
						{"origin": [12, 29, 2], "size": [1, 1, 1], "uv": [0, 2]},
						{"origin": [11, 30, 2], "size": [1, 1, 1], "uv": [0, 2]},
						{"origin": [10, 31, 2], "size": [1, 1, 1], "uv": [0, 2]},
						{"origin": [9, 31, 2], "size": [1, 1, 1], "uv": [0, 2]},
						{"origin": [10, 29, 2], "size": [1, 1, 1], "uv": [0, 2]},
						{"origin": [12, 25, 2], "size": [1, 1, 1], "uv": [4, 2]},
						{"origin": [13, 25, 2], "size": [1, 1, 1], "uv": [4, 4]},
						{"origin": [14, 24, 2], "size": [1, 1, 1], "uv": [4, 4]},
						{"origin": [15, 23, 2], "size": [1, 1, 1], "uv": [4, 4]},
						{"origin": [16, 22, 2], "size": [1, 1, 1], "uv": [4, 4]},
						{"origin": [17, 21, 2], "size": [1, 1, 1], "uv": [4, 4]},
						{"origin": [17, 20, 2], "size": [1, 1, 1], "uv": [4, 4]},
						{"origin": [18, 19, 2], "size": [1, 1, 1], "uv": [4, 4]},
						{"origin": [19, 18, 2], "size": [1, 1, 1], "uv": [4, 4]},
						{"origin": [14, 25, 2], "size": [1, 1, 1], "uv": [4, 2]},
						{"origin": [13, 24, 2], "size": [1, 1, 1], "uv": [4, 2]},
						{"origin": [14, 23, 2], "size": [1, 1, 1], "uv": [4, 2]},
						{"origin": [15, 22, 2], "size": [1, 1, 1], "uv": [4, 2]},
						{"origin": [16, 21, 2], "size": [1, 1, 1], "uv": [4, 2]},
						{"origin": [4, 18, 2], "size": [1, 1, 1], "uv": [0, 2]},
						{"origin": [11, 24, 2], "size": [1, 1, 1], "uv": [0, 2]},
						{"origin": [12, 23, 2], "size": [1, 1, 1], "uv": [0, 2]},
						{"origin": [12, 22, 2], "size": [1, 1, 1], "uv": [0, 2]},
						{"origin": [12, 21, 2], "size": [1, 1, 1], "uv": [0, 2]},
						{"origin": [14, 21, 2], "size": [1, 1, 1], "uv": [0, 2]},
						{"origin": [17, 23, 2], "size": [1, 1, 1], "uv": [0, 2]},
						{"origin": [18, 22, 2], "size": [1, 1, 1], "uv": [0, 2]},
						{"origin": [19, 21, 2], "size": [1, 1, 1], "uv": [0, 2]},
						{"origin": [20, 20, 2], "size": [1, 1, 1], "uv": [0, 2]},
						{"origin": [28, 11, 2], "size": [1, 1, 1], "uv": [0, 2]},
						{"origin": [27, 12, 2], "size": [1, 1, 1], "uv": [0, 2]},
						{"origin": [26, 13, 2], "size": [1, 1, 1], "uv": [0, 2]},
						{"origin": [26, 11, 2], "size": [1, 1, 1], "uv": [0, 2]},
						{"origin": [25, 14, 2], "size": [1, 1, 1], "uv": [0, 2]},
						{"origin": [24, 15, 2], "size": [1, 1, 1], "uv": [0, 2]},
						{"origin": [24, 12, 2], "size": [1, 1, 1], "uv": [0, 2]},
						{"origin": [14, 20, 2], "size": [1, 1, 1], "uv": [0, 2]},
						{"origin": [15, 19, 2], "size": [1, 1, 1], "uv": [0, 2]},
						{"origin": [16, 18, 2], "size": [1, 1, 1], "uv": [0, 2]},
						{"origin": [16, 17, 2], "size": [1, 1, 1], "uv": [0, 2]},
						{"origin": [17, 17, 2], "size": [1, 1, 1], "uv": [0, 2]},
						{"origin": [17, 16, 2], "size": [1, 1, 1], "uv": [0, 2]},
						{"origin": [18, 16, 2], "size": [1, 1, 1], "uv": [0, 2]},
						{"origin": [18, 15, 2], "size": [1, 1, 1], "uv": [0, 2]},
						{"origin": [19, 15, 2], "size": [1, 1, 1], "uv": [0, 2]},
						{"origin": [20, 14, 2], "size": [1, 1, 1], "uv": [0, 2]},
						{"origin": [21, 14, 2], "size": [1, 1, 1], "uv": [0, 2]},
						{"origin": [22, 13, 2], "size": [1, 1, 1], "uv": [0, 2]},
						{"origin": [13, 22, 2], "size": [1, 1, 1], "uv": [0, 2]},
						{"origin": [13, 20, 2], "size": [1, 1, 1], "uv": [0, 2]},
						{"origin": [13, 19, 2], "size": [1, 1, 1], "uv": [0, 2]},
						{"origin": [13, 18, 2], "size": [1, 1, 1], "uv": [0, 2]},
						{"origin": [13, 17, 2], "size": [1, 1, 1], "uv": [0, 2]},
						{"origin": [13, 16, 2], "size": [1, 1, 1], "uv": [0, 2]},
						{"origin": [13, 15, 2], "size": [1, 1, 1], "uv": [0, 2]},
						{"origin": [14, 15, 2], "size": [1, 1, 1], "uv": [0, 2]},
						{"origin": [14, 14, 2], "size": [1, 1, 1], "uv": [0, 2]},
						{"origin": [14, 13, 2], "size": [1, 1, 1], "uv": [0, 2]},
						{"origin": [14, 12, 2], "size": [1, 1, 1], "uv": [0, 2]},
						{"origin": [13, 27, 2], "size": [1, 1, 1], "uv": [0, 2]},
						{"origin": [5, 17, 2], "size": [1, 1, 1], "uv": [0, 2]},
						{"origin": [5, 16, 2], "size": [1, 1, 1], "uv": [0, 2]},
						{"origin": [6, 15, 2], "size": [1, 1, 1], "uv": [0, 2]},
						{"origin": [6, 14, 2], "size": [1, 1, 1], "uv": [0, 2]},
						{"origin": [5, 14, 2], "size": [1, 1, 1], "uv": [0, 2]},
						{"origin": [5, 15, 2], "size": [1, 1, 1], "uv": [0, 2]},
						{"origin": [4, 15, 2], "size": [1, 1, 1], "uv": [0, 2]},
						{"origin": [4, 16, 2], "size": [1, 1, 1], "uv": [0, 2]},
						{"origin": [4, 17, 2], "size": [1, 1, 1], "uv": [0, 2]},
						{"origin": [3, 17, 2], "size": [1, 1, 1], "uv": [0, 2]},
						{"origin": [3, 18, 2], "size": [1, 1, 1], "uv": [0, 2]},
						{"origin": [2, 18, 2], "size": [1, 1, 1], "uv": [4, 0]},
						{"origin": [2, 17, 2], "size": [1, 1, 1], "uv": [4, 0]},
						{"origin": [3, 16, 2], "size": [1, 1, 1], "uv": [4, 0]},
						{"origin": [13, 21, 2], "size": [1, 1, 1], "uv": [4, 0]},
						{"origin": [14, 19, 2], "size": [1, 1, 1], "uv": [4, 0]},
						{"origin": [14, 18, 2], "size": [1, 1, 1], "uv": [4, 0]},
						{"origin": [15, 18, 2], "size": [1, 1, 1], "uv": [4, 0]},
						{"origin": [15, 17, 2], "size": [1, 1, 1], "uv": [4, 0]},
						{"origin": [15, 16, 2], "size": [1, 1, 1], "uv": [4, 0]},
						{"origin": [15, 15, 2], "size": [1, 1, 1], "uv": [4, 0]},
						{"origin": [16, 15, 2], "size": [1, 1, 1], "uv": [4, 0]},
						{"origin": [16, 16, 2], "size": [1, 1, 1], "uv": [4, 0]},
						{"origin": [17, 15, 2], "size": [1, 1, 1], "uv": [4, 0]},
						{"origin": [15, 14, 2], "size": [1, 1, 1], "uv": [4, 0]},
						{"origin": [14, 17, 2], "size": [1, 1, 1], "uv": [4, 0]},
						{"origin": [14, 16, 2], "size": [1, 1, 1], "uv": [4, 0]},
						{"origin": [4, 14, 2], "size": [1, 1, 1], "uv": [4, 0]},
						{"origin": [5, 13, 2], "size": [1, 1, 1], "uv": [4, 0]},
						{"origin": [1, 17, 2], "size": [1, 1, 1], "uv": [0, 0]},
						{"origin": [1, 16, 2], "size": [1, 1, 1], "uv": [0, 0]},
						{"origin": [2, 16, 2], "size": [1, 1, 1], "uv": [0, 0]},
						{"origin": [2, 15, 2], "size": [1, 1, 1], "uv": [0, 0]},
						{"origin": [2, 14, 2], "size": [1, 1, 1], "uv": [0, 0]},
						{"origin": [3, 14, 2], "size": [1, 1, 1], "uv": [0, 0]},
						{"origin": [3, 15, 2], "size": [1, 1, 1], "uv": [0, 0]},
						{"origin": [3, 13, 2], "size": [1, 1, 1], "uv": [0, 0]},
						{"origin": [4, 13, 2], "size": [1, 1, 1], "uv": [0, 0]},
						{"origin": [4, 12, 2], "size": [1, 1, 1], "uv": [0, 0]},
						{"origin": [5, 12, 2], "size": [1, 1, 1], "uv": [0, 0]},
						{"origin": [6, 13, 2], "size": [1, 1, 1], "uv": [0, 0]}
					]
				},
				{
					"name": "Wings2",
					"parent": "body",
					"pivot": [0, 24, 5],
					"rotation": [0, -175, 0],
					"cubes": [
						{"origin": [1, 18, 7], "size": [1, 1, 1], "uv": [0, 0]},
						{"origin": [2, 19, 7], "size": [1, 1, 1], "uv": [0, 0]},
						{"origin": [3, 19, 7], "size": [1, 1, 1], "uv": [0, 2]},
						{"origin": [3, 20, 7], "size": [1, 1, 1], "uv": [4, 2]},
						{"origin": [4, 21, 7], "size": [1, 1, 1], "uv": [4, 2]},
						{"origin": [4, 20, 7], "size": [1, 1, 1], "uv": [4, 2]},
						{"origin": [5, 22, 7], "size": [1, 1, 1], "uv": [4, 2]},
						{"origin": [6, 21, 7], "size": [1, 1, 1], "uv": [4, 2]},
						{"origin": [6, 23, 7], "size": [1, 1, 1], "uv": [4, 2]},
						{"origin": [6, 22, 7], "size": [1, 1, 1], "uv": [4, 4]},
						{"origin": [5, 21, 7], "size": [1, 1, 1], "uv": [4, 4]},
						{"origin": [9, 21, 7], "size": [1, 1, 1], "uv": [4, 4]},
						{"origin": [9, 20, 7], "size": [1, 1, 1], "uv": [4, 4]},
						{"origin": [10, 20, 7], "size": [1, 1, 1], "uv": [4, 4]},
						{"origin": [10, 19, 7], "size": [1, 1, 1], "uv": [4, 4]},
						{"origin": [10, 18, 7], "size": [1, 1, 1], "uv": [4, 4]},
						{"origin": [10, 17, 7], "size": [1, 1, 1], "uv": [4, 4]},
						{"origin": [10, 16, 7], "size": [1, 1, 1], "uv": [4, 4]},
						{"origin": [11, 16, 7], "size": [1, 1, 1], "uv": [4, 4]},
						{"origin": [11, 14, 7], "size": [1, 1, 1], "uv": [4, 4]},
						{"origin": [11, 13, 7], "size": [1, 1, 1], "uv": [4, 4]},
						{"origin": [11, 15, 7], "size": [1, 1, 1], "uv": [4, 4]},
						{"origin": [10, 15, 7], "size": [1, 1, 1], "uv": [4, 4]},
						{"origin": [9, 19, 7], "size": [1, 1, 1], "uv": [4, 4]},
						{"origin": [9, 18, 7], "size": [1, 1, 1], "uv": [4, 4]},
						{"origin": [9, 17, 7], "size": [1, 1, 1], "uv": [4, 4]},
						{"origin": [7, 22, 7], "size": [1, 1, 1], "uv": [4, 2]},
						{"origin": [8, 21, 7], "size": [1, 1, 1], "uv": [4, 2]},
						{"origin": [10, 21, 7], "size": [1, 1, 1], "uv": [4, 2]},
						{"origin": [10, 22, 7], "size": [1, 1, 1], "uv": [4, 2]},
						{"origin": [8, 20, 7], "size": [1, 1, 1], "uv": [4, 2]},
						{"origin": [8, 19, 7], "size": [1, 1, 1], "uv": [4, 2]},
						{"origin": [11, 19, 7], "size": [1, 1, 1], "uv": [4, 2]},
						{"origin": [11, 18, 7], "size": [1, 1, 1], "uv": [4, 2]},
						{"origin": [11, 17, 7], "size": [1, 1, 1], "uv": [4, 2]},
						{"origin": [12, 12, 7], "size": [1, 1, 1], "uv": [4, 2]},
						{"origin": [12, 13, 7], "size": [1, 1, 1], "uv": [4, 2]},
						{"origin": [9, 16, 7], "size": [1, 1, 1], "uv": [4, 2]},
						{"origin": [10, 14, 7], "size": [1, 1, 1], "uv": [4, 2]},
						{"origin": [7, 23, 7], "size": [1, 1, 1], "uv": [4, 2]},
						{"origin": [7, 24, 7], "size": [1, 1, 1], "uv": [0, 4]},
						{"origin": [7, 13, 7], "size": [1, 1, 1], "uv": [0, 4]},
						{"origin": [7, 14, 7], "size": [1, 1, 1], "uv": [0, 4]},
						{"origin": [7, 15, 7], "size": [1, 1, 1], "uv": [0, 4]},
						{"origin": [7, 17, 7], "size": [1, 1, 1], "uv": [0, 4]},
						{"origin": [7, 16, 7], "size": [1, 1, 1], "uv": [0, 4]},
						{"origin": [7, 18, 7], "size": [1, 1, 1], "uv": [0, 4]},
						{"origin": [8, 18, 7], "size": [1, 1, 1], "uv": [0, 4]},
						{"origin": [8, 17, 7], "size": [1, 1, 1], "uv": [0, 4]},
						{"origin": [8, 16, 7], "size": [1, 1, 1], "uv": [0, 4]},
						{"origin": [8, 15, 7], "size": [1, 1, 1], "uv": [0, 4]},
						{"origin": [9, 15, 7], "size": [1, 1, 1], "uv": [0, 4]},
						{"origin": [8, 14, 7], "size": [1, 1, 1], "uv": [0, 4]},
						{"origin": [9, 14, 7], "size": [1, 1, 1], "uv": [0, 4]},
						{"origin": [7, 19, 7], "size": [1, 1, 1], "uv": [0, 4]},
						{"origin": [7, 20, 7], "size": [1, 1, 1], "uv": [0, 4]},
						{"origin": [6, 20, 7], "size": [1, 1, 1], "uv": [0, 4]},
						{"origin": [5, 20, 7], "size": [1, 1, 1], "uv": [0, 4]},
						{"origin": [5, 18, 7], "size": [1, 1, 1], "uv": [0, 4]},
						{"origin": [5, 19, 7], "size": [1, 1, 1], "uv": [0, 4]},
						{"origin": [4, 19, 7], "size": [1, 1, 1], "uv": [0, 4]},
						{"origin": [6, 19, 7], "size": [1, 1, 1], "uv": [0, 4]},
						{"origin": [6, 17, 7], "size": [1, 1, 1], "uv": [0, 4]},
						{"origin": [6, 16, 7], "size": [1, 1, 1], "uv": [0, 4]},
						{"origin": [6, 18, 7], "size": [1, 1, 1], "uv": [0, 4]},
						{"origin": [7, 21, 7], "size": [1, 1, 1], "uv": [0, 4]},
						{"origin": [8, 22, 7], "size": [1, 1, 1], "uv": [0, 4]},
						{"origin": [9, 22, 7], "size": [1, 1, 1], "uv": [0, 4]},
						{"origin": [9, 23, 7], "size": [1, 1, 1], "uv": [0, 4]},
						{"origin": [10, 23, 7], "size": [1, 1, 1], "uv": [0, 4]},
						{"origin": [11, 23, 7], "size": [1, 1, 1], "uv": [0, 4]},
						{"origin": [12, 24, 7], "size": [1, 1, 1], "uv": [0, 4]},
						{"origin": [11, 22, 7], "size": [1, 1, 1], "uv": [0, 4]},
						{"origin": [11, 21, 7], "size": [1, 1, 1], "uv": [0, 4]},
						{"origin": [11, 20, 7], "size": [1, 1, 1], "uv": [0, 4]},
						{"origin": [12, 20, 7], "size": [1, 1, 1], "uv": [0, 4]},
						{"origin": [12, 19, 7], "size": [1, 1, 1], "uv": [0, 4]},
						{"origin": [12, 18, 7], "size": [1, 1, 1], "uv": [0, 4]},
						{"origin": [12, 17, 7], "size": [1, 1, 1], "uv": [0, 4]},
						{"origin": [12, 16, 7], "size": [1, 1, 1], "uv": [0, 4]},
						{"origin": [12, 15, 7], "size": [1, 1, 1], "uv": [0, 4]},
						{"origin": [12, 14, 7], "size": [1, 1, 1], "uv": [0, 4]},
						{"origin": [13, 14, 7], "size": [1, 1, 1], "uv": [0, 4]},
						{"origin": [13, 13, 7], "size": [1, 1, 1], "uv": [0, 4]},
						{"origin": [13, 12, 7], "size": [1, 1, 1], "uv": [0, 4]},
						{"origin": [13, 23, 7], "size": [1, 1, 1], "uv": [0, 4]},
						{"origin": [14, 22, 7], "size": [1, 1, 1], "uv": [0, 4]},
						{"origin": [15, 21, 7], "size": [1, 1, 1], "uv": [0, 4]},
						{"origin": [15, 20, 7], "size": [1, 1, 1], "uv": [0, 4]},
						{"origin": [16, 20, 7], "size": [1, 1, 1], "uv": [0, 4]},
						{"origin": [16, 19, 7], "size": [1, 1, 1], "uv": [0, 4]},
						{"origin": [17, 19, 7], "size": [1, 1, 1], "uv": [0, 4]},
						{"origin": [17, 18, 7], "size": [1, 1, 1], "uv": [0, 4]},
						{"origin": [18, 18, 7], "size": [1, 1, 1], "uv": [0, 4]},
						{"origin": [18, 17, 7], "size": [1, 1, 1], "uv": [0, 4]},
						{"origin": [19, 17, 7], "size": [1, 1, 1], "uv": [0, 4]},
						{"origin": [19, 16, 7], "size": [1, 1, 1], "uv": [0, 4]},
						{"origin": [20, 16, 7], "size": [1, 1, 1], "uv": [0, 4]},
						{"origin": [20, 15, 7], "size": [1, 1, 1], "uv": [0, 4]},
						{"origin": [21, 15, 7], "size": [1, 1, 1], "uv": [0, 4]},
						{"origin": [22, 14, 7], "size": [1, 1, 1], "uv": [0, 4]},
						{"origin": [23, 13, 7], "size": [1, 1, 1], "uv": [0, 4]},
						{"origin": [25, 13, 7], "size": [1, 1, 1], "uv": [0, 4]},
						{"origin": [25, 12, 7], "size": [1, 1, 1], "uv": [0, 4]},
						{"origin": [26, 12, 7], "size": [1, 1, 1], "uv": [0, 4]},
						{"origin": [27, 11, 7], "size": [1, 1, 1], "uv": [0, 4]},
						{"origin": [28, 10, 7], "size": [1, 1, 1], "uv": [0, 4]},
						{"origin": [24, 13, 7], "size": [1, 1, 1], "uv": [0, 4]},
						{"origin": [24, 14, 7], "size": [1, 1, 1], "uv": [0, 4]},
						{"origin": [22, 16, 7], "size": [1, 1, 1], "uv": [0, 4]},
						{"origin": [22, 17, 7], "size": [1, 1, 1], "uv": [0, 4]},
						{"origin": [21, 17, 7], "size": [1, 1, 1], "uv": [0, 4]},
						{"origin": [21, 18, 7], "size": [1, 1, 1], "uv": [0, 4]},
						{"origin": [23, 16, 7], "size": [1, 1, 1], "uv": [0, 4]},
						{"origin": [23, 15, 7], "size": [1, 1, 1], "uv": [0, 4]},
						{"origin": [10, 24, 7], "size": [1, 1, 1], "uv": [0, 4]},
						{"origin": [11, 25, 7], "size": [1, 1, 1], "uv": [0, 4]},
						{"origin": [8, 13, 7], "size": [1, 1, 1], "uv": [0, 4]},
						{"origin": [9, 13, 7], "size": [1, 1, 1], "uv": [0, 4]},
						{"origin": [10, 13, 7], "size": [1, 1, 1], "uv": [0, 4]},
						{"origin": [10, 12, 7], "size": [1, 1, 1], "uv": [0, 4]},
						{"origin": [11, 12, 7], "size": [1, 1, 1], "uv": [0, 4]},
						{"origin": [13, 11, 7], "size": [1, 1, 1], "uv": [0, 4]},
						{"origin": [13, 10, 7], "size": [1, 1, 1], "uv": [0, 4]},
						{"origin": [12, 11, 7], "size": [1, 1, 1], "uv": [0, 4]},
						{"origin": [8, 25, 7], "size": [1, 1, 1], "uv": [0, 4]},
						{"origin": [9, 26, 7], "size": [1, 1, 1], "uv": [0, 4]},
						{"origin": [10, 27, 7], "size": [1, 1, 1], "uv": [0, 4]},
						{"origin": [11, 27, 7], "size": [1, 1, 1], "uv": [0, 4]},
						{"origin": [12, 27, 7], "size": [1, 1, 1], "uv": [0, 4]},
						{"origin": [13, 26, 7], "size": [1, 1, 1], "uv": [0, 4]},
						{"origin": [14, 26, 7], "size": [1, 1, 1], "uv": [0, 4]},
						{"origin": [15, 25, 7], "size": [1, 1, 1], "uv": [0, 4]},
						{"origin": [15, 24, 7], "size": [1, 1, 1], "uv": [0, 4]},
						{"origin": [16, 24, 7], "size": [1, 1, 1], "uv": [0, 4]},
						{"origin": [16, 23, 7], "size": [1, 1, 1], "uv": [0, 4]},
						{"origin": [17, 22, 7], "size": [1, 1, 1], "uv": [0, 4]},
						{"origin": [18, 21, 7], "size": [1, 1, 1], "uv": [0, 4]},
						{"origin": [18, 20, 7], "size": [1, 1, 1], "uv": [4, 2]},
						{"origin": [19, 20, 7], "size": [1, 1, 1], "uv": [0, 4]},
						{"origin": [20, 19, 7], "size": [1, 1, 1], "uv": [0, 4]},
						{"origin": [19, 19, 7], "size": [1, 1, 1], "uv": [4, 2]},
						{"origin": [20, 18, 7], "size": [1, 1, 1], "uv": [4, 2]},
						{"origin": [20, 17, 7], "size": [1, 1, 1], "uv": [4, 2]},
						{"origin": [21, 16, 7], "size": [1, 1, 1], "uv": [4, 2]},
						{"origin": [22, 15, 7], "size": [1, 1, 1], "uv": [4, 2]},
						{"origin": [23, 14, 7], "size": [1, 1, 1], "uv": [4, 2]},
						{"origin": [12, 28, 7], "size": [1, 1, 1], "uv": [0, 4]},
						{"origin": [8, 26, 7], "size": [1, 1, 1], "uv": [0, 0]},
						{"origin": [9, 27, 7], "size": [1, 1, 1], "uv": [0, 0]},
						{"origin": [10, 28, 7], "size": [1, 1, 1], "uv": [0, 0]},
						{"origin": [13, 28, 7], "size": [1, 1, 1], "uv": [0, 0]},
						{"origin": [14, 27, 7], "size": [1, 1, 1], "uv": [0, 0]},
						{"origin": [14, 9, 7], "size": [1, 1, 1], "uv": [0, 0]},
						{"origin": [14, 10, 7], "size": [1, 1, 1], "uv": [0, 0]},
						{"origin": [14, 11, 7], "size": [1, 1, 1], "uv": [0, 0]},
						{"origin": [15, 12, 7], "size": [1, 1, 1], "uv": [0, 0]},
						{"origin": [15, 13, 7], "size": [1, 1, 1], "uv": [0, 0]},
						{"origin": [16, 14, 7], "size": [1, 1, 1], "uv": [0, 0]},
						{"origin": [19, 14, 7], "size": [1, 1, 1], "uv": [0, 0]},
						{"origin": [21, 13, 7], "size": [1, 1, 1], "uv": [0, 0]},
						{"origin": [23, 12, 7], "size": [1, 1, 1], "uv": [0, 0]},
						{"origin": [25, 11, 7], "size": [1, 1, 1], "uv": [0, 0]},
						{"origin": [27, 10, 7], "size": [1, 1, 1], "uv": [0, 0]},
						{"origin": [15, 26, 7], "size": [1, 1, 1], "uv": [0, 0]},
						{"origin": [16, 25, 7], "size": [1, 1, 1], "uv": [0, 0]},
						{"origin": [17, 24, 7], "size": [1, 1, 1], "uv": [0, 0]},
						{"origin": [18, 23, 7], "size": [1, 1, 1], "uv": [0, 0]},
						{"origin": [19, 22, 7], "size": [1, 1, 1], "uv": [0, 0]},
						{"origin": [20, 21, 7], "size": [1, 1, 1], "uv": [0, 0]},
						{"origin": [21, 20, 7], "size": [1, 1, 1], "uv": [0, 0]},
						{"origin": [21, 19, 7], "size": [1, 1, 1], "uv": [0, 0]},
						{"origin": [22, 18, 7], "size": [1, 1, 1], "uv": [0, 0]},
						{"origin": [23, 17, 7], "size": [1, 1, 1], "uv": [0, 0]},
						{"origin": [24, 16, 7], "size": [1, 1, 1], "uv": [0, 0]},
						{"origin": [25, 15, 7], "size": [1, 1, 1], "uv": [0, 0]},
						{"origin": [26, 14, 7], "size": [1, 1, 1], "uv": [0, 0]},
						{"origin": [27, 13, 7], "size": [1, 1, 1], "uv": [0, 0]},
						{"origin": [28, 12, 7], "size": [1, 1, 1], "uv": [0, 0]},
						{"origin": [29, 10, 7], "size": [1, 1, 1], "uv": [0, 0]},
						{"origin": [29, 11, 7], "size": [1, 1, 1], "uv": [0, 0]},
						{"origin": [29, 9, 7], "size": [1, 1, 1], "uv": [0, 0]},
						{"origin": [11, 28, 7], "size": [1, 1, 1], "uv": [0, 6]},
						{"origin": [11, 29, 7], "size": [1, 1, 1], "uv": [0, 6]},
						{"origin": [10, 30, 7], "size": [1, 1, 1], "uv": [0, 6]},
						{"origin": [8, 24, 7], "size": [1, 1, 1], "uv": [4, 2]},
						{"origin": [8, 23, 7], "size": [1, 1, 1], "uv": [4, 2]},
						{"origin": [9, 25, 7], "size": [1, 1, 1], "uv": [4, 2]},
						{"origin": [9, 24, 7], "size": [1, 1, 1], "uv": [4, 2]},
						{"origin": [10, 26, 7], "size": [1, 1, 1], "uv": [4, 2]},
						{"origin": [10, 25, 7], "size": [1, 1, 1], "uv": [4, 2]},
						{"origin": [11, 26, 7], "size": [1, 1, 1], "uv": [4, 2]},
						{"origin": [12, 26, 7], "size": [1, 1, 1], "uv": [4, 2]},
						{"origin": [12, 29, 7], "size": [1, 1, 1], "uv": [0, 2]},
						{"origin": [11, 30, 7], "size": [1, 1, 1], "uv": [0, 2]},
						{"origin": [10, 31, 7], "size": [1, 1, 1], "uv": [0, 2]},
						{"origin": [9, 31, 7], "size": [1, 1, 1], "uv": [0, 2]},
						{"origin": [10, 29, 7], "size": [1, 1, 1], "uv": [0, 2]},
						{"origin": [12, 25, 7], "size": [1, 1, 1], "uv": [4, 2]},
						{"origin": [13, 25, 7], "size": [1, 1, 1], "uv": [4, 4]},
						{"origin": [14, 24, 7], "size": [1, 1, 1], "uv": [4, 4]},
						{"origin": [15, 23, 7], "size": [1, 1, 1], "uv": [4, 4]},
						{"origin": [16, 22, 7], "size": [1, 1, 1], "uv": [4, 4]},
						{"origin": [17, 21, 7], "size": [1, 1, 1], "uv": [4, 4]},
						{"origin": [17, 20, 7], "size": [1, 1, 1], "uv": [4, 4]},
						{"origin": [18, 19, 7], "size": [1, 1, 1], "uv": [4, 4]},
						{"origin": [19, 18, 7], "size": [1, 1, 1], "uv": [4, 4]},
						{"origin": [14, 25, 7], "size": [1, 1, 1], "uv": [4, 2]},
						{"origin": [13, 24, 7], "size": [1, 1, 1], "uv": [4, 2]},
						{"origin": [14, 23, 7], "size": [1, 1, 1], "uv": [4, 2]},
						{"origin": [15, 22, 7], "size": [1, 1, 1], "uv": [4, 2]},
						{"origin": [16, 21, 7], "size": [1, 1, 1], "uv": [4, 2]},
						{"origin": [4, 18, 7], "size": [1, 1, 1], "uv": [0, 2]},
						{"origin": [11, 24, 7], "size": [1, 1, 1], "uv": [0, 2]},
						{"origin": [12, 23, 7], "size": [1, 1, 1], "uv": [0, 2]},
						{"origin": [12, 22, 7], "size": [1, 1, 1], "uv": [0, 2]},
						{"origin": [12, 21, 7], "size": [1, 1, 1], "uv": [0, 2]},
						{"origin": [14, 21, 7], "size": [1, 1, 1], "uv": [0, 2]},
						{"origin": [17, 23, 7], "size": [1, 1, 1], "uv": [0, 2]},
						{"origin": [18, 22, 7], "size": [1, 1, 1], "uv": [0, 2]},
						{"origin": [19, 21, 7], "size": [1, 1, 1], "uv": [0, 2]},
						{"origin": [20, 20, 7], "size": [1, 1, 1], "uv": [0, 2]},
						{"origin": [28, 11, 7], "size": [1, 1, 1], "uv": [0, 2]},
						{"origin": [27, 12, 7], "size": [1, 1, 1], "uv": [0, 2]},
						{"origin": [26, 13, 7], "size": [1, 1, 1], "uv": [0, 2]},
						{"origin": [26, 11, 7], "size": [1, 1, 1], "uv": [0, 2]},
						{"origin": [25, 14, 7], "size": [1, 1, 1], "uv": [0, 2]},
						{"origin": [24, 15, 7], "size": [1, 1, 1], "uv": [0, 2]},
						{"origin": [24, 12, 7], "size": [1, 1, 1], "uv": [0, 2]},
						{"origin": [14, 20, 7], "size": [1, 1, 1], "uv": [0, 2]},
						{"origin": [15, 19, 7], "size": [1, 1, 1], "uv": [0, 2]},
						{"origin": [16, 18, 7], "size": [1, 1, 1], "uv": [0, 2]},
						{"origin": [16, 17, 7], "size": [1, 1, 1], "uv": [0, 2]},
						{"origin": [17, 17, 7], "size": [1, 1, 1], "uv": [0, 2]},
						{"origin": [17, 16, 7], "size": [1, 1, 1], "uv": [0, 2]},
						{"origin": [18, 16, 7], "size": [1, 1, 1], "uv": [0, 2]},
						{"origin": [18, 15, 7], "size": [1, 1, 1], "uv": [0, 2]},
						{"origin": [19, 15, 7], "size": [1, 1, 1], "uv": [0, 2]},
						{"origin": [20, 14, 7], "size": [1, 1, 1], "uv": [0, 2]},
						{"origin": [21, 14, 7], "size": [1, 1, 1], "uv": [0, 2]},
						{"origin": [22, 13, 7], "size": [1, 1, 1], "uv": [0, 2]},
						{"origin": [13, 22, 7], "size": [1, 1, 1], "uv": [0, 2]},
						{"origin": [13, 20, 7], "size": [1, 1, 1], "uv": [0, 2]},
						{"origin": [13, 19, 7], "size": [1, 1, 1], "uv": [0, 2]},
						{"origin": [13, 18, 7], "size": [1, 1, 1], "uv": [0, 2]},
						{"origin": [13, 17, 7], "size": [1, 1, 1], "uv": [0, 2]},
						{"origin": [13, 16, 7], "size": [1, 1, 1], "uv": [0, 2]},
						{"origin": [13, 15, 7], "size": [1, 1, 1], "uv": [0, 2]},
						{"origin": [14, 15, 7], "size": [1, 1, 1], "uv": [0, 2]},
						{"origin": [14, 14, 7], "size": [1, 1, 1], "uv": [0, 2]},
						{"origin": [14, 13, 7], "size": [1, 1, 1], "uv": [0, 2]},
						{"origin": [14, 12, 7], "size": [1, 1, 1], "uv": [0, 2]},
						{"origin": [13, 27, 7], "size": [1, 1, 1], "uv": [0, 2]},
						{"origin": [5, 17, 7], "size": [1, 1, 1], "uv": [0, 2]},
						{"origin": [5, 16, 7], "size": [1, 1, 1], "uv": [0, 2]},
						{"origin": [6, 15, 7], "size": [1, 1, 1], "uv": [0, 2]},
						{"origin": [6, 14, 7], "size": [1, 1, 1], "uv": [0, 2]},
						{"origin": [5, 14, 7], "size": [1, 1, 1], "uv": [0, 2]},
						{"origin": [5, 15, 7], "size": [1, 1, 1], "uv": [0, 2]},
						{"origin": [4, 15, 7], "size": [1, 1, 1], "uv": [0, 2]},
						{"origin": [4, 16, 7], "size": [1, 1, 1], "uv": [0, 2]},
						{"origin": [4, 17, 7], "size": [1, 1, 1], "uv": [0, 2]},
						{"origin": [3, 17, 7], "size": [1, 1, 1], "uv": [0, 2]},
						{"origin": [3, 18, 7], "size": [1, 1, 1], "uv": [0, 2]},
						{"origin": [2, 18, 7], "size": [1, 1, 1], "uv": [4, 0]},
						{"origin": [2, 17, 7], "size": [1, 1, 1], "uv": [4, 0]},
						{"origin": [3, 16, 7], "size": [1, 1, 1], "uv": [4, 0]},
						{"origin": [13, 21, 7], "size": [1, 1, 1], "uv": [4, 0]},
						{"origin": [14, 19, 7], "size": [1, 1, 1], "uv": [4, 0]},
						{"origin": [14, 18, 7], "size": [1, 1, 1], "uv": [4, 0]},
						{"origin": [15, 18, 7], "size": [1, 1, 1], "uv": [4, 0]},
						{"origin": [15, 17, 7], "size": [1, 1, 1], "uv": [4, 0]},
						{"origin": [15, 16, 7], "size": [1, 1, 1], "uv": [4, 0]},
						{"origin": [15, 15, 7], "size": [1, 1, 1], "uv": [4, 0]},
						{"origin": [16, 15, 7], "size": [1, 1, 1], "uv": [4, 0]},
						{"origin": [16, 16, 7], "size": [1, 1, 1], "uv": [4, 0]},
						{"origin": [17, 15, 7], "size": [1, 1, 1], "uv": [4, 0]},
						{"origin": [15, 14, 7], "size": [1, 1, 1], "uv": [4, 0]},
						{"origin": [14, 17, 7], "size": [1, 1, 1], "uv": [4, 0]},
						{"origin": [14, 16, 7], "size": [1, 1, 1], "uv": [4, 0]},
						{"origin": [4, 14, 7], "size": [1, 1, 1], "uv": [4, 0]},
						{"origin": [5, 13, 7], "size": [1, 1, 1], "uv": [4, 0]},
						{"origin": [1, 17, 7], "size": [1, 1, 1], "uv": [0, 0]},
						{"origin": [1, 16, 7], "size": [1, 1, 1], "uv": [0, 0]},
						{"origin": [2, 16, 7], "size": [1, 1, 1], "uv": [0, 0]},
						{"origin": [2, 15, 7], "size": [1, 1, 1], "uv": [0, 0]},
						{"origin": [2, 14, 7], "size": [1, 1, 1], "uv": [0, 0]},
						{"origin": [3, 14, 7], "size": [1, 1, 1], "uv": [0, 0]},
						{"origin": [3, 15, 7], "size": [1, 1, 1], "uv": [0, 0]},
						{"origin": [3, 13, 7], "size": [1, 1, 1], "uv": [0, 0]},
						{"origin": [4, 13, 7], "size": [1, 1, 1], "uv": [0, 0]},
						{"origin": [4, 12, 7], "size": [1, 1, 1], "uv": [0, 0]},
						{"origin": [5, 12, 7], "size": [1, 1, 1], "uv": [0, 0]},
						{"origin": [6, 13, 7], "size": [1, 1, 1], "uv": [0, 0]}
					]
				},
				{
					"name": "head",
					"parent": "body",
					"pivot": [0, 24, 0],
					"cubes": [
						{"origin": [-4, 24, -4], "size": [8, 8, 8], "uv": [0, 0]}
					]
				},
				{
					"name": "hat",
					"parent": "head",
					"pivot": [0, 24, 0],
					"cubes": [
						{"origin": [-4, 24, -4], "size": [8, 8, 8], "inflate": 0.5, "uv": [32, 0]}
					]
				},
				{
					"name": "leftArm",
					"parent": "body",
					"pivot": [5, 22, 0],
					"cubes": [
						{"origin": [4, 12, -2], "size": [4, 12, 4], "uv": [32, 48]}
					]
				},
				{
					"name": "leftSleeve",
					"parent": "leftArm",
					"pivot": [5, 22, 0],
					"cubes": [
						{"origin": [4, 12, -2], "size": [4, 12, 4], "inflate": 0.25, "uv": [48, 48]}
					]
				},
				{
					"name": "leftItem",
					"parent": "leftArm",
					"pivot": [6, 15, 1]
				},
				{
					"name": "rightArm",
					"parent": "body",
					"pivot": [-5, 22, 0],
					"cubes": [
						{"origin": [-8, 12, -2], "size": [4, 12, 4], "uv": [40, 16]}
					]
				},
				{
					"name": "rightSleeve",
					"parent": "rightArm",
					"pivot": [-5, 22, 0],
					"cubes": [
						{"origin": [-8, 12, -2], "size": [4, 12, 4], "inflate": 0.25, "uv": [40, 32]}
					]
				},
				{
					"name": "rightItem",
					"parent": "rightArm",
					"pivot": [-6, 15, 1],
					"locators": {
						"lead_hold": [-6, 15, 1]
					}
				},
				{
					"name": "jacket",
					"parent": "body",
					"pivot": [0, 24, 0],
					"cubes": [
						{"origin": [-4, 12, -2], "size": [8, 12, 4], "inflate": 0.25, "uv": [16, 32]}
					]
				},
				{
					"name": "cape",
					"parent": "body",
					"pivot": [0, 2, -2],
					"rotation": [-50, 0, -180]
				},
				{
					"name": "leftLeg",
					"parent": "root",
					"pivot": [1.9, 12, 0],
					"cubes": [
						{"origin": [-0.1, 0, -2], "size": [4, 12, 4], "uv": [16, 48]}
					]
				},
				{
					"name": "leftPants",
					"parent": "leftLeg",
					"pivot": [1.9, 12, 0],
					"cubes": [
						{"origin": [-0.1, 0, -2], "size": [4, 12, 4], "inflate": 0.25, "uv": [0, 48]}
					]
				},
				{
					"name": "rightLeg",
					"parent": "root",
					"pivot": [-1.9, 12, 0],
					"cubes": [
						{"origin": [-3.9, 0, -2], "size": [4, 12, 4], "uv": [0, 16]}
					]
				},
				{
					"name": "rightPants",
					"parent": "rightLeg",
					"pivot": [-1.9, 12, 0],
					"cubes": [
						{"origin": [-3.9, 0, -2], "size": [4, 12, 4], "inflate": 0.25, "uv": [0, 32]}
					]
				}
			]
		}
	]
}