{
	"format_version": "1.12.0",
	"minecraft:geometry": [
		{
			"description": {
				"identifier": "geometry.robotic",
				"texture_width": 64,
				"texture_height": 64,
				"visible_bounds_width": 5,
				"visible_bounds_height": 3,
				"visible_bounds_offset": [0, 1.5, 0]
			},
			"bones": [
				{
					"name": "root",
					"pivot": [0, 0, 0]
				},
				{
					"name": "waist",
					"parent": "root",
					"pivot": [0, 12, 0]
				},
				{
					"name": "body",
					"parent": "waist",
					"pivot": [0, 24, 0],
					"cubes": [
						{"origin": [-4, 12, -2], "size": [8, 12, 4], "uv": [16, 16]}
					]
				},
				{
					"name": "Wings",
					"parent": "body",
					"pivot": [0, 2, -1],
					"rotation": [0, -2.5, 0],
					"cubes": [
						{"origin": [2, 21, 2], "size": [1, 1, 1], "uv": [0, 0]},
						{"origin": [3, 21, 2], "size": [1, 1, 1], "uv": [0, 2]},
						{"origin": [4, 21, 2], "size": [1, 1, 1], "uv": [0, 2]},
						{"origin": [4, 22, 2], "size": [1, 1, 1], "uv": [0, 2]},
						{"origin": [6, 22, 2], "size": [1, 1, 1], "uv": [0, 2]},
						{"origin": [6, 24, 2], "size": [1, 1, 1], "uv": [0, 2]},
						{"origin": [6, 25, 2], "size": [1, 1, 1], "uv": [0, 2]},
						{"origin": [7, 26, 2], "size": [1, 1, 1], "uv": [0, 2]},
						{"origin": [8, 27, 2], "size": [1, 1, 1], "uv": [0, 2]},
						{"origin": [5, 25, 2], "size": [1, 1, 1], "uv": [0, 2]},
						{"origin": [5, 26, 2], "size": [1, 1, 1], "uv": [0, 4]},
						{"origin": [6, 26, 2], "size": [1, 1, 1], "uv": [0, 4]},
						{"origin": [7, 27, 2], "size": [1, 1, 1], "uv": [0, 4]},
						{"origin": [8, 28, 2], "size": [1, 1, 1], "uv": [0, 4]},
						{"origin": [9, 28, 2], "size": [1, 1, 1], "uv": [0, 4]},
						{"origin": [10, 29, 2], "size": [1, 1, 1], "uv": [0, 4]},
						{"origin": [11, 29, 2], "size": [1, 1, 1], "uv": [4, 6]},
						{"origin": [12, 29, 2], "size": [1, 1, 1], "uv": [32, 0]},
						{"origin": [13, 29, 2], "size": [1, 1, 1], "uv": [0, 6]},
						{"origin": [13, 30, 2], "size": [1, 1, 1], "uv": [0, 6]},
						{"origin": [12, 30, 2], "size": [1, 1, 1], "uv": [0, 6]},
						{"origin": [13, 31, 2], "size": [1, 1, 1], "uv": [0, 6]},
						{"origin": [13, 21, 2], "size": [1, 1, 1], "uv": [0, 6]},
						{"origin": [12, 19, 2], "size": [1, 1, 1], "uv": [0, 6]},
						{"origin": [13, 16, 2], "size": [1, 1, 1], "uv": [0, 6]},
						{"origin": [14, 19, 2], "size": [1, 1, 1], "uv": [0, 6]},
						{"origin": [14, 20, 2], "size": [1, 1, 1], "uv": [0, 6]},
						{"origin": [15, 21, 2], "size": [1, 1, 1], "uv": [0, 6]},
						{"origin": [13, 18, 2], "size": [1, 1, 1], "uv": [0, 6]},
						{"origin": [13, 17, 2], "size": [1, 1, 1], "uv": [0, 6]},
						{"origin": [12, 28, 2], "size": [1, 1, 1], "uv": [32, 0]},
						{"origin": [13, 27, 2], "size": [1, 1, 1], "uv": [36, 0]},
						{"origin": [13, 26, 2], "size": [1, 1, 1], "uv": [36, 0]},
						{"origin": [13, 25, 2], "size": [1, 1, 1], "uv": [36, 0]},
						{"origin": [13, 14, 2], "size": [1, 1, 1], "uv": [36, 0]},
						{"origin": [12, 25, 2], "size": [1, 1, 1], "uv": [36, 0]},
						{"origin": [12, 24, 2], "size": [1, 1, 1], "uv": [36, 0]},
						{"origin": [13, 24, 2], "size": [1, 1, 1], "uv": [0, 6]},
						{"origin": [13, 23, 2], "size": [1, 1, 1], "uv": [0, 6]},
						{"origin": [12, 22, 2], "size": [1, 1, 1], "uv": [0, 6]},
						{"origin": [12, 21, 2], "size": [1, 1, 1], "uv": [0, 6]},
						{"origin": [12, 20, 2], "size": [1, 1, 1], "uv": [0, 6]},
						{"origin": [11, 19, 2], "size": [1, 1, 1], "uv": [0, 6]},
						{"origin": [15, 13, 2], "size": [1, 1, 1], "uv": [0, 6]},
						{"origin": [14, 13, 2], "size": [1, 1, 1], "uv": [0, 6]},
						{"origin": [13, 12, 2], "size": [1, 1, 1], "uv": [0, 6]},
						{"origin": [12, 11, 2], "size": [1, 1, 1], "uv": [0, 6]},
						{"origin": [11, 11, 2], "size": [1, 1, 1], "uv": [0, 6]},
						{"origin": [11, 9, 2], "size": [1, 1, 1], "uv": [0, 6]},
						{"origin": [12, 8, 2], "size": [1, 1, 1], "uv": [0, 6]},
						{"origin": [13, 7, 2], "size": [1, 1, 1], "uv": [0, 6]},
						{"origin": [12, 9, 2], "size": [1, 1, 1], "uv": [32, 0]},
						{"origin": [13, 8, 2], "size": [1, 1, 1], "uv": [32, 0]},
						{"origin": [14, 7, 2], "size": [1, 1, 1], "uv": [32, 0]},
						{"origin": [12, 7, 2], "size": [1, 1, 1], "uv": [32, 0]},
						{"origin": [11, 7, 2], "size": [1, 1, 1], "uv": [32, 0]},
						{"origin": [14, 6, 2], "size": [1, 1, 1], "uv": [32, 0]},
						{"origin": [15, 6, 2], "size": [1, 1, 1], "uv": [32, 0]},
						{"origin": [13, 10, 2], "size": [1, 1, 1], "uv": [32, 0]},
						{"origin": [11, 18, 2], "size": [1, 1, 1], "uv": [0, 6]},
						{"origin": [14, 27, 2], "size": [1, 1, 1], "uv": [0, 6]},
						{"origin": [12, 23, 2], "size": [1, 1, 1], "uv": [36, 0]},
						{"origin": [11, 6, 2], "size": [1, 1, 1], "uv": [0, 6]},
						{"origin": [12, 5, 2], "size": [1, 1, 1], "uv": [0, 6]},
						{"origin": [13, 4, 2], "size": [1, 1, 1], "uv": [0, 6]},
						{"origin": [11, 22, 2], "size": [1, 1, 1], "uv": [36, 0]},
						{"origin": [10, 22, 2], "size": [1, 1, 1], "uv": [36, 0]},
						{"origin": [11, 21, 2], "size": [1, 1, 1], "uv": [36, 0]},
						{"origin": [11, 4, 2], "size": [1, 1, 1], "uv": [36, 0]},
						{"origin": [11, 3, 2], "size": [1, 1, 1], "uv": [36, 2]},
						{"origin": [12, 3, 2], "size": [1, 1, 1], "uv": [36, 2]},
						{"origin": [14, 2, 2], "size": [1, 1, 1], "uv": [36, 2]},
						{"origin": [15, 2, 2], "size": [1, 1, 1], "uv": [36, 2]},
						{"origin": [16, 1, 2], "size": [1, 1, 1], "uv": [36, 2]},
						{"origin": [17, 0, 2], "size": [1, 1, 1], "uv": [36, 2]},
						{"origin": [18, 0, 2], "size": [1, 1, 1], "uv": [36, 2]},
						{"origin": [19, 0, 2], "size": [1, 1, 1], "uv": [36, 2]},
						{"origin": [19, 1, 2], "size": [1, 1, 1], "uv": [36, 2]},
						{"origin": [18, 2, 2], "size": [1, 1, 1], "uv": [36, 2]},
						{"origin": [17, 3, 2], "size": [1, 1, 1], "uv": [36, 2]},
						{"origin": [17, 4, 2], "size": [1, 1, 1], "uv": [36, 2]},
						{"origin": [17, 5, 2], "size": [1, 1, 1], "uv": [36, 2]},
						{"origin": [16, 6, 2], "size": [1, 1, 1], "uv": [36, 2]},
						{"origin": [16, 7, 2], "size": [1, 1, 1], "uv": [36, 2]},
						{"origin": [16, 8, 2], "size": [1, 1, 1], "uv": [36, 2]},
						{"origin": [15, 9, 2], "size": [1, 1, 1], "uv": [36, 2]},
						{"origin": [14, 10, 2], "size": [1, 1, 1], "uv": [36, 2]},
						{"origin": [15, 11, 2], "size": [1, 1, 1], "uv": [36, 2]},
						{"origin": [15, 11, 2], "size": [1, 1, 1], "uv": [36, 2]},
						{"origin": [16, 11, 2], "size": [1, 1, 1], "uv": [36, 2]},
						{"origin": [17, 12, 2], "size": [1, 1, 1], "uv": [36, 2]},
						{"origin": [18, 12, 2], "size": [1, 1, 1], "uv": [36, 2]},
						{"origin": [19, 13, 2], "size": [1, 1, 1], "uv": [36, 2]},
						{"origin": [20, 13, 2], "size": [1, 1, 1], "uv": [36, 2]},
						{"origin": [21, 13, 2], "size": [1, 1, 1], "uv": [36, 2]},
						{"origin": [22, 14, 2], "size": [1, 1, 1], "uv": [36, 2]},
						{"origin": [23, 14, 2], "size": [1, 1, 1], "uv": [36, 2]},
						{"origin": [24, 15, 2], "size": [1, 1, 1], "uv": [36, 2]},
						{"origin": [22, 16, 2], "size": [1, 1, 1], "uv": [36, 2]},
						{"origin": [21, 16, 2], "size": [1, 1, 1], "uv": [36, 2]},
						{"origin": [20, 16, 2], "size": [1, 1, 1], "uv": [36, 2]},
						{"origin": [19, 17, 2], "size": [1, 1, 1], "uv": [36, 2]},
						{"origin": [18, 17, 2], "size": [1, 1, 1], "uv": [36, 2]},
						{"origin": [17, 17, 2], "size": [1, 1, 1], "uv": [36, 2]},
						{"origin": [16, 18, 2], "size": [1, 1, 1], "uv": [36, 2]},
						{"origin": [17, 20, 2], "size": [1, 1, 1], "uv": [36, 2]},
						{"origin": [17, 21, 2], "size": [1, 1, 1], "uv": [36, 2]},
						{"origin": [18, 22, 2], "size": [1, 1, 1], "uv": [36, 2]},
						{"origin": [19, 23, 2], "size": [1, 1, 1], "uv": [36, 2]},
						{"origin": [19, 24, 2], "size": [1, 1, 1], "uv": [36, 2]},
						{"origin": [20, 25, 2], "size": [1, 1, 1], "uv": [36, 2]},
						{"origin": [20, 26, 2], "size": [1, 1, 1], "uv": [36, 2]},
						{"origin": [21, 27, 2], "size": [1, 1, 1], "uv": [36, 2]},
						{"origin": [21, 28, 2], "size": [1, 1, 1], "uv": [36, 2]},
						{"origin": [22, 29, 2], "size": [1, 1, 1], "uv": [36, 2]},
						{"origin": [22, 30, 2], "size": [1, 1, 1], "uv": [36, 2]},
						{"origin": [22, 31, 2], "size": [1, 1, 1], "uv": [36, 2]},
						{"origin": [21, 31, 2], "size": [1, 1, 1], "uv": [36, 2]},
						{"origin": [20, 30, 2], "size": [1, 1, 1], "uv": [36, 2]},
						{"origin": [21, 30, 2], "size": [1, 1, 1], "uv": [32, 2]},
						{"origin": [21, 29, 2], "size": [1, 1, 1], "uv": [32, 2]},
						{"origin": [20, 29, 2], "size": [1, 1, 1], "uv": [32, 2]},
						{"origin": [20, 28, 2], "size": [1, 1, 1], "uv": [32, 2]},
						{"origin": [20, 27, 2], "size": [1, 1, 1], "uv": [32, 2]},
						{"origin": [19, 27, 2], "size": [1, 1, 1], "uv": [32, 2]},
						{"origin": [19, 28, 2], "size": [1, 1, 1], "uv": [32, 2]},
						{"origin": [19, 26, 2], "size": [1, 1, 1], "uv": [32, 2]},
						{"origin": [19, 25, 2], "size": [1, 1, 1], "uv": [32, 2]},
						{"origin": [18, 25, 2], "size": [1, 1, 1], "uv": [32, 2]},
						{"origin": [18, 26, 2], "size": [1, 1, 1], "uv": [32, 2]},
						{"origin": [18, 27, 2], "size": [1, 1, 1], "uv": [32, 2]},
						{"origin": [18, 24, 2], "size": [1, 1, 1], "uv": [32, 2]},
						{"origin": [18, 23, 2], "size": [1, 1, 1], "uv": [32, 2]},
						{"origin": [17, 23, 2], "size": [1, 1, 1], "uv": [32, 2]},
						{"origin": [17, 22, 2], "size": [1, 1, 1], "uv": [32, 2]},
						{"origin": [17, 24, 2], "size": [1, 1, 1], "uv": [32, 2]},
						{"origin": [17, 25, 2], "size": [1, 1, 1], "uv": [32, 2]},
						{"origin": [17, 26, 2], "size": [1, 1, 1], "uv": [32, 2]},
						{"origin": [16, 25, 2], "size": [1, 1, 1], "uv": [32, 2]},
						{"origin": [16, 24, 2], "size": [1, 1, 1], "uv": [32, 2]},
						{"origin": [16, 23, 2], "size": [1, 1, 1], "uv": [32, 2]},
						{"origin": [16, 22, 2], "size": [1, 1, 1], "uv": [32, 2]},
						{"origin": [16, 21, 2], "size": [1, 1, 1], "uv": [32, 2]},
						{"origin": [16, 20, 2], "size": [1, 1, 1], "uv": [32, 2]},
						{"origin": [16, 19, 2], "size": [1, 1, 1], "uv": [32, 2]},
						{"origin": [15, 19, 2], "size": [1, 1, 1], "uv": [32, 2]},
						{"origin": [15, 17, 2], "size": [1, 1, 1], "uv": [32, 2]},
						{"origin": [14, 17, 2], "size": [1, 1, 1], "uv": [32, 2]},
						{"origin": [16, 17, 2], "size": [1, 1, 1], "uv": [32, 2]},
						{"origin": [14, 15, 2], "size": [1, 1, 1], "uv": [32, 2]},
						{"origin": [14, 16, 2], "size": [1, 1, 1], "uv": [32, 2]},
						{"origin": [14, 14, 2], "size": [1, 1, 1], "uv": [32, 2]},
						{"origin": [15, 14, 2], "size": [1, 1, 1], "uv": [32, 2]},
						{"origin": [15, 15, 2], "size": [1, 1, 1], "uv": [32, 2]},
						{"origin": [15, 16, 2], "size": [1, 1, 1], "uv": [32, 2]},
						{"origin": [16, 16, 2], "size": [1, 1, 1], "uv": [32, 2]},
						{"origin": [16, 15, 2], "size": [1, 1, 1], "uv": [32, 2]},
						{"origin": [17, 16, 2], "size": [1, 1, 1], "uv": [32, 2]},
						{"origin": [18, 16, 2], "size": [1, 1, 1], "uv": [32, 2]},
						{"origin": [19, 16, 2], "size": [1, 1, 1], "uv": [32, 2]},
						{"origin": [19, 15, 2], "size": [1, 1, 1], "uv": [32, 2]},
						{"origin": [19, 14, 2], "size": [1, 1, 1], "uv": [32, 2]},
						{"origin": [18, 14, 2], "size": [1, 1, 1], "uv": [32, 2]},
						{"origin": [18, 15, 2], "size": [1, 1, 1], "uv": [32, 2]},
						{"origin": [18, 13, 2], "size": [1, 1, 1], "uv": [32, 2]},
						{"origin": [17, 13, 2], "size": [1, 1, 1], "uv": [32, 2]},
						{"origin": [17, 15, 2], "size": [1, 1, 1], "uv": [32, 2]},
						{"origin": [20, 15, 2], "size": [1, 1, 1], "uv": [32, 2]},
						{"origin": [21, 15, 2], "size": [1, 1, 1], "uv": [32, 2]},
						{"origin": [22, 15, 2], "size": [1, 1, 1], "uv": [32, 2]},
						{"origin": [23, 15, 2], "size": [1, 1, 1], "uv": [32, 2]},
						{"origin": [21, 14, 2], "size": [1, 1, 1], "uv": [32, 2]},
						{"origin": [20, 14, 2], "size": [1, 1, 1], "uv": [32, 2]},
						{"origin": [17, 14, 2], "size": [1, 1, 1], "uv": [32, 2]},
						{"origin": [16, 14, 2], "size": [1, 1, 1], "uv": [32, 2]},
						{"origin": [16, 12, 2], "size": [1, 1, 1], "uv": [32, 2]},
						{"origin": [16, 13, 2], "size": [1, 1, 1], "uv": [32, 2]},
						{"origin": [15, 12, 2], "size": [1, 1, 1], "uv": [32, 2]},
						{"origin": [14, 12, 2], "size": [1, 1, 1], "uv": [32, 2]},
						{"origin": [14, 11, 2], "size": [1, 1, 1], "uv": [32, 2]},
						{"origin": [13, 11, 2], "size": [1, 1, 1], "uv": [32, 2]},
						{"origin": [13, 9, 2], "size": [1, 1, 1], "uv": [32, 2]},
						{"origin": [14, 9, 2], "size": [1, 1, 1], "uv": [32, 2]},
						{"origin": [14, 8, 2], "size": [1, 1, 1], "uv": [32, 2]},
						{"origin": [15, 8, 2], "size": [1, 1, 1], "uv": [32, 2]},
						{"origin": [15, 7, 2], "size": [1, 1, 1], "uv": [32, 2]},
						{"origin": [15, 5, 2], "size": [1, 1, 1], "uv": [32, 2]},
						{"origin": [16, 5, 2], "size": [1, 1, 1], "uv": [32, 2]},
						{"origin": [16, 3, 2], "size": [1, 1, 1], "uv": [32, 2]},
						{"origin": [16, 4, 2], "size": [1, 1, 1], "uv": [32, 2]},
						{"origin": [16, 2, 2], "size": [1, 1, 1], "uv": [32, 2]},
						{"origin": [17, 2, 2], "size": [1, 1, 1], "uv": [32, 2]},
						{"origin": [17, 1, 2], "size": [1, 1, 1], "uv": [32, 2]},
						{"origin": [18, 1, 2], "size": [1, 1, 1], "uv": [32, 2]},
						{"origin": [15, 3, 2], "size": [1, 1, 1], "uv": [32, 2]},
						{"origin": [15, 4, 2], "size": [1, 1, 1], "uv": [32, 2]},
						{"origin": [14, 4, 2], "size": [1, 1, 1], "uv": [32, 2]},
						{"origin": [14, 5, 2], "size": [1, 1, 1], "uv": [32, 2]},
						{"origin": [14, 3, 2], "size": [1, 1, 1], "uv": [32, 2]},
						{"origin": [13, 3, 2], "size": [1, 1, 1], "uv": [32, 2]},
						{"origin": [13, 5, 2], "size": [1, 1, 1], "uv": [32, 2]},
						{"origin": [13, 6, 2], "size": [1, 1, 1], "uv": [32, 2]},
						{"origin": [12, 6, 2], "size": [1, 1, 1], "uv": [32, 2]},
						{"origin": [15, 20, 2], "size": [1, 1, 1], "uv": [32, 2]},
						{"origin": [15, 22, 2], "size": [1, 1, 1], "uv": [32, 2]},
						{"origin": [15, 23, 2], "size": [1, 1, 1], "uv": [32, 2]},
						{"origin": [15, 24, 2], "size": [1, 1, 1], "uv": [32, 2]},
						{"origin": [14, 23, 2], "size": [1, 1, 1], "uv": [32, 2]},
						{"origin": [14, 22, 2], "size": [1, 1, 1], "uv": [32, 2]},
						{"origin": [13, 22, 2], "size": [1, 1, 1], "uv": [32, 2]},
						{"origin": [19, 29, 2], "size": [1, 1, 1], "uv": [36, 2]},
						{"origin": [18, 28, 2], "size": [1, 1, 1], "uv": [36, 2]},
						{"origin": [17, 27, 2], "size": [1, 1, 1], "uv": [36, 2]},
						{"origin": [16, 26, 2], "size": [1, 1, 1], "uv": [36, 2]},
						{"origin": [15, 25, 2], "size": [1, 1, 1], "uv": [36, 2]},
						{"origin": [14, 24, 2], "size": [1, 1, 1], "uv": [36, 2]},
						{"origin": [15, 18, 2], "size": [1, 1, 1], "uv": [36, 2]},
						{"origin": [14, 18, 2], "size": [1, 1, 1], "uv": [36, 2]},
						{"origin": [12, 4, 2], "size": [1, 1, 1], "uv": [36, 0]},
						{"origin": [10, 5, 2], "size": [1, 1, 1], "uv": [36, 0]},
						{"origin": [9, 5, 2], "size": [1, 1, 1], "uv": [36, 0]},
						{"origin": [8, 6, 2], "size": [1, 1, 1], "uv": [36, 0]},
						{"origin": [14, 28, 2], "size": [1, 1, 1], "uv": [36, 0]},
						{"origin": [13, 28, 2], "size": [1, 1, 1], "uv": [4, 6]},
						{"origin": [13, 13, 2], "size": [1, 1, 1], "uv": [4, 6]},
						{"origin": [12, 12, 2], "size": [1, 1, 1], "uv": [4, 6]},
						{"origin": [11, 13, 2], "size": [1, 1, 1], "uv": [4, 6]},
						{"origin": [10, 13, 2], "size": [1, 1, 1], "uv": [4, 6]},
						{"origin": [15, 29, 2], "size": [1, 1, 1], "uv": [4, 6]},
						{"origin": [12, 27, 2], "size": [1, 1, 1], "uv": [4, 6]},
						{"origin": [12, 26, 2], "size": [1, 1, 1], "uv": [4, 6]},
						{"origin": [11, 25, 2], "size": [1, 1, 1], "uv": [4, 6]},
						{"origin": [10, 23, 2], "size": [1, 1, 1], "uv": [4, 6]},
						{"origin": [9, 22, 2], "size": [1, 1, 1], "uv": [4, 6]},
						{"origin": [9, 7, 2], "size": [1, 1, 1], "uv": [4, 6]},
						{"origin": [10, 8, 2], "size": [1, 1, 1], "uv": [4, 6]},
						{"origin": [10, 6, 2], "size": [1, 1, 1], "uv": [4, 6]},
						{"origin": [11, 27, 2], "size": [1, 1, 1], "uv": [32, 0]},
						{"origin": [11, 26, 2], "size": [1, 1, 1], "uv": [32, 0]},
						{"origin": [11, 16, 2], "size": [1, 1, 1], "uv": [32, 0]},
						{"origin": [11, 17, 2], "size": [1, 1, 1], "uv": [32, 0]},
						{"origin": [12, 10, 2], "size": [1, 1, 1], "uv": [28, 0]},
						{"origin": [12, 17, 2], "size": [1, 1, 1], "uv": [32, 0]},
						{"origin": [12, 16, 2], "size": [1, 1, 1], "uv": [32, 0]},
						{"origin": [12, 18, 2], "size": [1, 1, 1], "uv": [32, 0]},
						{"origin": [13, 19, 2], "size": [1, 1, 1], "uv": [32, 0]},
						{"origin": [13, 20, 2], "size": [1, 1, 1], "uv": [32, 0]},
						{"origin": [14, 21, 2], "size": [1, 1, 1], "uv": [32, 0]},
						{"origin": [5, 24, 2], "size": [1, 1, 1], "uv": [0, 2]},
						{"origin": [5, 23, 2], "size": [1, 1, 1], "uv": [0, 2]},
						{"origin": [4, 20, 2], "size": [1, 1, 1], "uv": [0, 2]},
						{"origin": [4, 19, 2], "size": [1, 1, 1], "uv": [0, 2]},
						{"origin": [9, 19, 2], "size": [1, 1, 1], "uv": [0, 2]},
						{"origin": [9, 18, 2], "size": [1, 1, 1], "uv": [0, 2]},
						{"origin": [8, 20, 2], "size": [1, 1, 1], "uv": [0, 2]},
						{"origin": [7, 18, 2], "size": [1, 1, 1], "uv": [0, 2]},
						{"origin": [7, 17, 2], "size": [1, 1, 1], "uv": [0, 2]},
						{"origin": [7, 16, 2], "size": [1, 1, 1], "uv": [0, 2]},
						{"origin": [6, 17, 2], "size": [1, 1, 1], "uv": [0, 2]},
						{"origin": [6, 12, 2], "size": [1, 1, 1], "uv": [0, 2]},
						{"origin": [3, 19, 2], "size": [1, 1, 1], "uv": [0, 2]},
						{"origin": [3, 20, 2], "size": [1, 1, 1], "uv": [0, 2]},
						{"origin": [3, 18, 2], "size": [1, 1, 1], "uv": [0, 2]},
						{"origin": [3, 17, 2], "size": [1, 1, 1], "uv": [0, 2]},
						{"origin": [4, 17, 2], "size": [1, 1, 1], "uv": [0, 2]},
						{"origin": [3, 16, 2], "size": [1, 1, 1], "uv": [0, 2]},
						{"origin": [6, 9, 2], "size": [1, 1, 1], "uv": [0, 2]},
						{"origin": [7, 9, 2], "size": [1, 1, 1], "uv": [0, 2]},
						{"origin": [3, 22, 2], "size": [1, 1, 1], "uv": [0, 0]},
						{"origin": [4, 23, 2], "size": [1, 1, 1], "uv": [0, 0]},
						{"origin": [4, 24, 2], "size": [1, 1, 1], "uv": [0, 0]},
						{"origin": [2, 20, 2], "size": [1, 1, 1], "uv": [0, 0]},
						{"origin": [2, 19, 2], "size": [1, 1, 1], "uv": [0, 0]},
						{"origin": [2, 18, 2], "size": [1, 1, 1], "uv": [0, 0]},
						{"origin": [2, 17, 2], "size": [1, 1, 1], "uv": [0, 0]},
						{"origin": [2, 16, 2], "size": [1, 1, 1], "uv": [0, 0]},
						{"origin": [2, 15, 2], "size": [1, 1, 1], "uv": [0, 0]},
						{"origin": [2, 14, 2], "size": [1, 1, 1], "uv": [4, 0]},
						{"origin": [2, 12, 2], "size": [1, 1, 1], "uv": [4, 0]},
						{"origin": [2, 11, 2], "size": [1, 1, 1], "uv": [4, 0]},
						{"origin": [3, 10, 2], "size": [1, 1, 1], "uv": [4, 0]},
						{"origin": [4, 9, 2], "size": [1, 1, 1], "uv": [4, 0]},
						{"origin": [3, 9, 2], "size": [1, 1, 1], "uv": [0, 4]},
						{"origin": [7, 8, 2], "size": [1, 1, 1], "uv": [4, 0]},
						{"origin": [8, 8, 2], "size": [1, 1, 1], "uv": [4, 0]},
						{"origin": [8, 9, 2], "size": [1, 1, 1], "uv": [4, 0]},
						{"origin": [9, 9, 2], "size": [1, 1, 1], "uv": [4, 0]},
						{"origin": [9, 10, 2], "size": [1, 1, 1], "uv": [4, 0]},
						{"origin": [9, 11, 2], "size": [1, 1, 1], "uv": [4, 0]},
						{"origin": [7, 11, 2], "size": [1, 1, 1], "uv": [4, 0]},
						{"origin": [7, 10, 2], "size": [1, 1, 1], "uv": [4, 0]},
						{"origin": [5, 10, 2], "size": [1, 1, 1], "uv": [4, 0]},
						{"origin": [5, 6, 2], "size": [1, 1, 1], "uv": [4, 0]},
						{"origin": [6, 10, 2], "size": [1, 1, 1], "uv": [4, 0]},
						{"origin": [5, 8, 2], "size": [1, 1, 1], "uv": [4, 2]},
						{"origin": [5, 7, 2], "size": [1, 1, 1], "uv": [4, 2]},
						{"origin": [6, 7, 2], "size": [1, 1, 1], "uv": [4, 2]},
						{"origin": [7, 7, 2], "size": [1, 1, 1], "uv": [4, 2]},
						{"origin": [8, 7, 2], "size": [1, 1, 1], "uv": [4, 2]},
						{"origin": [9, 8, 2], "size": [1, 1, 1], "uv": [4, 2]},
						{"origin": [10, 9, 2], "size": [1, 1, 1], "uv": [4, 2]},
						{"origin": [10, 10, 2], "size": [1, 1, 1], "uv": [4, 2]},
						{"origin": [10, 11, 2], "size": [1, 1, 1], "uv": [4, 2]},
						{"origin": [9, 12, 2], "size": [1, 1, 1], "uv": [4, 2]},
						{"origin": [9, 13, 2], "size": [1, 1, 1], "uv": [4, 2]},
						{"origin": [10, 14, 2], "size": [1, 1, 1], "uv": [4, 2]},
						{"origin": [11, 14, 2], "size": [1, 1, 1], "uv": [4, 2]},
						{"origin": [12, 14, 2], "size": [1, 1, 1], "uv": [4, 2]},
						{"origin": [13, 15, 2], "size": [1, 1, 1], "uv": [4, 2]},
						{"origin": [8, 13, 2], "size": [1, 1, 1], "uv": [4, 2]},
						{"origin": [8, 15, 2], "size": [1, 1, 1], "uv": [4, 2]},
						{"origin": [8, 16, 2], "size": [1, 1, 1], "uv": [4, 2]},
						{"origin": [8, 17, 2], "size": [1, 1, 1], "uv": [4, 2]},
						{"origin": [10, 17, 2], "size": [1, 1, 1], "uv": [4, 2]},
						{"origin": [10, 16, 2], "size": [1, 1, 1], "uv": [4, 2]},
						{"origin": [10, 18, 2], "size": [1, 1, 1], "uv": [4, 2]},
						{"origin": [10, 19, 2], "size": [1, 1, 1], "uv": [4, 2]},
						{"origin": [8, 12, 2], "size": [1, 1, 1], "uv": [4, 2]},
						{"origin": [8, 11, 2], "size": [1, 1, 1], "uv": [4, 2]},
						{"origin": [8, 10, 2], "size": [1, 1, 1], "uv": [4, 2]},
						{"origin": [7, 12, 2], "size": [1, 1, 1], "uv": [4, 2]},
						{"origin": [6, 11, 2], "size": [1, 1, 1], "uv": [4, 2]},
						{"origin": [5, 11, 2], "size": [1, 1, 1], "uv": [4, 2]},
						{"origin": [2, 13, 2], "size": [1, 1, 1], "uv": [4, 2]},
						{"origin": [3, 13, 2], "size": [1, 1, 1], "uv": [4, 2]},
						{"origin": [4, 13, 2], "size": [1, 1, 1], "uv": [4, 2]},
						{"origin": [5, 14, 2], "size": [1, 1, 1], "uv": [4, 2]},
						{"origin": [6, 15, 2], "size": [1, 1, 1], "uv": [4, 2]},
						{"origin": [6, 16, 2], "size": [1, 1, 1], "uv": [4, 2]},
						{"origin": [5, 17, 2], "size": [1, 1, 1], "uv": [4, 2]},
						{"origin": [5, 19, 2], "size": [1, 1, 1], "uv": [4, 2]},
						{"origin": [6, 20, 2], "size": [1, 1, 1], "uv": [4, 2]},
						{"origin": [7, 20, 2], "size": [1, 1, 1], "uv": [4, 4]},
						{"origin": [8, 19, 2], "size": [1, 1, 1], "uv": [4, 4]},
						{"origin": [7, 15, 2], "size": [1, 1, 1], "uv": [4, 4]},
						{"origin": [6, 14, 2], "size": [1, 1, 1], "uv": [4, 4]},
						{"origin": [6, 13, 2], "size": [1, 1, 1], "uv": [3, 4]},
						{"origin": [4, 12, 2], "size": [1, 1, 1], "uv": [3, 4]},
						{"origin": [3, 11, 2], "size": [1, 1, 1], "uv": [3, 4]},
						{"origin": [4, 8, 2], "size": [1, 1, 1], "uv": [0, 4]},
						{"origin": [4, 7, 2], "size": [1, 1, 1], "uv": [0, 4]},
						{"origin": [6, 21, 2], "size": [1, 1, 1], "uv": [4, 2]},
						{"origin": [8, 22, 2], "size": [1, 1, 1], "uv": [4, 2]},
						{"origin": [8, 23, 2], "size": [1, 1, 1], "uv": [4, 2]},
						{"origin": [9, 23, 2], "size": [1, 1, 1], "uv": [28, 0]},
						{"origin": [10, 24, 2], "size": [1, 1, 1], "uv": [28, 0]},
						{"origin": [11, 24, 2], "size": [1, 1, 1], "uv": [24, 0]},
						{"origin": [11, 23, 2], "size": [1, 1, 1], "uv": [24, 0]},
						{"origin": [10, 20, 2], "size": [1, 1, 1], "uv": [24, 0]},
						{"origin": [10, 21, 2], "size": [1, 1, 1], "uv": [24, 0]},
						{"origin": [9, 21, 2], "size": [1, 1, 1], "uv": [24, 0]},
						{"origin": [12, 13, 2], "size": [1, 1, 1], "uv": [24, 0]},
						{"origin": [11, 12, 2], "size": [1, 1, 1], "uv": [24, 0]},
						{"origin": [10, 12, 2], "size": [1, 1, 1], "uv": [24, 0]},
						{"origin": [11, 8, 2], "size": [1, 1, 1], "uv": [24, 0]},
						{"origin": [11, 5, 2], "size": [1, 1, 1], "uv": [24, 0]},
						{"origin": [9, 6, 2], "size": [1, 1, 1], "uv": [24, 0]},
						{"origin": [10, 7, 2], "size": [1, 1, 1], "uv": [24, 0]},
						{"origin": [11, 20, 2], "size": [1, 1, 1], "uv": [24, 0]},
						{"origin": [11, 10, 2], "size": [1, 1, 1], "uv": [28, 0]},
						{"origin": [10, 25, 2], "size": [1, 1, 1], "uv": [28, 0]},
						{"origin": [9, 24, 2], "size": [1, 1, 1], "uv": [4, 2]},
						{"origin": [9, 25, 2], "size": [1, 1, 1], "uv": [4, 2]},
						{"origin": [10, 26, 2], "size": [1, 1, 1], "uv": [4, 2]},
						{"origin": [11, 28, 2], "size": [1, 1, 1], "uv": [4, 2]},
						{"origin": [5, 18, 2], "size": [1, 1, 1], "uv": [4, 2]},
						{"origin": [3, 14, 2], "size": [1, 1, 1], "uv": [4, 0]},
						{"origin": [4, 14, 2], "size": [1, 1, 1], "uv": [4, 0]},
						{"origin": [4, 15, 2], "size": [1, 1, 1], "uv": [4, 0]},
						{"origin": [3, 15, 2], "size": [1, 1, 1], "uv": [4, 0]},
						{"origin": [5, 15, 2], "size": [1, 1, 1], "uv": [4, 0]},
						{"origin": [5, 16, 2], "size": [1, 1, 1], "uv": [4, 0]},
						{"origin": [4, 16, 2], "size": [1, 1, 1], "uv": [4, 0]},
						{"origin": [4, 18, 2], "size": [1, 1, 1], "uv": [4, 0]},
						{"origin": [5, 20, 2], "size": [1, 1, 1], "uv": [4, 0]},
						{"origin": [5, 21, 2], "size": [1, 1, 1], "uv": [4, 0]},
						{"origin": [8, 21, 2], "size": [1, 1, 1], "uv": [4, 0]},
						{"origin": [7, 21, 2], "size": [1, 1, 1], "uv": [4, 0]},
						{"origin": [7, 19, 2], "size": [1, 1, 1], "uv": [4, 0]},
						{"origin": [6, 19, 2], "size": [1, 1, 1], "uv": [4, 0]},
						{"origin": [8, 18, 2], "size": [1, 1, 1], "uv": [4, 0]},
						{"origin": [9, 17, 2], "size": [1, 1, 1], "uv": [4, 0]},
						{"origin": [9, 16, 2], "size": [1, 1, 1], "uv": [4, 0]},
						{"origin": [9, 15, 2], "size": [1, 1, 1], "uv": [4, 0]},
						{"origin": [10, 15, 2], "size": [1, 1, 1], "uv": [4, 0]},
						{"origin": [11, 15, 2], "size": [1, 1, 1], "uv": [4, 0]},
						{"origin": [12, 15, 2], "size": [1, 1, 1], "uv": [4, 0]},
						{"origin": [9, 14, 2], "size": [1, 1, 1], "uv": [4, 0]},
						{"origin": [8, 14, 2], "size": [1, 1, 1], "uv": [4, 0]},
						{"origin": [7, 14, 2], "size": [1, 1, 1], "uv": [0, 4]},
						{"origin": [6, 18, 2], "size": [1, 1, 1], "uv": [0, 4]},
						{"origin": [7, 13, 2], "size": [1, 1, 1], "uv": [0, 4]},
						{"origin": [5, 13, 2], "size": [1, 1, 1], "uv": [0, 4]},
						{"origin": [5, 12, 2], "size": [1, 1, 1], "uv": [0, 4]},
						{"origin": [4, 11, 2], "size": [1, 1, 1], "uv": [0, 4]},
						{"origin": [4, 10, 2], "size": [1, 1, 1], "uv": [0, 4]},
						{"origin": [3, 12, 2], "size": [1, 1, 1], "uv": [0, 4]},
						{"origin": [6, 8, 2], "size": [1, 1, 1], "uv": [0, 4]},
						{"origin": [5, 9, 2], "size": [1, 1, 1], "uv": [0, 4]},
						{"origin": [7, 22, 2], "size": [1, 1, 1], "uv": [4, 0]},
						{"origin": [7, 23, 2], "size": [1, 1, 1], "uv": [4, 0]},
						{"origin": [7, 24, 2], "size": [1, 1, 1], "uv": [4, 0]},
						{"origin": [8, 24, 2], "size": [1, 1, 1], "uv": [4, 0]},
						{"origin": [8, 25, 2], "size": [1, 1, 1], "uv": [4, 0]},
						{"origin": [8, 26, 2], "size": [1, 1, 1], "uv": [4, 0]},
						{"origin": [9, 26, 2], "size": [1, 1, 1], "uv": [4, 0]},
						{"origin": [9, 27, 2], "size": [1, 1, 1], "uv": [4, 0]},
						{"origin": [10, 27, 2], "size": [1, 1, 1], "uv": [4, 0]},
						{"origin": [10, 28, 2], "size": [1, 1, 1], "uv": [4, 0]},
						{"origin": [7, 25, 2], "size": [1, 1, 1], "uv": [4, 0]},
						{"origin": [9, 20, 2], "size": [1, 1, 1], "uv": [4, 0]},
						{"origin": [5, 22, 2], "size": [1, 1, 1], "uv": [4, 0]},
						{"origin": [6, 23, 2], "size": [1, 1, 1], "uv": [4, 0]}
					]
				},
				{
					"name": "Wings2",
					"parent": "body",
					"pivot": [0, 2, 6],
					"rotation": [0, -177.5, 0],
					"cubes": [
						{"origin": [2, 21, 9], "size": [1, 1, 1], "uv": [0, 0]},
						{"origin": [3, 21, 9], "size": [1, 1, 1], "uv": [0, 2]},
						{"origin": [4, 21, 9], "size": [1, 1, 1], "uv": [0, 2]},
						{"origin": [4, 22, 9], "size": [1, 1, 1], "uv": [0, 2]},
						{"origin": [6, 22, 9], "size": [1, 1, 1], "uv": [0, 2]},
						{"origin": [6, 24, 9], "size": [1, 1, 1], "uv": [0, 2]},
						{"origin": [6, 25, 9], "size": [1, 1, 1], "uv": [0, 2]},
						{"origin": [7, 26, 9], "size": [1, 1, 1], "uv": [0, 2]},
						{"origin": [8, 27, 9], "size": [1, 1, 1], "uv": [0, 2]},
						{"origin": [5, 25, 9], "size": [1, 1, 1], "uv": [0, 2]},
						{"origin": [5, 26, 9], "size": [1, 1, 1], "uv": [0, 4]},
						{"origin": [6, 26, 9], "size": [1, 1, 1], "uv": [0, 4]},
						{"origin": [7, 27, 9], "size": [1, 1, 1], "uv": [0, 4]},
						{"origin": [8, 28, 9], "size": [1, 1, 1], "uv": [0, 4]},
						{"origin": [9, 28, 9], "size": [1, 1, 1], "uv": [0, 4]},
						{"origin": [10, 29, 9], "size": [1, 1, 1], "uv": [0, 4]},
						{"origin": [11, 29, 9], "size": [1, 1, 1], "uv": [4, 6]},
						{"origin": [12, 29, 9], "size": [1, 1, 1], "uv": [32, 0]},
						{"origin": [13, 29, 9], "size": [1, 1, 1], "uv": [0, 6]},
						{"origin": [13, 30, 9], "size": [1, 1, 1], "uv": [0, 6]},
						{"origin": [12, 30, 9], "size": [1, 1, 1], "uv": [0, 6]},
						{"origin": [13, 31, 9], "size": [1, 1, 1], "uv": [0, 6]},
						{"origin": [13, 21, 9], "size": [1, 1, 1], "uv": [0, 6]},
						{"origin": [12, 19, 9], "size": [1, 1, 1], "uv": [0, 6]},
						{"origin": [13, 16, 9], "size": [1, 1, 1], "uv": [0, 6]},
						{"origin": [14, 19, 9], "size": [1, 1, 1], "uv": [0, 6]},
						{"origin": [14, 20, 9], "size": [1, 1, 1], "uv": [0, 6]},
						{"origin": [15, 21, 9], "size": [1, 1, 1], "uv": [0, 6]},
						{"origin": [13, 18, 9], "size": [1, 1, 1], "uv": [0, 6]},
						{"origin": [13, 17, 9], "size": [1, 1, 1], "uv": [0, 6]},
						{"origin": [12, 28, 9], "size": [1, 1, 1], "uv": [32, 0]},
						{"origin": [13, 27, 9], "size": [1, 1, 1], "uv": [36, 0]},
						{"origin": [13, 26, 9], "size": [1, 1, 1], "uv": [36, 0]},
						{"origin": [13, 25, 9], "size": [1, 1, 1], "uv": [36, 0]},
						{"origin": [13, 14, 9], "size": [1, 1, 1], "uv": [36, 0]},
						{"origin": [12, 25, 9], "size": [1, 1, 1], "uv": [36, 0]},
						{"origin": [12, 24, 9], "size": [1, 1, 1], "uv": [36, 0]},
						{"origin": [13, 24, 9], "size": [1, 1, 1], "uv": [0, 6]},
						{"origin": [13, 23, 9], "size": [1, 1, 1], "uv": [0, 6]},
						{"origin": [12, 22, 9], "size": [1, 1, 1], "uv": [0, 6]},
						{"origin": [12, 21, 9], "size": [1, 1, 1], "uv": [0, 6]},
						{"origin": [12, 20, 9], "size": [1, 1, 1], "uv": [0, 6]},
						{"origin": [11, 19, 9], "size": [1, 1, 1], "uv": [0, 6]},
						{"origin": [15, 13, 9], "size": [1, 1, 1], "uv": [0, 6]},
						{"origin": [14, 13, 9], "size": [1, 1, 1], "uv": [0, 6]},
						{"origin": [13, 12, 9], "size": [1, 1, 1], "uv": [0, 6]},
						{"origin": [12, 11, 9], "size": [1, 1, 1], "uv": [0, 6]},
						{"origin": [11, 11, 9], "size": [1, 1, 1], "uv": [0, 6]},
						{"origin": [11, 9, 9], "size": [1, 1, 1], "uv": [0, 6]},
						{"origin": [12, 8, 9], "size": [1, 1, 1], "uv": [0, 6]},
						{"origin": [13, 7, 9], "size": [1, 1, 1], "uv": [0, 6]},
						{"origin": [12, 9, 9], "size": [1, 1, 1], "uv": [32, 0]},
						{"origin": [13, 8, 9], "size": [1, 1, 1], "uv": [32, 0]},
						{"origin": [14, 7, 9], "size": [1, 1, 1], "uv": [32, 0]},
						{"origin": [12, 7, 9], "size": [1, 1, 1], "uv": [32, 0]},
						{"origin": [11, 7, 9], "size": [1, 1, 1], "uv": [32, 0]},
						{"origin": [14, 6, 9], "size": [1, 1, 1], "uv": [32, 0]},
						{"origin": [15, 6, 9], "size": [1, 1, 1], "uv": [32, 0]},
						{"origin": [13, 10, 9], "size": [1, 1, 1], "uv": [32, 0]},
						{"origin": [11, 18, 9], "size": [1, 1, 1], "uv": [0, 6]},
						{"origin": [14, 27, 9], "size": [1, 1, 1], "uv": [0, 6]},
						{"origin": [12, 23, 9], "size": [1, 1, 1], "uv": [36, 0]},
						{"origin": [11, 6, 9], "size": [1, 1, 1], "uv": [0, 6]},
						{"origin": [12, 5, 9], "size": [1, 1, 1], "uv": [0, 6]},
						{"origin": [13, 4, 9], "size": [1, 1, 1], "uv": [0, 6]},
						{"origin": [11, 22, 9], "size": [1, 1, 1], "uv": [36, 0]},
						{"origin": [10, 22, 9], "size": [1, 1, 1], "uv": [36, 0]},
						{"origin": [11, 21, 9], "size": [1, 1, 1], "uv": [36, 0]},
						{"origin": [11, 4, 9], "size": [1, 1, 1], "uv": [36, 0]},
						{"origin": [11, 3, 9], "size": [1, 1, 1], "uv": [36, 2]},
						{"origin": [12, 3, 9], "size": [1, 1, 1], "uv": [36, 2]},
						{"origin": [14, 2, 9], "size": [1, 1, 1], "uv": [36, 2]},
						{"origin": [15, 2, 9], "size": [1, 1, 1], "uv": [36, 2]},
						{"origin": [16, 1, 9], "size": [1, 1, 1], "uv": [36, 2]},
						{"origin": [17, 0, 9], "size": [1, 1, 1], "uv": [36, 2]},
						{"origin": [18, 0, 9], "size": [1, 1, 1], "uv": [36, 2]},
						{"origin": [19, 0, 9], "size": [1, 1, 1], "uv": [36, 2]},
						{"origin": [19, 1, 9], "size": [1, 1, 1], "uv": [36, 2]},
						{"origin": [18, 2, 9], "size": [1, 1, 1], "uv": [36, 2]},
						{"origin": [17, 3, 9], "size": [1, 1, 1], "uv": [36, 2]},
						{"origin": [17, 4, 9], "size": [1, 1, 1], "uv": [36, 2]},
						{"origin": [17, 5, 9], "size": [1, 1, 1], "uv": [36, 2]},
						{"origin": [16, 6, 9], "size": [1, 1, 1], "uv": [36, 2]},
						{"origin": [16, 7, 9], "size": [1, 1, 1], "uv": [36, 2]},
						{"origin": [16, 8, 9], "size": [1, 1, 1], "uv": [36, 2]},
						{"origin": [15, 9, 9], "size": [1, 1, 1], "uv": [36, 2]},
						{"origin": [14, 10, 9], "size": [1, 1, 1], "uv": [36, 2]},
						{"origin": [15, 11, 9], "size": [1, 1, 1], "uv": [36, 2]},
						{"origin": [15, 11, 9], "size": [1, 1, 1], "uv": [36, 2]},
						{"origin": [16, 11, 9], "size": [1, 1, 1], "uv": [36, 2]},
						{"origin": [17, 12, 9], "size": [1, 1, 1], "uv": [36, 2]},
						{"origin": [18, 12, 9], "size": [1, 1, 1], "uv": [36, 2]},
						{"origin": [19, 13, 9], "size": [1, 1, 1], "uv": [36, 2]},
						{"origin": [20, 13, 9], "size": [1, 1, 1], "uv": [36, 2]},
						{"origin": [21, 13, 9], "size": [1, 1, 1], "uv": [36, 2]},
						{"origin": [22, 14, 9], "size": [1, 1, 1], "uv": [36, 2]},
						{"origin": [23, 14, 9], "size": [1, 1, 1], "uv": [36, 2]},
						{"origin": [24, 15, 9], "size": [1, 1, 1], "uv": [36, 2]},
						{"origin": [22, 16, 9], "size": [1, 1, 1], "uv": [36, 2]},
						{"origin": [21, 16, 9], "size": [1, 1, 1], "uv": [36, 2]},
						{"origin": [20, 16, 9], "size": [1, 1, 1], "uv": [36, 2]},
						{"origin": [19, 17, 9], "size": [1, 1, 1], "uv": [36, 2]},
						{"origin": [18, 17, 9], "size": [1, 1, 1], "uv": [36, 2]},
						{"origin": [17, 17, 9], "size": [1, 1, 1], "uv": [36, 2]},
						{"origin": [16, 18, 9], "size": [1, 1, 1], "uv": [36, 2]},
						{"origin": [17, 20, 9], "size": [1, 1, 1], "uv": [36, 2]},
						{"origin": [17, 21, 9], "size": [1, 1, 1], "uv": [36, 2]},
						{"origin": [18, 22, 9], "size": [1, 1, 1], "uv": [36, 2]},
						{"origin": [19, 23, 9], "size": [1, 1, 1], "uv": [36, 2]},
						{"origin": [19, 24, 9], "size": [1, 1, 1], "uv": [36, 2]},
						{"origin": [20, 25, 9], "size": [1, 1, 1], "uv": [36, 2]},
						{"origin": [20, 26, 9], "size": [1, 1, 1], "uv": [36, 2]},
						{"origin": [21, 27, 9], "size": [1, 1, 1], "uv": [36, 2]},
						{"origin": [21, 28, 9], "size": [1, 1, 1], "uv": [36, 2]},
						{"origin": [22, 29, 9], "size": [1, 1, 1], "uv": [36, 2]},
						{"origin": [22, 30, 9], "size": [1, 1, 1], "uv": [36, 2]},
						{"origin": [22, 31, 9], "size": [1, 1, 1], "uv": [36, 2]},
						{"origin": [21, 31, 9], "size": [1, 1, 1], "uv": [36, 2]},
						{"origin": [20, 30, 9], "size": [1, 1, 1], "uv": [36, 2]},
						{"origin": [21, 30, 9], "size": [1, 1, 1], "uv": [32, 2]},
						{"origin": [21, 29, 9], "size": [1, 1, 1], "uv": [32, 2]},
						{"origin": [20, 29, 9], "size": [1, 1, 1], "uv": [32, 2]},
						{"origin": [20, 28, 9], "size": [1, 1, 1], "uv": [32, 2]},
						{"origin": [20, 27, 9], "size": [1, 1, 1], "uv": [32, 2]},
						{"origin": [19, 27, 9], "size": [1, 1, 1], "uv": [32, 2]},
						{"origin": [19, 28, 9], "size": [1, 1, 1], "uv": [32, 2]},
						{"origin": [19, 26, 9], "size": [1, 1, 1], "uv": [32, 2]},
						{"origin": [19, 25, 9], "size": [1, 1, 1], "uv": [32, 2]},
						{"origin": [18, 25, 9], "size": [1, 1, 1], "uv": [32, 2]},
						{"origin": [18, 26, 9], "size": [1, 1, 1], "uv": [32, 2]},
						{"origin": [18, 27, 9], "size": [1, 1, 1], "uv": [32, 2]},
						{"origin": [18, 24, 9], "size": [1, 1, 1], "uv": [32, 2]},
						{"origin": [18, 23, 9], "size": [1, 1, 1], "uv": [32, 2]},
						{"origin": [17, 23, 9], "size": [1, 1, 1], "uv": [32, 2]},
						{"origin": [17, 22, 9], "size": [1, 1, 1], "uv": [32, 2]},
						{"origin": [17, 24, 9], "size": [1, 1, 1], "uv": [32, 2]},
						{"origin": [17, 25, 9], "size": [1, 1, 1], "uv": [32, 2]},
						{"origin": [17, 26, 9], "size": [1, 1, 1], "uv": [32, 2]},
						{"origin": [16, 25, 9], "size": [1, 1, 1], "uv": [32, 2]},
						{"origin": [16, 24, 9], "size": [1, 1, 1], "uv": [32, 2]},
						{"origin": [16, 23, 9], "size": [1, 1, 1], "uv": [32, 2]},
						{"origin": [16, 22, 9], "size": [1, 1, 1], "uv": [32, 2]},
						{"origin": [16, 21, 9], "size": [1, 1, 1], "uv": [32, 2]},
						{"origin": [16, 20, 9], "size": [1, 1, 1], "uv": [32, 2]},
						{"origin": [16, 19, 9], "size": [1, 1, 1], "uv": [32, 2]},
						{"origin": [15, 19, 9], "size": [1, 1, 1], "uv": [32, 2]},
						{"origin": [15, 17, 9], "size": [1, 1, 1], "uv": [32, 2]},
						{"origin": [14, 17, 9], "size": [1, 1, 1], "uv": [32, 2]},
						{"origin": [16, 17, 9], "size": [1, 1, 1], "uv": [32, 2]},
						{"origin": [14, 15, 9], "size": [1, 1, 1], "uv": [32, 2]},
						{"origin": [14, 16, 9], "size": [1, 1, 1], "uv": [32, 2]},
						{"origin": [14, 14, 9], "size": [1, 1, 1], "uv": [32, 2]},
						{"origin": [15, 14, 9], "size": [1, 1, 1], "uv": [32, 2]},
						{"origin": [15, 15, 9], "size": [1, 1, 1], "uv": [32, 2]},
						{"origin": [15, 16, 9], "size": [1, 1, 1], "uv": [32, 2]},
						{"origin": [16, 16, 9], "size": [1, 1, 1], "uv": [32, 2]},
						{"origin": [16, 15, 9], "size": [1, 1, 1], "uv": [32, 2]},
						{"origin": [17, 16, 9], "size": [1, 1, 1], "uv": [32, 2]},
						{"origin": [18, 16, 9], "size": [1, 1, 1], "uv": [32, 2]},
						{"origin": [19, 16, 9], "size": [1, 1, 1], "uv": [32, 2]},
						{"origin": [19, 15, 9], "size": [1, 1, 1], "uv": [32, 2]},
						{"origin": [19, 14, 9], "size": [1, 1, 1], "uv": [32, 2]},
						{"origin": [18, 14, 9], "size": [1, 1, 1], "uv": [32, 2]},
						{"origin": [18, 15, 9], "size": [1, 1, 1], "uv": [32, 2]},
						{"origin": [18, 13, 9], "size": [1, 1, 1], "uv": [32, 2]},
						{"origin": [17, 13, 9], "size": [1, 1, 1], "uv": [32, 2]},
						{"origin": [17, 15, 9], "size": [1, 1, 1], "uv": [32, 2]},
						{"origin": [20, 15, 9], "size": [1, 1, 1], "uv": [32, 2]},
						{"origin": [21, 15, 9], "size": [1, 1, 1], "uv": [32, 2]},
						{"origin": [22, 15, 9], "size": [1, 1, 1], "uv": [32, 2]},
						{"origin": [23, 15, 9], "size": [1, 1, 1], "uv": [32, 2]},
						{"origin": [21, 14, 9], "size": [1, 1, 1], "uv": [32, 2]},
						{"origin": [20, 14, 9], "size": [1, 1, 1], "uv": [32, 2]},
						{"origin": [17, 14, 9], "size": [1, 1, 1], "uv": [32, 2]},
						{"origin": [16, 14, 9], "size": [1, 1, 1], "uv": [32, 2]},
						{"origin": [16, 12, 9], "size": [1, 1, 1], "uv": [32, 2]},
						{"origin": [16, 13, 9], "size": [1, 1, 1], "uv": [32, 2]},
						{"origin": [15, 12, 9], "size": [1, 1, 1], "uv": [32, 2]},
						{"origin": [14, 12, 9], "size": [1, 1, 1], "uv": [32, 2]},
						{"origin": [14, 11, 9], "size": [1, 1, 1], "uv": [32, 2]},
						{"origin": [13, 11, 9], "size": [1, 1, 1], "uv": [32, 2]},
						{"origin": [13, 9, 9], "size": [1, 1, 1], "uv": [32, 2]},
						{"origin": [14, 9, 9], "size": [1, 1, 1], "uv": [32, 2]},
						{"origin": [14, 8, 9], "size": [1, 1, 1], "uv": [32, 2]},
						{"origin": [15, 8, 9], "size": [1, 1, 1], "uv": [32, 2]},
						{"origin": [15, 7, 9], "size": [1, 1, 1], "uv": [32, 2]},
						{"origin": [15, 5, 9], "size": [1, 1, 1], "uv": [32, 2]},
						{"origin": [16, 5, 9], "size": [1, 1, 1], "uv": [32, 2]},
						{"origin": [16, 3, 9], "size": [1, 1, 1], "uv": [32, 2]},
						{"origin": [16, 4, 9], "size": [1, 1, 1], "uv": [32, 2]},
						{"origin": [16, 2, 9], "size": [1, 1, 1], "uv": [32, 2]},
						{"origin": [17, 2, 9], "size": [1, 1, 1], "uv": [32, 2]},
						{"origin": [17, 1, 9], "size": [1, 1, 1], "uv": [32, 2]},
						{"origin": [18, 1, 9], "size": [1, 1, 1], "uv": [32, 2]},
						{"origin": [15, 3, 9], "size": [1, 1, 1], "uv": [32, 2]},
						{"origin": [15, 4, 9], "size": [1, 1, 1], "uv": [32, 2]},
						{"origin": [14, 4, 9], "size": [1, 1, 1], "uv": [32, 2]},
						{"origin": [14, 5, 9], "size": [1, 1, 1], "uv": [32, 2]},
						{"origin": [14, 3, 9], "size": [1, 1, 1], "uv": [32, 2]},
						{"origin": [13, 3, 9], "size": [1, 1, 1], "uv": [32, 2]},
						{"origin": [13, 5, 9], "size": [1, 1, 1], "uv": [32, 2]},
						{"origin": [13, 6, 9], "size": [1, 1, 1], "uv": [32, 2]},
						{"origin": [12, 6, 9], "size": [1, 1, 1], "uv": [32, 2]},
						{"origin": [15, 20, 9], "size": [1, 1, 1], "uv": [32, 2]},
						{"origin": [15, 22, 9], "size": [1, 1, 1], "uv": [32, 2]},
						{"origin": [15, 23, 9], "size": [1, 1, 1], "uv": [32, 2]},
						{"origin": [15, 24, 9], "size": [1, 1, 1], "uv": [32, 2]},
						{"origin": [14, 23, 9], "size": [1, 1, 1], "uv": [32, 2]},
						{"origin": [14, 22, 9], "size": [1, 1, 1], "uv": [32, 2]},
						{"origin": [13, 22, 9], "size": [1, 1, 1], "uv": [32, 2]},
						{"origin": [19, 29, 9], "size": [1, 1, 1], "uv": [36, 2]},
						{"origin": [18, 28, 9], "size": [1, 1, 1], "uv": [36, 2]},
						{"origin": [17, 27, 9], "size": [1, 1, 1], "uv": [36, 2]},
						{"origin": [16, 26, 9], "size": [1, 1, 1], "uv": [36, 2]},
						{"origin": [15, 25, 9], "size": [1, 1, 1], "uv": [36, 2]},
						{"origin": [14, 24, 9], "size": [1, 1, 1], "uv": [36, 2]},
						{"origin": [15, 18, 9], "size": [1, 1, 1], "uv": [36, 2]},
						{"origin": [14, 18, 9], "size": [1, 1, 1], "uv": [36, 2]},
						{"origin": [12, 4, 9], "size": [1, 1, 1], "uv": [36, 0]},
						{"origin": [10, 5, 9], "size": [1, 1, 1], "uv": [36, 0]},
						{"origin": [9, 5, 9], "size": [1, 1, 1], "uv": [36, 0]},
						{"origin": [8, 6, 9], "size": [1, 1, 1], "uv": [36, 0]},
						{"origin": [14, 28, 9], "size": [1, 1, 1], "uv": [36, 0]},
						{"origin": [13, 28, 9], "size": [1, 1, 1], "uv": [4, 6]},
						{"origin": [13, 13, 9], "size": [1, 1, 1], "uv": [4, 6]},
						{"origin": [12, 12, 9], "size": [1, 1, 1], "uv": [4, 6]},
						{"origin": [11, 13, 9], "size": [1, 1, 1], "uv": [4, 6]},
						{"origin": [10, 13, 9], "size": [1, 1, 1], "uv": [4, 6]},
						{"origin": [15, 29, 9], "size": [1, 1, 1], "uv": [4, 6]},
						{"origin": [12, 27, 9], "size": [1, 1, 1], "uv": [4, 6]},
						{"origin": [12, 26, 9], "size": [1, 1, 1], "uv": [4, 6]},
						{"origin": [11, 25, 9], "size": [1, 1, 1], "uv": [4, 6]},
						{"origin": [10, 23, 9], "size": [1, 1, 1], "uv": [4, 6]},
						{"origin": [9, 22, 9], "size": [1, 1, 1], "uv": [4, 6]},
						{"origin": [9, 7, 9], "size": [1, 1, 1], "uv": [4, 6]},
						{"origin": [10, 8, 9], "size": [1, 1, 1], "uv": [4, 6]},
						{"origin": [10, 6, 9], "size": [1, 1, 1], "uv": [4, 6]},
						{"origin": [11, 27, 9], "size": [1, 1, 1], "uv": [32, 0]},
						{"origin": [11, 26, 9], "size": [1, 1, 1], "uv": [32, 0]},
						{"origin": [11, 16, 9], "size": [1, 1, 1], "uv": [32, 0]},
						{"origin": [11, 17, 9], "size": [1, 1, 1], "uv": [32, 0]},
						{"origin": [12, 10, 9], "size": [1, 1, 1], "uv": [28, 0]},
						{"origin": [12, 17, 9], "size": [1, 1, 1], "uv": [32, 0]},
						{"origin": [12, 16, 9], "size": [1, 1, 1], "uv": [32, 0]},
						{"origin": [12, 18, 9], "size": [1, 1, 1], "uv": [32, 0]},
						{"origin": [13, 19, 9], "size": [1, 1, 1], "uv": [32, 0]},
						{"origin": [13, 20, 9], "size": [1, 1, 1], "uv": [32, 0]},
						{"origin": [14, 21, 9], "size": [1, 1, 1], "uv": [32, 0]},
						{"origin": [5, 24, 9], "size": [1, 1, 1], "uv": [0, 2]},
						{"origin": [5, 23, 9], "size": [1, 1, 1], "uv": [0, 2]},
						{"origin": [4, 20, 9], "size": [1, 1, 1], "uv": [0, 2]},
						{"origin": [4, 19, 9], "size": [1, 1, 1], "uv": [0, 2]},
						{"origin": [9, 19, 9], "size": [1, 1, 1], "uv": [0, 2]},
						{"origin": [9, 18, 9], "size": [1, 1, 1], "uv": [0, 2]},
						{"origin": [8, 20, 9], "size": [1, 1, 1], "uv": [0, 2]},
						{"origin": [7, 18, 9], "size": [1, 1, 1], "uv": [0, 2]},
						{"origin": [7, 17, 9], "size": [1, 1, 1], "uv": [0, 2]},
						{"origin": [7, 16, 9], "size": [1, 1, 1], "uv": [0, 2]},
						{"origin": [6, 17, 9], "size": [1, 1, 1], "uv": [0, 2]},
						{"origin": [6, 12, 9], "size": [1, 1, 1], "uv": [0, 2]},
						{"origin": [3, 19, 9], "size": [1, 1, 1], "uv": [0, 2]},
						{"origin": [3, 20, 9], "size": [1, 1, 1], "uv": [0, 2]},
						{"origin": [3, 18, 9], "size": [1, 1, 1], "uv": [0, 2]},
						{"origin": [3, 17, 9], "size": [1, 1, 1], "uv": [0, 2]},
						{"origin": [4, 17, 9], "size": [1, 1, 1], "uv": [0, 2]},
						{"origin": [3, 16, 9], "size": [1, 1, 1], "uv": [0, 2]},
						{"origin": [6, 9, 9], "size": [1, 1, 1], "uv": [0, 2]},
						{"origin": [7, 9, 9], "size": [1, 1, 1], "uv": [0, 2]},
						{"origin": [3, 22, 9], "size": [1, 1, 1], "uv": [0, 0]},
						{"origin": [4, 23, 9], "size": [1, 1, 1], "uv": [0, 0]},
						{"origin": [4, 24, 9], "size": [1, 1, 1], "uv": [0, 0]},
						{"origin": [2, 20, 9], "size": [1, 1, 1], "uv": [0, 0]},
						{"origin": [2, 19, 9], "size": [1, 1, 1], "uv": [0, 0]},
						{"origin": [2, 18, 9], "size": [1, 1, 1], "uv": [0, 0]},
						{"origin": [2, 17, 9], "size": [1, 1, 1], "uv": [0, 0]},
						{"origin": [2, 16, 9], "size": [1, 1, 1], "uv": [0, 0]},
						{"origin": [2, 15, 9], "size": [1, 1, 1], "uv": [0, 0]},
						{"origin": [2, 14, 9], "size": [1, 1, 1], "uv": [4, 0]},
						{"origin": [2, 12, 9], "size": [1, 1, 1], "uv": [4, 0]},
						{"origin": [2, 11, 9], "size": [1, 1, 1], "uv": [4, 0]},
						{"origin": [3, 10, 9], "size": [1, 1, 1], "uv": [4, 0]},
						{"origin": [4, 9, 9], "size": [1, 1, 1], "uv": [4, 0]},
						{"origin": [3, 9, 9], "size": [1, 1, 1], "uv": [0, 4]},
						{"origin": [7, 8, 9], "size": [1, 1, 1], "uv": [4, 0]},
						{"origin": [8, 8, 9], "size": [1, 1, 1], "uv": [4, 0]},
						{"origin": [8, 9, 9], "size": [1, 1, 1], "uv": [4, 0]},
						{"origin": [9, 9, 9], "size": [1, 1, 1], "uv": [4, 0]},
						{"origin": [9, 10, 9], "size": [1, 1, 1], "uv": [4, 0]},
						{"origin": [9, 11, 9], "size": [1, 1, 1], "uv": [4, 0]},
						{"origin": [7, 11, 9], "size": [1, 1, 1], "uv": [4, 0]},
						{"origin": [7, 10, 9], "size": [1, 1, 1], "uv": [4, 0]},
						{"origin": [5, 10, 9], "size": [1, 1, 1], "uv": [4, 0]},
						{"origin": [5, 6, 9], "size": [1, 1, 1], "uv": [4, 0]},
						{"origin": [6, 10, 9], "size": [1, 1, 1], "uv": [4, 0]},
						{"origin": [5, 8, 9], "size": [1, 1, 1], "uv": [4, 2]},
						{"origin": [5, 7, 9], "size": [1, 1, 1], "uv": [4, 2]},
						{"origin": [6, 7, 9], "size": [1, 1, 1], "uv": [4, 2]},
						{"origin": [7, 7, 9], "size": [1, 1, 1], "uv": [4, 2]},
						{"origin": [8, 7, 9], "size": [1, 1, 1], "uv": [4, 2]},
						{"origin": [9, 8, 9], "size": [1, 1, 1], "uv": [4, 2]},
						{"origin": [10, 9, 9], "size": [1, 1, 1], "uv": [4, 2]},
						{"origin": [10, 10, 9], "size": [1, 1, 1], "uv": [4, 2]},
						{"origin": [10, 11, 9], "size": [1, 1, 1], "uv": [4, 2]},
						{"origin": [9, 12, 9], "size": [1, 1, 1], "uv": [4, 2]},
						{"origin": [9, 13, 9], "size": [1, 1, 1], "uv": [4, 2]},
						{"origin": [10, 14, 9], "size": [1, 1, 1], "uv": [4, 2]},
						{"origin": [11, 14, 9], "size": [1, 1, 1], "uv": [4, 2]},
						{"origin": [12, 14, 9], "size": [1, 1, 1], "uv": [4, 2]},
						{"origin": [13, 15, 9], "size": [1, 1, 1], "uv": [4, 2]},
						{"origin": [8, 13, 9], "size": [1, 1, 1], "uv": [4, 2]},
						{"origin": [8, 15, 9], "size": [1, 1, 1], "uv": [4, 2]},
						{"origin": [8, 16, 9], "size": [1, 1, 1], "uv": [4, 2]},
						{"origin": [8, 17, 9], "size": [1, 1, 1], "uv": [4, 2]},
						{"origin": [10, 17, 9], "size": [1, 1, 1], "uv": [4, 2]},
						{"origin": [10, 16, 9], "size": [1, 1, 1], "uv": [4, 2]},
						{"origin": [10, 18, 9], "size": [1, 1, 1], "uv": [4, 2]},
						{"origin": [10, 19, 9], "size": [1, 1, 1], "uv": [4, 2]},
						{"origin": [8, 12, 9], "size": [1, 1, 1], "uv": [4, 2]},
						{"origin": [8, 11, 9], "size": [1, 1, 1], "uv": [4, 2]},
						{"origin": [8, 10, 9], "size": [1, 1, 1], "uv": [4, 2]},
						{"origin": [7, 12, 9], "size": [1, 1, 1], "uv": [4, 2]},
						{"origin": [6, 11, 9], "size": [1, 1, 1], "uv": [4, 2]},
						{"origin": [5, 11, 9], "size": [1, 1, 1], "uv": [4, 2]},
						{"origin": [2, 13, 9], "size": [1, 1, 1], "uv": [4, 2]},
						{"origin": [3, 13, 9], "size": [1, 1, 1], "uv": [4, 2]},
						{"origin": [4, 13, 9], "size": [1, 1, 1], "uv": [4, 2]},
						{"origin": [5, 14, 9], "size": [1, 1, 1], "uv": [4, 2]},
						{"origin": [6, 15, 9], "size": [1, 1, 1], "uv": [4, 2]},
						{"origin": [6, 16, 9], "size": [1, 1, 1], "uv": [4, 2]},
						{"origin": [5, 17, 9], "size": [1, 1, 1], "uv": [4, 2]},
						{"origin": [5, 19, 9], "size": [1, 1, 1], "uv": [4, 2]},
						{"origin": [6, 20, 9], "size": [1, 1, 1], "uv": [4, 2]},
						{"origin": [7, 20, 9], "size": [1, 1, 1], "uv": [4, 4]},
						{"origin": [8, 19, 9], "size": [1, 1, 1], "uv": [4, 4]},
						{"origin": [7, 15, 9], "size": [1, 1, 1], "uv": [4, 4]},
						{"origin": [6, 14, 9], "size": [1, 1, 1], "uv": [4, 4]},
						{"origin": [6, 13, 9], "size": [1, 1, 1], "uv": [3, 4]},
						{"origin": [4, 12, 9], "size": [1, 1, 1], "uv": [3, 4]},
						{"origin": [3, 11, 9], "size": [1, 1, 1], "uv": [3, 4]},
						{"origin": [4, 8, 9], "size": [1, 1, 1], "uv": [0, 4]},
						{"origin": [4, 7, 9], "size": [1, 1, 1], "uv": [0, 4]},
						{"origin": [6, 21, 9], "size": [1, 1, 1], "uv": [4, 2]},
						{"origin": [8, 22, 9], "size": [1, 1, 1], "uv": [4, 2]},
						{"origin": [8, 23, 9], "size": [1, 1, 1], "uv": [4, 2]},
						{"origin": [9, 23, 9], "size": [1, 1, 1], "uv": [28, 0]},
						{"origin": [10, 24, 9], "size": [1, 1, 1], "uv": [28, 0]},
						{"origin": [11, 24, 9], "size": [1, 1, 1], "uv": [24, 0]},
						{"origin": [11, 23, 9], "size": [1, 1, 1], "uv": [24, 0]},
						{"origin": [10, 20, 9], "size": [1, 1, 1], "uv": [24, 0]},
						{"origin": [10, 21, 9], "size": [1, 1, 1], "uv": [24, 0]},
						{"origin": [9, 21, 9], "size": [1, 1, 1], "uv": [24, 0]},
						{"origin": [12, 13, 9], "size": [1, 1, 1], "uv": [24, 0]},
						{"origin": [11, 12, 9], "size": [1, 1, 1], "uv": [24, 0]},
						{"origin": [10, 12, 9], "size": [1, 1, 1], "uv": [24, 0]},
						{"origin": [11, 8, 9], "size": [1, 1, 1], "uv": [24, 0]},
						{"origin": [11, 5, 9], "size": [1, 1, 1], "uv": [24, 0]},
						{"origin": [9, 6, 9], "size": [1, 1, 1], "uv": [24, 0]},
						{"origin": [10, 7, 9], "size": [1, 1, 1], "uv": [24, 0]},
						{"origin": [11, 20, 9], "size": [1, 1, 1], "uv": [24, 0]},
						{"origin": [11, 10, 9], "size": [1, 1, 1], "uv": [28, 0]},
						{"origin": [10, 25, 9], "size": [1, 1, 1], "uv": [28, 0]},
						{"origin": [9, 24, 9], "size": [1, 1, 1], "uv": [4, 2]},
						{"origin": [9, 25, 9], "size": [1, 1, 1], "uv": [4, 2]},
						{"origin": [10, 26, 9], "size": [1, 1, 1], "uv": [4, 2]},
						{"origin": [11, 28, 9], "size": [1, 1, 1], "uv": [4, 2]},
						{"origin": [5, 18, 9], "size": [1, 1, 1], "uv": [4, 2]},
						{"origin": [3, 14, 9], "size": [1, 1, 1], "uv": [4, 0]},
						{"origin": [4, 14, 9], "size": [1, 1, 1], "uv": [4, 0]},
						{"origin": [4, 15, 9], "size": [1, 1, 1], "uv": [4, 0]},
						{"origin": [3, 15, 9], "size": [1, 1, 1], "uv": [4, 0]},
						{"origin": [5, 15, 9], "size": [1, 1, 1], "uv": [4, 0]},
						{"origin": [5, 16, 9], "size": [1, 1, 1], "uv": [4, 0]},
						{"origin": [4, 16, 9], "size": [1, 1, 1], "uv": [4, 0]},
						{"origin": [4, 18, 9], "size": [1, 1, 1], "uv": [4, 0]},
						{"origin": [5, 20, 9], "size": [1, 1, 1], "uv": [4, 0]},
						{"origin": [5, 21, 9], "size": [1, 1, 1], "uv": [4, 0]},
						{"origin": [8, 21, 9], "size": [1, 1, 1], "uv": [4, 0]},
						{"origin": [7, 21, 9], "size": [1, 1, 1], "uv": [4, 0]},
						{"origin": [7, 19, 9], "size": [1, 1, 1], "uv": [4, 0]},
						{"origin": [6, 19, 9], "size": [1, 1, 1], "uv": [4, 0]},
						{"origin": [8, 18, 9], "size": [1, 1, 1], "uv": [4, 0]},
						{"origin": [9, 17, 9], "size": [1, 1, 1], "uv": [4, 0]},
						{"origin": [9, 16, 9], "size": [1, 1, 1], "uv": [4, 0]},
						{"origin": [9, 15, 9], "size": [1, 1, 1], "uv": [4, 0]},
						{"origin": [10, 15, 9], "size": [1, 1, 1], "uv": [4, 0]},
						{"origin": [11, 15, 9], "size": [1, 1, 1], "uv": [4, 0]},
						{"origin": [12, 15, 9], "size": [1, 1, 1], "uv": [4, 0]},
						{"origin": [9, 14, 9], "size": [1, 1, 1], "uv": [4, 0]},
						{"origin": [8, 14, 9], "size": [1, 1, 1], "uv": [4, 0]},
						{"origin": [7, 14, 9], "size": [1, 1, 1], "uv": [0, 4]},
						{"origin": [6, 18, 9], "size": [1, 1, 1], "uv": [0, 4]},
						{"origin": [7, 13, 9], "size": [1, 1, 1], "uv": [0, 4]},
						{"origin": [5, 13, 9], "size": [1, 1, 1], "uv": [0, 4]},
						{"origin": [5, 12, 9], "size": [1, 1, 1], "uv": [0, 4]},
						{"origin": [4, 11, 9], "size": [1, 1, 1], "uv": [0, 4]},
						{"origin": [4, 10, 9], "size": [1, 1, 1], "uv": [0, 4]},
						{"origin": [3, 12, 9], "size": [1, 1, 1], "uv": [0, 4]},
						{"origin": [6, 8, 9], "size": [1, 1, 1], "uv": [0, 4]},
						{"origin": [5, 9, 9], "size": [1, 1, 1], "uv": [0, 4]},
						{"origin": [7, 22, 9], "size": [1, 1, 1], "uv": [4, 0]},
						{"origin": [7, 23, 9], "size": [1, 1, 1], "uv": [4, 0]},
						{"origin": [7, 24, 9], "size": [1, 1, 1], "uv": [4, 0]},
						{"origin": [8, 24, 9], "size": [1, 1, 1], "uv": [4, 0]},
						{"origin": [8, 25, 9], "size": [1, 1, 1], "uv": [4, 0]},
						{"origin": [8, 26, 9], "size": [1, 1, 1], "uv": [4, 0]},
						{"origin": [9, 26, 9], "size": [1, 1, 1], "uv": [4, 0]},
						{"origin": [9, 27, 9], "size": [1, 1, 1], "uv": [4, 0]},
						{"origin": [10, 27, 9], "size": [1, 1, 1], "uv": [4, 0]},
						{"origin": [10, 28, 9], "size": [1, 1, 1], "uv": [4, 0]},
						{"origin": [7, 25, 9], "size": [1, 1, 1], "uv": [4, 0]},
						{"origin": [9, 20, 9], "size": [1, 1, 1], "uv": [4, 0]},
						{"origin": [5, 22, 9], "size": [1, 1, 1], "uv": [4, 0]},
						{"origin": [6, 23, 9], "size": [1, 1, 1], "uv": [4, 0]}
					]
				},
				{
					"name": "head",
					"parent": "body",
					"pivot": [0, 24, 0],
					"cubes": [
						{"origin": [-4, 24, -4], "size": [8, 8, 8], "uv": [0, 0]}
					]
				},
				{
					"name": "hat",
					"parent": "head",
					"pivot": [0, 24, 0],
					"cubes": [
						{"origin": [-4, 24, -4], "size": [8, 8, 8], "inflate": 0.5, "uv": [32, 0]}
					]
				},
				{
					"name": "leftArm",
					"parent": "body",
					"pivot": [5, 22, 0],
					"cubes": [
						{"origin": [4, 12, -2], "size": [4, 12, 4], "uv": [32, 48]}
					]
				},
				{
					"name": "leftSleeve",
					"parent": "leftArm",
					"pivot": [5, 22, 0],
					"cubes": [
						{"origin": [4, 12, -2], "size": [4, 12, 4], "inflate": 0.25, "uv": [48, 48]}
					]
				},
				{
					"name": "leftItem",
					"parent": "leftArm",
					"pivot": [6, 15, 1]
				},
				{
					"name": "rightArm",
					"parent": "body",
					"pivot": [-5, 22, 0],
					"cubes": [
						{"origin": [-8, 12, -2], "size": [4, 12, 4], "uv": [40, 16]}
					]
				},
				{
					"name": "rightSleeve",
					"parent": "rightArm",
					"pivot": [-5, 22, 0],
					"cubes": [
						{"origin": [-8, 12, -2], "size": [4, 12, 4], "inflate": 0.25, "uv": [40, 32]}
					]
				},
				{
					"name": "rightItem",
					"parent": "rightArm",
					"pivot": [-6, 15, 1],
					"locators": {
						"lead_hold": [-6, 15, 1]
					}
				},
				{
					"name": "jacket",
					"parent": "body",
					"pivot": [0, 24, 0],
					"cubes": [
						{"origin": [-4, 12, -2], "size": [8, 12, 4], "inflate": 0.25, "uv": [16, 32]}
					]
				},
				{
					"name": "cape",
					"parent": "body",
					"pivot": [0, 2, -2],
					"rotation": [-50, 0, -180]
				},
				{
					"name": "leftLeg",
					"parent": "root",
					"pivot": [1.9, 12, 0],
					"cubes": [
						{"origin": [-0.1, 0, -2], "size": [4, 12, 4], "uv": [16, 48]}
					]
				},
				{
					"name": "leftPants",
					"parent": "leftLeg",
					"pivot": [1.9, 12, 0],
					"cubes": [
						{"origin": [-0.1, 0, -2], "size": [4, 12, 4], "inflate": 0.25, "uv": [0, 48]}
					]
				},
				{
					"name": "rightLeg",
					"parent": "root",
					"pivot": [-1.9, 12, 0],
					"cubes": [
						{"origin": [-3.9, 0, -2], "size": [4, 12, 4], "uv": [0, 16]}
					]
				},
				{
					"name": "rightPants",
					"parent": "rightLeg",
					"pivot": [-1.9, 12, 0],
					"cubes": [
						{"origin": [-3.9, 0, -2], "size": [4, 12, 4], "inflate": 0.25, "uv": [0, 32]}
					]
				}
			]
		}
	]
}